-- SET SQL_MODE=@OLD_SQL_MODE;
-- SET FOREIGN_KEY_CHECKS=@OLD_FOREIGN_KEY_CHECKS;
-- SET UNIQUE_CHECKS=@OLD_UNIQUE_CHECKS;

-- -----------------------------------------------------
-- Data for table T_UF
-- -----------------------------------------------------
START TRANSACTION;
INSERT INTO T_UF (TUF_Sigla, TUF_Nome) VALUES ('AC', 'Acre');
INSERT INTO T_UF (TUF_Sigla, TUF_Nome) VALUES ('AL', 'Alagoas');
INSERT INTO T_UF (TUF_Sigla, TUF_Nome) VALUES ('AM', 'Amazonas');
INSERT INTO T_UF (TUF_Sigla, TUF_Nome) VALUES ('AP', 'Amapá');
INSERT INTO T_UF (TUF_Sigla, TUF_Nome) VALUES ('BA', 'Bahia');
INSERT INTO T_UF (TUF_Sigla, TUF_Nome) VALUES ('CE', 'Ceará');
INSERT INTO T_UF (TUF_Sigla, TUF_Nome) VALUES ('DF', 'Distrito Federal');
INSERT INTO T_UF (TUF_Sigla, TUF_Nome) VALUES ('ES', 'Espírito Santo');
INSERT INTO T_UF (TUF_Sigla, TUF_Nome) VALUES ('GO', 'Goiás');
INSERT INTO T_UF (TUF_Sigla, TUF_Nome) VALUES ('MA', 'Maranhão');
INSERT INTO T_UF (TUF_Sigla, TUF_Nome) VALUES ('MG', 'Minas Gerais');
INSERT INTO T_UF (TUF_Sigla, TUF_Nome) VALUES ('MS', 'Mato Grosso do Sul');
INSERT INTO T_UF (TUF_Sigla, TUF_Nome) VALUES ('MT', 'Mato Grosso');
INSERT INTO T_UF (TUF_Sigla, TUF_Nome) VALUES ('PA', 'Pará');
INSERT INTO T_UF (TUF_Sigla, TUF_Nome) VALUES ('PB', 'Paraíba');
INSERT INTO T_UF (TUF_Sigla, TUF_Nome) VALUES ('PE', 'Pernambuco');
INSERT INTO T_UF (TUF_Sigla, TUF_Nome) VALUES ('PI', 'Piauí');
INSERT INTO T_UF (TUF_Sigla, TUF_Nome) VALUES ('PR', 'Paraná');
INSERT INTO T_UF (TUF_Sigla, TUF_Nome) VALUES ('RJ', 'Rio de Janeiro');
INSERT INTO T_UF (TUF_Sigla, TUF_Nome) VALUES ('RN', 'Rio Grande do Norte');
INSERT INTO T_UF (TUF_Sigla, TUF_Nome) VALUES ('RO', 'Rondônia');
INSERT INTO T_UF (TUF_Sigla, TUF_Nome) VALUES ('RR', 'Roraima');
INSERT INTO T_UF (TUF_Sigla, TUF_Nome) VALUES ('RS', 'Rio Grande do SUl');
INSERT INTO T_UF (TUF_Sigla, TUF_Nome) VALUES ('SC', 'Santa Catarina');
INSERT INTO T_UF (TUF_Sigla, TUF_Nome) VALUES ('SE', 'Sergipe');
INSERT INTO T_UF (TUF_Sigla, TUF_Nome) VALUES ('SP', 'São Paulo');
INSERT INTO T_UF (TUF_Sigla, TUF_Nome) VALUES ('TO', 'Tocantins');
COMMIT;

INSERT INTO T_Perfil (TP_ID, TP_Perfil) VALUES (1, 'Administrador');
INSERT INTO T_Perfil (TP_ID, TP_Perfil) VALUES (2, 'Coordenador');
INSERT INTO T_Perfil (TP_ID, TP_Perfil) VALUES (3, 'Subcoordenador');
INSERT INTO T_Perfil (TP_ID, TP_Perfil) VALUES (4, 'Estagiário');
INSERT INTO T_Perfil (TP_ID, TP_Perfil) VALUES (5, 'Bamin');

-- Municipios
INSERT INTO T_Municipio (TMun_ID, TMun_Municipio, TUF_Sigla) VALUES (1,'Almadina','BA');
INSERT INTO T_Municipio (TMun_ID, TMun_Municipio, TUF_Sigla) VALUES (2,'Andaraí','BA');
INSERT INTO T_Municipio (TMun_ID, TMun_Municipio, TUF_Sigla) VALUES (3,'Aracajú','SE');
INSERT INTO T_Municipio (TMun_ID, TMun_Municipio, TUF_Sigla) VALUES (4,'Arneiro','CE');
INSERT INTO T_Municipio (TMun_ID, TMun_Municipio, TUF_Sigla) VALUES (5,'Aurelino Leal','BA');
INSERT INTO T_Municipio (TMun_ID, TMun_Municipio, TUF_Sigla) VALUES (6,'Barreiros','PE');
INSERT INTO T_Municipio (TMun_ID, TMun_Municipio, TUF_Sigla) VALUES (8,'Belo Horizonte','MG');
INSERT INTO T_Municipio (TMun_ID, TMun_Municipio, TUF_Sigla) VALUES (9,'Boa Nova','BA');
INSERT INTO T_Municipio (TMun_ID, TMun_Municipio, TUF_Sigla) VALUES (10,'Brasília','DF');
INSERT INTO T_Municipio (TMun_ID, TMun_Municipio, TUF_Sigla) VALUES (11,'Buerarema','BA');
INSERT INTO T_Municipio (TMun_ID, TMun_Municipio, TUF_Sigla) VALUES (12,'Cabaceiras Do Paraguaçu','BA');
INSERT INTO T_Municipio (TMun_ID, TMun_Municipio, TUF_Sigla) VALUES (13,'Cairú','BA');
INSERT INTO T_Municipio (TMun_ID, TMun_Municipio, TUF_Sigla) VALUES (14,'Camacã','BA');
INSERT INTO T_Municipio (TMun_ID, TMun_Municipio, TUF_Sigla) VALUES (17,'Camamu','BA');
INSERT INTO T_Municipio (TMun_ID, TMun_Municipio, TUF_Sigla) VALUES (18,'Camonci','CE');
INSERT INTO T_Municipio (TMun_ID, TMun_Municipio, TUF_Sigla) VALUES (19,'Canavieiras','BA');
INSERT INTO T_Municipio (TMun_ID, TMun_Municipio, TUF_Sigla) VALUES (20,'Caravelas','BA');
INSERT INTO T_Municipio (TMun_ID, TMun_Municipio, TUF_Sigla) VALUES (21,'Cardeal Da Silva','BA');
INSERT INTO T_Municipio (TMun_ID, TMun_Municipio, TUF_Sigla) VALUES (22,'Casinha','PE');
INSERT INTO T_Municipio (TMun_ID, TMun_Municipio, TUF_Sigla) VALUES (23,'Castelo Novo','BA');
INSERT INTO T_Municipio (TMun_ID, TMun_Municipio, TUF_Sigla) VALUES (24,'Castro Alves','BA');
INSERT INTO T_Municipio (TMun_ID, TMun_Municipio, TUF_Sigla) VALUES (25,'Catú','BA');
INSERT INTO T_Municipio (TMun_ID, TMun_Municipio, TUF_Sigla) VALUES (26,'Coaraci','BA');
INSERT INTO T_Municipio (TMun_ID, TMun_Municipio, TUF_Sigla) VALUES (27,'Conceição Da Barra','ES');
INSERT INTO T_Municipio (TMun_ID, TMun_Municipio, TUF_Sigla) VALUES (28,'Conceição Do Almeida','BA');
INSERT INTO T_Municipio (TMun_ID, TMun_Municipio, TUF_Sigla) VALUES (29,'Coruripe','AL');
INSERT INTO T_Municipio (TMun_ID, TMun_Municipio, TUF_Sigla) VALUES (30,'Cubatão','SP');
INSERT INTO T_Municipio (TMun_ID, TMun_Municipio, TUF_Sigla) VALUES (31,'Curaçá','BA');
INSERT INTO T_Municipio (TMun_ID, TMun_Municipio, TUF_Sigla) VALUES (32,'Duque De Caxias','RJ');
INSERT INTO T_Municipio (TMun_ID, TMun_Municipio, TUF_Sigla) VALUES (33,'Entre Rios','BA');
INSERT INTO T_Municipio (TMun_ID, TMun_Municipio, TUF_Sigla) VALUES (34,'Eunápolis','BA');
INSERT INTO T_Municipio (TMun_ID, TMun_Municipio, TUF_Sigla) VALUES (35,'Feira De Santana','BA');
INSERT INTO T_Municipio (TMun_ID, TMun_Municipio, TUF_Sigla) VALUES (36,'Feira Grande','AL');
INSERT INTO T_Municipio (TMun_ID, TMun_Municipio, TUF_Sigla) VALUES (37,'Firmino Alves','BA');
INSERT INTO T_Municipio (TMun_ID, TMun_Municipio, TUF_Sigla) VALUES (38,'Floresta Azul','BA');
INSERT INTO T_Municipio (TMun_ID, TMun_Municipio, TUF_Sigla) VALUES (39,'Fortaleza','CE');
INSERT INTO T_Municipio (TMun_ID, TMun_Municipio, TUF_Sigla) VALUES (40,'Frei Paulo','SE');
INSERT INTO T_Municipio (TMun_ID, TMun_Municipio, TUF_Sigla) VALUES (41,'Gandu','BA');
INSERT INTO T_Municipio (TMun_ID, TMun_Municipio, TUF_Sigla) VALUES (42,'Gongogi','BA');
INSERT INTO T_Municipio (TMun_ID, TMun_Municipio, TUF_Sigla) VALUES (43,'Guarulhos','SP');
INSERT INTO T_Municipio (TMun_ID, TMun_Municipio, TUF_Sigla) VALUES (44,'Ibicaraí','BA');
INSERT INTO T_Municipio (TMun_ID, TMun_Municipio, TUF_Sigla) VALUES (45,'Ibicui','BA');
INSERT INTO T_Municipio (TMun_ID, TMun_Municipio, TUF_Sigla) VALUES (46,'Ibirapitanga','BA');
INSERT INTO T_Municipio (TMun_ID, TMun_Municipio, TUF_Sigla) VALUES (47,'Ibirataia','BA');
INSERT INTO T_Municipio (TMun_ID, TMun_Municipio, TUF_Sigla) VALUES (48,'Igrapiúna','BA');
INSERT INTO T_Municipio (TMun_ID, TMun_Municipio, TUF_Sigla) VALUES (49,'Iguai','BA');
INSERT INTO T_Municipio (TMun_ID, TMun_Municipio, TUF_Sigla) VALUES (50,'Ilha Do Contrato','BA');
INSERT INTO T_Municipio (TMun_ID, TMun_Municipio, TUF_Sigla) VALUES (7,'Ilhéus','BA');
INSERT INTO T_Municipio (TMun_ID, TMun_Municipio, TUF_Sigla) VALUES (3553,'Ilhéus (rio)','BA');
INSERT INTO T_Municipio (TMun_ID, TMun_Municipio, TUF_Sigla) VALUES (51,'Ilhota','SC');
INSERT INTO T_Municipio (TMun_ID, TMun_Municipio, TUF_Sigla) VALUES (52,'Ipiau','BA');
INSERT INTO T_Municipio (TMun_ID, TMun_Municipio, TUF_Sigla) VALUES (53,'Iramaia','BA');
INSERT INTO T_Municipio (TMun_ID, TMun_Municipio, TUF_Sigla) VALUES (54,'Itabaianinha','SE');
INSERT INTO T_Municipio (TMun_ID, TMun_Municipio, TUF_Sigla) VALUES (55,'Itabuna','BA');
INSERT INTO T_Municipio (TMun_ID, TMun_Municipio, TUF_Sigla) VALUES (3554,'Itacaré','BA');
INSERT INTO T_Municipio (TMun_ID, TMun_Municipio, TUF_Sigla) VALUES (56,'Itagibá','BA');
INSERT INTO T_Municipio (TMun_ID, TMun_Municipio, TUF_Sigla) VALUES (57,'Itaju Da Colônia','BA');
INSERT INTO T_Municipio (TMun_ID, TMun_Municipio, TUF_Sigla) VALUES (58,'Itajuípe','BA');
INSERT INTO T_Municipio (TMun_ID, TMun_Municipio, TUF_Sigla) VALUES (59,'Itamari','BA');
INSERT INTO T_Municipio (TMun_ID, TMun_Municipio, TUF_Sigla) VALUES (60,'Itambé','BA');
INSERT INTO T_Municipio (TMun_ID, TMun_Municipio, TUF_Sigla) VALUES (61,'Itapé','BA');
INSERT INTO T_Municipio (TMun_ID, TMun_Municipio, TUF_Sigla) VALUES (62,'Itapebi','BA');
INSERT INTO T_Municipio (TMun_ID, TMun_Municipio, TUF_Sigla) VALUES (63,'Itapetinga','BA');
INSERT INTO T_Municipio (TMun_ID, TMun_Municipio, TUF_Sigla) VALUES (64,'Itapitanga','BA');
INSERT INTO T_Municipio (TMun_ID, TMun_Municipio, TUF_Sigla) VALUES (65,'Itororó','BA');
INSERT INTO T_Municipio (TMun_ID, TMun_Municipio, TUF_Sigla) VALUES (66,'Ituberá','BA');
INSERT INTO T_Municipio (TMun_ID, TMun_Municipio, TUF_Sigla) VALUES (67,'Japu','BA');
INSERT INTO T_Municipio (TMun_ID, TMun_Municipio, TUF_Sigla) VALUES (68,'Jaquaquara','BA');
INSERT INTO T_Municipio (TMun_ID, TMun_Municipio, TUF_Sigla) VALUES (69,'Jequié','BA');
INSERT INTO T_Municipio (TMun_ID, TMun_Municipio, TUF_Sigla) VALUES (70,'Jeremoabo','BA');
INSERT INTO T_Municipio (TMun_ID, TMun_Municipio, TUF_Sigla) VALUES (71,'Jitaúna','BA');
INSERT INTO T_Municipio (TMun_ID, TMun_Municipio, TUF_Sigla) VALUES (72,'Macambira','SE');
INSERT INTO T_Municipio (TMun_ID, TMun_Municipio, TUF_Sigla) VALUES (73,'Mairiporã','SP');
INSERT INTO T_Municipio (TMun_ID, TMun_Municipio, TUF_Sigla) VALUES (74,'Maragogi','AL');
INSERT INTO T_Municipio (TMun_ID, TMun_Municipio, TUF_Sigla) VALUES (75,'Maraú','BA');
INSERT INTO T_Municipio (TMun_ID, TMun_Municipio, TUF_Sigla) VALUES (76,'Mascote','BA');
INSERT INTO T_Municipio (TMun_ID, TMun_Municipio, TUF_Sigla) VALUES (77,'Muritiba','BA');
INSERT INTO T_Municipio (TMun_ID, TMun_Municipio, TUF_Sigla) VALUES (78,'Nanuque','MG');
INSERT INTO T_Municipio (TMun_ID, TMun_Municipio, TUF_Sigla) VALUES (79,'Neopolis','SE');
INSERT INTO T_Municipio (TMun_ID, TMun_Municipio, TUF_Sigla) VALUES (80,'Nilo Peçanha','BA');
INSERT INTO T_Municipio (TMun_ID, TMun_Municipio, TUF_Sigla) VALUES (81,'Nilopolis','RJ');
INSERT INTO T_Municipio (TMun_ID, TMun_Municipio, TUF_Sigla) VALUES (82,'Nossa Senhora Da Glória','SE');
INSERT INTO T_Municipio (TMun_ID, TMun_Municipio, TUF_Sigla) VALUES (83,'Osasco','SP');
INSERT INTO T_Municipio (TMun_ID, TMun_Municipio, TUF_Sigla) VALUES (84,'P. De Areia','BA');
INSERT INTO T_Municipio (TMun_ID, TMun_Municipio, TUF_Sigla) VALUES (85,'Palmares','PE');
INSERT INTO T_Municipio (TMun_ID, TMun_Municipio, TUF_Sigla) VALUES (86,'Paranaíba','PI');
INSERT INTO T_Municipio (TMun_ID, TMun_Municipio, TUF_Sigla) VALUES (87,'Pau Brasil','BA');
INSERT INTO T_Municipio (TMun_ID, TMun_Municipio, TUF_Sigla) VALUES (88,'Penha','SC');
INSERT INTO T_Municipio (TMun_ID, TMun_Municipio, TUF_Sigla) VALUES (89,'Piabiru','PR');
INSERT INTO T_Municipio (TMun_ID, TMun_Municipio, TUF_Sigla) VALUES (90,'Piacabucu','AL');
INSERT INTO T_Municipio (TMun_ID, TMun_Municipio, TUF_Sigla) VALUES (91,'Pirai Do Norte','BA');
INSERT INTO T_Municipio (TMun_ID, TMun_Municipio, TUF_Sigla) VALUES (92,'Propriá','SE');
INSERT INTO T_Municipio (TMun_ID, TMun_Municipio, TUF_Sigla) VALUES (93,'Recife','PE');
INSERT INTO T_Municipio (TMun_ID, TMun_Municipio, TUF_Sigla) VALUES (94,'Rio De Janeiro','RJ');
INSERT INTO T_Municipio (TMun_ID, TMun_Municipio, TUF_Sigla) VALUES (95,'Salvador','BA');
INSERT INTO T_Municipio (TMun_ID, TMun_Municipio, TUF_Sigla) VALUES (96,'Santa Cruz Cabrália','BA');
INSERT INTO T_Municipio (TMun_ID, TMun_Municipio, TUF_Sigla) VALUES (97,'Santa Inês','MA');
INSERT INTO T_Municipio (TMun_ID, TMun_Municipio, TUF_Sigla) VALUES (98,'São José Dos Campos','SP');
INSERT INTO T_Municipio (TMun_ID, TMun_Municipio, TUF_Sigla) VALUES (99,'São Paulo','SP');
INSERT INTO T_Municipio (TMun_ID, TMun_Municipio, TUF_Sigla) VALUES (100,'São Vicente','SP');
INSERT INTO T_Municipio (TMun_ID, TMun_Municipio, TUF_Sigla) VALUES (101,'Sapé','PB');
INSERT INTO T_Municipio (TMun_ID, TMun_Municipio, TUF_Sigla) VALUES (102,'Serra Grande','BA');
INSERT INTO T_Municipio (TMun_ID, TMun_Municipio, TUF_Sigla) VALUES (103,'Taboquinhas','BA');
INSERT INTO T_Municipio (TMun_ID, TMun_Municipio, TUF_Sigla) VALUES (104,'Tanque DArca','AL');
INSERT INTO T_Municipio (TMun_ID, TMun_Municipio, TUF_Sigla) VALUES (105,'Teolandia','BA');
INSERT INTO T_Municipio (TMun_ID, TMun_Municipio, TUF_Sigla) VALUES (106,'Ubaitaba','BA');
INSERT INTO T_Municipio (TMun_ID, TMun_Municipio, TUF_Sigla) VALUES (107,'Ubaporanga','MG');
INSERT INTO T_Municipio (TMun_ID, TMun_Municipio, TUF_Sigla) VALUES (108,'Ubatã','BA');
INSERT INTO T_Municipio (TMun_ID, TMun_Municipio, TUF_Sigla) VALUES (109,'Una','BA');
INSERT INTO T_Municipio (TMun_ID, TMun_Municipio, TUF_Sigla) VALUES (16,'Uruçuca','BA');
INSERT INTO T_Municipio (TMun_ID, TMun_Municipio, TUF_Sigla) VALUES (111,'Valença','BA');
INSERT INTO T_Municipio (TMun_ID, TMun_Municipio, TUF_Sigla) VALUES (112,'Vera Cruz','BA');
INSERT INTO T_Municipio (TMun_ID, TMun_Municipio, TUF_Sigla) VALUES (113,'Vitória Da Conquista','BA');
INSERT INTO T_Municipio (TMun_ID, TMun_Municipio, TUF_Sigla) VALUES (114,'Vitorino Freire','MA');

INSERT INTO T_Endereco (TE_ID, TE_Logradouro, TE_Numero, TE_Bairro, TE_CEP, TE_Comp, TMun_ID) VALUES (2, '112', '1213', 'Centro', '12345677', 'Casa', 1);
INSERT INTO T_Endereco (TE_ID, TE_Logradouro, TE_Numero, TE_Bairro, TE_CEP, TE_Comp, TMun_ID) VALUES (1, 'Teste', '12', 'Teste', '54565677', 'Teste', 1);
INSERT INTO T_Endereco (TE_ID, TE_Logradouro, TE_Numero, TE_Bairro, TE_CEP, TE_Comp, TMun_ID) VALUES (3, 'Teste3', '3', 'Teste3', '333333', 'Teste3', 2);

INSERT INTO T_Login (TL_ID, TL_Login, TL_HashSenha, TL_UltimoAcesso) VALUES (1, 'stefano', '80980fcaf2ab3f243874695f57b2ed065d8e67e4', NULL);
INSERT INTO T_Login (TL_ID, TL_Login, TL_HashSenha, TL_UltimoAcesso) VALUES (2, 'elenildo', '271ef194466bb4f3e9a962a1e2772c73ab87f8ad', NULL);
INSERT INTO T_Login (TL_ID, TL_Login, TL_HashSenha, TL_UltimoAcesso) VALUES (3, 'mohonda', '80980fcaf2ab3f243874695f57b2ed065d8e67e4', NULL);

INSERT INTO T_Usuario (TU_ID, TU_Nome, TU_Sexo, TU_CPF, TU_RG, TU_Email, TU_UsuarioDeletado, TL_ID, TP_ID, TE_ID) VALUES (1, 'Stefano', 'M', '12211221', '122222112', 'stefano@stefano.br', false, 1, 1, 1);
INSERT INTO T_Usuario (TU_ID, TU_Nome, TU_Sexo, TU_CPF, TU_RG, TU_Email, TU_UsuarioDeletado, TL_ID, TP_ID, TE_ID) VALUES (2, 'Elenildo', 'M', '121.131.242-34', '123456', 'elenildo@uesc.br', false, 2, 1, 2);
INSERT INTO T_Usuario (TU_ID, TU_Nome, TU_Sexo, TU_CPF, TU_RG, TU_Email, TU_UsuarioDeletado, TL_ID, TP_ID, TE_ID) VALUES (3, 'mohonda', 'M', '3333', '3333', 'mohonda@uesc.br', false, 3, 1, 3);
