-- psql -d DB_Pesca -a -f importacao.sql

delete from T_Renda;
delete from T_ProgramaSocial;
delete from T_Escolaridade;
delete from T_Porto;
delete from T_TipoCapturada;
delete from T_TipoEmbarcacao;
delete from T_PorteEmbarcacao;
delete from T_TipoDependente;

delete from T_PorteEmbarcacao;
delete from T_TipoEmbarcacao;
delete from T_Colonia;
delete from T_AreaPesca;
delete from T_ArtePesca;

delete from t_tempo;
delete from t_vento;

delete from T_Especie;
delete from T_Genero;
delete from T_Familia;
delete from T_Ordem;
-- delete from T_OrdemA;
delete from T_Grupo;


-- -- -----------------------------------------------------
-- -- Data for table T_ArtePesca
-- -- -----------------------------------------------------
-- START TRANSACTION;
-- INSERT INTO T_ArtePesca (TAP_ID, TAP_ArtePesca) VALUES (NULL,'Arrasto');
-- INSERT INTO T_ArtePesca (TAP_ID, TAP_ArtePesca) VALUES (NULL,'Calão');
-- INSERT INTO T_ArtePesca (TAP_ID, TAP_ArtePesca) VALUES (NULL,'Espinhel/Groseira');
-- INSERT INTO T_ArtePesca (TAP_ID, TAP_ArtePesca) VALUES (NULL,'Linha');
-- INSERT INTO T_ArtePesca (TAP_ID, TAP_ArtePesca) VALUES (NULL,'Mariscagem');
-- INSERT INTO T_ArtePesca (TAP_ID, TAP_ArtePesca) VALUES (NULL,'Mergulho');
-- INSERT INTO T_ArtePesca (TAP_ID, TAP_ArtePesca) VALUES (NULL,'Rede');
-- 
-- COMMIT;
-- 
-- 
-- -- -----------------------------------------------------
-- -- Data for table T_TipoEmbarcacao
-- -- -----------------------------------------------------
-- START TRANSACTION;
-- INSERT INTO T_TipoEmbarcacao (TTE_ID, TTE_TipoEmbarcacao) VALUES (NULL,'Barco');
-- INSERT INTO T_TipoEmbarcacao (TTE_ID, TTE_TipoEmbarcacao) VALUES (NULL,'Bote');
-- INSERT INTO T_TipoEmbarcacao (TTE_ID, TTE_TipoEmbarcacao) VALUES (NULL,'Canoa');
-- INSERT INTO T_TipoEmbarcacao (TTE_ID, TTE_TipoEmbarcacao) VALUES (NULL,'Desembarcado');
-- INSERT INTO T_TipoEmbarcacao (TTE_ID, TTE_TipoEmbarcacao) VALUES (NULL,'Jangada');
-- INSERT INTO T_TipoEmbarcacao (TTE_ID, TTE_TipoEmbarcacao) VALUES (NULL,'Lancha');
-- 
-- COMMIT;
-- 
-- 
-- -- -----------------------------------------------------
-- -- Data for table T_TipoDependente
-- -- -----------------------------------------------------
-- START TRANSACTION;
-- INSERT INTO T_TipoDependente (TTD_ID, TTP_TipoDependente) VALUES (NULL,'Conjugue ou Companheiro(a)');
-- INSERT INTO T_TipoDependente (TTD_ID, TTP_TipoDependente) VALUES (NULL,'Filho(a) ou Enteado(a)');
-- INSERT INTO T_TipoDependente (TTD_ID, TTP_TipoDependente) VALUES (NULL,'Irmão(ã), Neto(a) ou Bisneto(a)');
-- INSERT INTO T_TipoDependente (TTD_ID, TTP_TipoDependente) VALUES (NULL,'Pais, Avós e Bisavós');
-- INSERT INTO T_TipoDependente (TTD_ID, TTP_TipoDependente) VALUES (NULL,'Sogro(a)');
-- INSERT INTO T_TipoDependente (TTD_ID, TTP_TipoDependente) VALUES (NULL,'Incapaz');
-- 
-- COMMIT;
-- 
-- 
-- -- -----------------------------------------------------
-- -- Data for table T_AreaPesca
-- -- -----------------------------------------------------
-- START TRANSACTION;
-- INSERT INTO T_AreaPesca (TAreaP_ID, TAreaP_AreaPesca) VALUES (NULL,'Estuário');
-- INSERT INTO T_AreaPesca (TAreaP_ID, TAreaP_AreaPesca) VALUES (NULL,'Mar');
-- INSERT INTO T_AreaPesca (TAreaP_ID, TAreaP_AreaPesca) VALUES (NULL,'Rio');
-- 
-- COMMIT;
-- 
-- 
-- -- -----------------------------------------------------
-- -- Data for table T_TipoTel
-- -- -----------------------------------------------------
-- START TRANSACTION;
-- INSERT INTO T_TipoTel (TTEL_ID, TTEL_Desc) VALUES (NULL,'Celular');
-- INSERT INTO T_TipoTel (TTEL_ID, TTEL_Desc) VALUES (NULL,'Residencial');
-- 
-- COMMIT;
-- 
-- 
-- -- -----------------------------------------------------
-- -- Data for table T_Perfil
-- -- -----------------------------------------------------
-- START TRANSACTION;
-- INSERT INTO T_Perfil (TP_ID, TP_Perfil) VALUES (NULL,'Administrador');
-- INSERT INTO T_Perfil (TP_ID, TP_Perfil) VALUES (NULL,'Coordenador');
-- INSERT INTO T_Perfil (TP_ID, TP_Perfil) VALUES (NULL,'Subcoordenador');
-- INSERT INTO T_Perfil (TP_ID, TP_Perfil) VALUES (NULL,'Estagiário');
-- INSERT INTO T_Perfil (TP_ID, TP_Perfil) VALUES (NULL,'Bamin');
-- 
-- COMMIT;
-- 
-- 
-- -- -----------------------------------------------------
-- -- Data for table T_PorteEmbarcacao
-- -- -----------------------------------------------------
-- START TRANSACTION;
-- INSERT INTO T_PorteEmbarcacao (TPE_ID, TPE_Porte) VALUES (NULL,'Pequeno');
-- INSERT INTO T_PorteEmbarcacao (TPE_ID, TPE_Porte) VALUES (NULL,'Médio');
-- INSERT INTO T_PorteEmbarcacao (TPE_ID, TPE_Porte) VALUES (NULL,'Grande');

-- t_vtempo
INSERT INTO T_TEMPO (TMP_ID, TMP_ESTADO) VALUES ( 1,'Chuva');
INSERT INTO T_TEMPO (TMP_ID, TMP_ESTADO) VALUES ( 2,'Nublado');
INSERT INTO T_TEMPO (TMP_ID, TMP_ESTADO) VALUES ( 3,'Sol');

-- t_vento
INSERT INTO T_VENTO (VNT_ID, VNT_FORCA) VALUES ( 1,'Forte');
INSERT INTO T_VENTO (VNT_ID, VNT_FORCA) VALUES ( 2,'Fraco');
INSERT INTO T_VENTO (VNT_ID, VNT_FORCA) VALUES ( 3,'Moderado');


-- GRUPO
INSERT INTO T_Grupo (GRP_ID, GRP_Nome) VALUES (1,'Actinopterigyii');
INSERT INTO T_Grupo (GRP_ID, GRP_Nome) VALUES (2,'Chondrichthyes');
INSERT INTO T_Grupo (GRP_ID, GRP_Nome) VALUES (3,'Elasmobrânquios');
INSERT INTO T_Grupo (GRP_ID, GRP_Nome) VALUES (4,'Crustáceos');
INSERT INTO T_Grupo (GRP_ID, GRP_Nome) VALUES (5,'Moluscos');
INSERT INTO T_Grupo (GRP_ID, GRP_Nome) VALUES (6,'Outros');

-- ORDEM
INSERT INTO T_Ordem (ORD_ID, ORD_Nome, ORD_Caracteristica, GRP_ID) VALUES (1,'Anguilliformes','Enguias', 1);
INSERT INTO T_Ordem (ORD_ID, ORD_Nome, ORD_Caracteristica, GRP_ID) VALUES (2,'Gasterosteiformes','Peixes trombeta', 1);
INSERT INTO T_Ordem (ORD_ID, ORD_Nome, ORD_Caracteristica, GRP_ID) VALUES (3,'Clupeiformes','Sardinhas e Anchovas', 1);
INSERT INTO T_Ordem (ORD_ID, ORD_Nome, ORD_Caracteristica, GRP_ID) VALUES (4,'Siluriformes','Bagres', 1);
INSERT INTO T_Ordem (ORD_ID, ORD_Nome, ORD_Caracteristica, GRP_ID) VALUES (5,'Aulopiformes','Peixe lagarto', 1);
INSERT INTO T_Ordem (ORD_ID, ORD_Nome, ORD_Caracteristica, GRP_ID) VALUES (6,'Lophiiformes','Peixe diabo', 1);
INSERT INTO T_Ordem (ORD_ID, ORD_Nome, ORD_Caracteristica, GRP_ID) VALUES (7,'Ophidiiformes','Enguias', 1);
INSERT INTO T_Ordem (ORD_ID, ORD_Nome, ORD_Caracteristica, GRP_ID) VALUES (8,'Batrachoidiformes','Peixes sapo', 1);
INSERT INTO T_Ordem (ORD_ID, ORD_Nome, ORD_Caracteristica, GRP_ID) VALUES (9,'Scorpaeniformes','Peixes escorpião', 1);
INSERT INTO T_Ordem (ORD_ID, ORD_Nome, ORD_Caracteristica, GRP_ID) VALUES (10,'Perciformes','Pescadas', 1);
INSERT INTO T_Ordem (ORD_ID, ORD_Nome, ORD_Caracteristica, GRP_ID) VALUES (11,'Pleuronectiformes','Linguados', 1);
INSERT INTO T_Ordem (ORD_ID, ORD_Nome, ORD_Caracteristica, GRP_ID) VALUES (12,'Tetraodontiformes','Baiacus', 1);
INSERT INTO T_Ordem (ORD_ID, ORD_Nome, ORD_Caracteristica, GRP_ID) VALUES (13,'Rajiformes','Raias', 2);
INSERT INTO T_Ordem (ORD_ID, ORD_Nome, ORD_Caracteristica, GRP_ID) VALUES (14,'Cyprinodontiformes', NULL, 1);
INSERT INTO T_Ordem (ORD_ID, ORD_Nome, ORD_Caracteristica, GRP_ID) VALUES (15,'Myliobatiformes', NULL, 2);
INSERT INTO T_Ordem (ORD_ID, ORD_Nome, ORD_Caracteristica, GRP_ID) VALUES (16,'Orectolobiformes', NULL, 3);
INSERT INTO T_Ordem (ORD_ID, ORD_Nome, ORD_Caracteristica, GRP_ID) VALUES (17,'Carcharhiniformes', NULL, 3);
INSERT INTO T_Ordem (ORD_ID, ORD_Nome, ORD_Caracteristica, GRP_ID) VALUES (18,'Mugiliformes', NULL, 1);
INSERT INTO T_Ordem (ORD_ID, ORD_Nome, ORD_Caracteristica, GRP_ID) VALUES (19,'Decapoda', NULL, 4);
INSERT INTO T_Ordem (ORD_ID, ORD_Nome, ORD_Caracteristica, GRP_ID) VALUES (20,'Outros', NULL, 1);
INSERT INTO T_Ordem (ORD_ID, ORD_Nome, ORD_Caracteristica, GRP_ID) VALUES (21,'Albuliformes', NULL, 1);
INSERT INTO T_Ordem (ORD_ID, ORD_Nome, ORD_Caracteristica, GRP_ID) VALUES (22,'Beryciformes', NULL, 1);
INSERT INTO T_Ordem (ORD_ID, ORD_Nome, ORD_Caracteristica, GRP_ID) VALUES (23,'Teuthida', NULL, 5);
INSERT INTO T_Ordem (ORD_ID, ORD_Nome, ORD_Caracteristica, GRP_ID) VALUES (24,'Atheriniformes', NULL, 1);
INSERT INTO T_Ordem (ORD_ID, ORD_Nome, ORD_Caracteristica, GRP_ID) VALUES (25,'Beloniformes', NULL, 1);
INSERT INTO T_Ordem (ORD_ID, ORD_Nome, ORD_Caracteristica, GRP_ID) VALUES (26,'Cypriniformes','Carpas', 1);
INSERT INTO T_Ordem (ORD_ID, ORD_Nome, ORD_Caracteristica, GRP_ID) VALUES (27,'Characiformes','piabas', 1);
INSERT INTO T_Ordem (ORD_ID, ORD_Nome, ORD_Caracteristica, GRP_ID) VALUES (29,'Elopíformes', NULL, 1);


-- --
-- -- Teste de cadastro de ORDEM com tabela de características
-- --
-- DROP TABLE "T_OrdemA";
-- DROP TABLE "T_OrdemCaracterisitca";
-- 
-- delete from "T_OrdemA";
-- delete from "T_OrdemCaracterisitca";
-- 
-- 
-- CREATE TABLE "T_OrdemCaracterisitca" (
--   "ORDC_ID" serial NOT NULL,
--   "ORDC_Nome" character varying(30) NOT NULL,
--   CONSTRAINT "T_OrdemCaracterisitca_pkey" PRIMARY KEY ("ORDC_ID")
--   );
--   
-- 
-- CREATE TABLE "T_OrdemA"
-- (
--   "ORD_ID" serial NOT NULL,
--   "ORD_Nome" character varying(30),
--   "ORDC_ID" integer NOT NULL,
--   "GRP_ID" integer NOT NULL,
--   CONSTRAINT "T_OrdemA_pkey" PRIMARY KEY ("ORD_ID"),
--   CONSTRAINT "fk_T_Ordem_T_Grupo" FOREIGN KEY ("GRP_ID")
--       REFERENCES "T_Grupo" ("GRP_ID") MATCH SIMPLE
--       ON UPDATE NO ACTION ON DELETE NO ACTION,
--     CONSTRAINT "fk_T_Ordem_T_OrdemCaracterisitca" FOREIGN KEY ("ORDC_ID")
--       REFERENCES "T_OrdemCaracterisitca" ("ORDC_ID") MATCH SIMPLE
--       ON UPDATE NO ACTION ON DELETE NO ACTION
-- )
-- WITH (
--   OIDS=FALSE
-- );
-- ALTER TABLE "T_OrdemA"
--   OWNER TO mohonda;
-- 
-- 
-- 
-- INSERT INTO "T_OrdemCaracterisitca" ("ORDC_ID", "ORDC_Nome") VALUES (0,'Não Cadastrado');
-- INSERT INTO "T_OrdemCaracterisitca" ("ORDC_ID", "ORDC_Nome") VALUES (1,'Bagres');
-- INSERT INTO "T_OrdemCaracterisitca" ("ORDC_ID", "ORDC_Nome") VALUES (2,'Baiacus');
-- INSERT INTO "T_OrdemCaracterisitca" ("ORDC_ID", "ORDC_Nome") VALUES (3,'Carpas');
-- INSERT INTO "T_OrdemCaracterisitca" ("ORDC_ID", "ORDC_Nome") VALUES (4,'Enguias');
-- INSERT INTO "T_OrdemCaracterisitca" ("ORDC_ID", "ORDC_Nome") VALUES (5,'Linguados');
-- INSERT INTO "T_OrdemCaracterisitca" ("ORDC_ID", "ORDC_Nome") VALUES (6,'Peixe Diabo');
-- INSERT INTO "T_OrdemCaracterisitca" ("ORDC_ID", "ORDC_Nome") VALUES (7,'Peixe Lagarto');
-- INSERT INTO "T_OrdemCaracterisitca" ("ORDC_ID", "ORDC_Nome") VALUES (8,'Peixes Escorpião');
-- INSERT INTO "T_OrdemCaracterisitca" ("ORDC_ID", "ORDC_Nome") VALUES (9,'Peixes Sapo');
-- INSERT INTO "T_OrdemCaracterisitca" ("ORDC_ID", "ORDC_Nome") VALUES (10,'Peixes Trombeta');
-- INSERT INTO "T_OrdemCaracterisitca" ("ORDC_ID", "ORDC_Nome") VALUES (11,'Pescadas');
-- INSERT INTO "T_OrdemCaracterisitca" ("ORDC_ID", "ORDC_Nome") VALUES (12,'Piabas');
-- INSERT INTO "T_OrdemCaracterisitca" ("ORDC_ID", "ORDC_Nome") VALUES (13,'Raias');
-- INSERT INTO "T_OrdemCaracterisitca" ("ORDC_ID", "ORDC_Nome") VALUES (14,'Sardinhas e Anchovas');
-- 
-- INSERT INTO "T_OrdemA" ("ORD_ID", "ORD_Nome", "ORDC_ID", "GRP_ID") VALUES (1,'Albuliformes', 0,1);
-- INSERT INTO "T_OrdemA" ("ORD_ID", "ORD_Nome", "ORDC_ID", "GRP_ID") VALUES (2,'Anguilliformes', 4,1);
-- INSERT INTO "T_OrdemA" ("ORD_ID", "ORD_Nome", "ORDC_ID", "GRP_ID") VALUES (3,'Atheriniformes', 0,1);
-- INSERT INTO "T_OrdemA" ("ORD_ID", "ORD_Nome", "ORDC_ID", "GRP_ID") VALUES (4,'Aulopiformes', 7,1);
-- INSERT INTO "T_OrdemA" ("ORD_ID", "ORD_Nome", "ORDC_ID", "GRP_ID") VALUES (5,'Batrachoidiformes', 9,1);
-- INSERT INTO "T_OrdemA" ("ORD_ID", "ORD_Nome", "ORDC_ID", "GRP_ID") VALUES (6,'Beloniformes', 0,1);
-- INSERT INTO "T_OrdemA" ("ORD_ID", "ORD_Nome", "ORDC_ID", "GRP_ID") VALUES (7,'Beryciformes', 0,1);
-- INSERT INTO "T_OrdemA" ("ORD_ID", "ORD_Nome", "ORDC_ID", "GRP_ID") VALUES (26,'Carcharhiniformes', 0,4);
-- INSERT INTO "T_OrdemA" ("ORD_ID", "ORD_Nome", "ORDC_ID", "GRP_ID") VALUES (8,'Characiformes', 12,1);
-- INSERT INTO "T_OrdemA" ("ORD_ID", "ORD_Nome", "ORDC_ID", "GRP_ID") VALUES (9,'Clupeiformes', 14,1);
-- INSERT INTO "T_OrdemA" ("ORD_ID", "ORD_Nome", "ORDC_ID", "GRP_ID") VALUES (10,'Cypriniformes', 3,1);
-- INSERT INTO "T_OrdemA" ("ORD_ID", "ORD_Nome", "ORDC_ID", "GRP_ID") VALUES (11,'Cyprinodontiformes', 0,1);
-- INSERT INTO "T_OrdemA" ("ORD_ID", "ORD_Nome", "ORDC_ID", "GRP_ID") VALUES (25,'Decapoda', 0,3);
-- INSERT INTO "T_OrdemA" ("ORD_ID", "ORD_Nome", "ORDC_ID", "GRP_ID") VALUES (12,'Elopíformes', 0,1);
-- INSERT INTO "T_OrdemA" ("ORD_ID", "ORD_Nome", "ORDC_ID", "GRP_ID") VALUES (13,'Gasterosteiformes', 10,1);
-- INSERT INTO "T_OrdemA" ("ORD_ID", "ORD_Nome", "ORDC_ID", "GRP_ID") VALUES (14,'Lophiiformes', 6,1);
-- INSERT INTO "T_OrdemA" ("ORD_ID", "ORD_Nome", "ORDC_ID", "GRP_ID") VALUES (15,'Mugiliformes', 0,1);
-- INSERT INTO "T_OrdemA" ("ORD_ID", "ORD_Nome", "ORDC_ID", "GRP_ID") VALUES (23,'Myliobatiformes', 0,2);
-- INSERT INTO "T_OrdemA" ("ORD_ID", "ORD_Nome", "ORDC_ID", "GRP_ID") VALUES (16,'Ophidiiformes', 4,1);
-- INSERT INTO "T_OrdemA" ("ORD_ID", "ORD_Nome", "ORDC_ID", "GRP_ID") VALUES (27,'Orectolobiformes', 0,4);
-- INSERT INTO "T_OrdemA" ("ORD_ID", "ORD_Nome", "ORDC_ID", "GRP_ID") VALUES (17,'Outros', 0,1);
-- INSERT INTO "T_OrdemA" ("ORD_ID", "ORD_Nome", "ORDC_ID", "GRP_ID") VALUES (18,'Perciformes', 11,1);
-- INSERT INTO "T_OrdemA" ("ORD_ID", "ORD_Nome", "ORDC_ID", "GRP_ID") VALUES (19,'Pleuronectiformes', 5,1);
-- INSERT INTO "T_OrdemA" ("ORD_ID", "ORD_Nome", "ORDC_ID", "GRP_ID") VALUES (24,'Rajiformes', 13,2);
-- INSERT INTO "T_OrdemA" ("ORD_ID", "ORD_Nome", "ORDC_ID", "GRP_ID") VALUES (20,'Scorpaeniformes', 8,1);
-- INSERT INTO "T_OrdemA" ("ORD_ID", "ORD_Nome", "ORDC_ID", "GRP_ID") VALUES (21,'Siluriformes', 1,1);
-- INSERT INTO "T_OrdemA" ("ORD_ID", "ORD_Nome", "ORDC_ID", "GRP_ID") VALUES (22,'Tetraodontiformes', 2,1);
-- INSERT INTO "T_OrdemA" ("ORD_ID", "ORD_Nome", "ORDC_ID", "GRP_ID") VALUES (28,'Teuthida', 0,5);
-- 
-- --
-- -- FIM Teste de cadastro de ORDEM com tabela de características
-- --

-- ALTER TABLE T_Familia ALTER COLUMN FAM_Caracteristica TYPE character varying(240);

-- FAMILIA
INSERT INTO T_Familia (FAM_ID, FAM_Nome, FAM_Tipo, ORD_ID, FAM_Ordem_Filogenetica, FAM_Caracteristica) VALUES (1,'Ariidae','bagres', 4, NULL, NULL);
INSERT INTO T_Familia (FAM_ID, FAM_Nome, FAM_Tipo, ORD_ID, FAM_Ordem_Filogenetica, FAM_Caracteristica) VALUES (3,'Carangidae','pampos', 10,1505, NULL);
INSERT INTO T_Familia (FAM_ID, FAM_Nome, FAM_Tipo, ORD_ID, FAM_Ordem_Filogenetica, FAM_Caracteristica) VALUES (6,'Clupeidae','sardinhas', 3,1515, NULL);
INSERT INTO T_Familia (FAM_ID, FAM_Nome, FAM_Tipo, ORD_ID, FAM_Ordem_Filogenetica, FAM_Caracteristica) VALUES (7,'Engraulidae','anchovas', 3,1510, NULL);
INSERT INTO T_Familia (FAM_ID, FAM_Nome, FAM_Tipo, ORD_ID, FAM_Ordem_Filogenetica, FAM_Caracteristica) VALUES (8,'Ephippidae','peixes espátula', 10, NULL, NULL);
INSERT INTO T_Familia (FAM_ID, FAM_Nome, FAM_Tipo, ORD_ID, FAM_Ordem_Filogenetica, FAM_Caracteristica) VALUES (10,'Monacanthidae','baiacus', 12, NULL, NULL);
INSERT INTO T_Familia (FAM_ID, FAM_Nome, FAM_Tipo, ORD_ID, FAM_Ordem_Filogenetica, FAM_Caracteristica) VALUES (12,'Paralychthyidae','linguados', 11,3005, NULL);
INSERT INTO T_Familia (FAM_ID, FAM_Nome, FAM_Tipo, ORD_ID, FAM_Ordem_Filogenetica, FAM_Caracteristica) VALUES (15,'Sciaenidae','pescadas', 10,4005,'peixes carnívoros, formam grandes cardumes, demersal de fundo arenoso');
INSERT INTO T_Familia (FAM_ID, FAM_Nome, FAM_Tipo, ORD_ID, FAM_Ordem_Filogenetica, FAM_Caracteristica) VALUES (17,'Serranidae','badejos', 10, NULL,'Nadadeiras com raios com espinhos; Pre-opérculos denteados; Típica de fundos rochosos próximos da costa; marinhos, mas podem penetrar águas doces.');
INSERT INTO T_Familia (FAM_ID, FAM_Nome, FAM_Tipo, ORD_ID, FAM_Ordem_Filogenetica, FAM_Caracteristica) VALUES (18,'Sphyraenidae','barracudas', 10, NULL,'predador voraz; caçam peixes em águas rasas');
INSERT INTO T_Familia (FAM_ID, FAM_Nome, FAM_Tipo, ORD_ID, FAM_Ordem_Filogenetica, FAM_Caracteristica) VALUES (19,'Trichiuridae','peixes espada', 10, NULL, NULL);
INSERT INTO T_Familia (FAM_ID, FAM_Nome, FAM_Tipo, ORD_ID, FAM_Ordem_Filogenetica, FAM_Caracteristica) VALUES (22,'Gymnuridae','raias', 13, NULL, NULL);
INSERT INTO T_Familia (FAM_ID, FAM_Nome, FAM_Tipo, ORD_ID, FAM_Ordem_Filogenetica, FAM_Caracteristica) VALUES (23,'Dasyatidae','raias', 15, NULL, NULL);
INSERT INTO T_Familia (FAM_ID, FAM_Nome, FAM_Tipo, ORD_ID, FAM_Ordem_Filogenetica, FAM_Caracteristica) VALUES (30,'Batrachoididae','peixe sapo', 8,2015, NULL);
INSERT INTO T_Familia (FAM_ID, FAM_Nome, FAM_Tipo, ORD_ID, FAM_Ordem_Filogenetica, FAM_Caracteristica) VALUES (31,'Haemulidae','roncador', 10,2005, NULL);
INSERT INTO T_Familia (FAM_ID, FAM_Nome, FAM_Tipo, ORD_ID, FAM_Ordem_Filogenetica, FAM_Caracteristica) VALUES (33,'Lutjanidae','vermelhos', 10,2010, NULL);
INSERT INTO T_Familia (FAM_ID, FAM_Nome, FAM_Tipo, ORD_ID, FAM_Ordem_Filogenetica, FAM_Caracteristica) VALUES (36,'Pristigasteridae', NULL, 3, NULL, NULL);
INSERT INTO T_Familia (FAM_ID, FAM_Nome, FAM_Tipo, ORD_ID, FAM_Ordem_Filogenetica, FAM_Caracteristica) VALUES (45,'Achiridae','linguados', 11, NULL, NULL);
INSERT INTO T_Familia (FAM_ID, FAM_Nome, FAM_Tipo, ORD_ID, FAM_Ordem_Filogenetica, FAM_Caracteristica) VALUES (50,'Cynoglossidae','linguados', 11, NULL, NULL);
INSERT INTO T_Familia (FAM_ID, FAM_Nome, FAM_Tipo, ORD_ID, FAM_Ordem_Filogenetica, FAM_Caracteristica) VALUES (51,'Diodontidae','baiacus', 12, NULL, NULL);
INSERT INTO T_Familia (FAM_ID, FAM_Nome, FAM_Tipo, ORD_ID, FAM_Ordem_Filogenetica, FAM_Caracteristica) VALUES (54,'Gerreidae','carapicus', 10, NULL, NULL);
INSERT INTO T_Familia (FAM_ID, FAM_Nome, FAM_Tipo, ORD_ID, FAM_Ordem_Filogenetica, FAM_Caracteristica) VALUES (58,'Ogcocephalidae','peixes morcego', 6, NULL, NULL);
INSERT INTO T_Familia (FAM_ID, FAM_Nome, FAM_Tipo, ORD_ID, FAM_Ordem_Filogenetica, FAM_Caracteristica) VALUES (59,'Polynemidae','tainhas, barracudas', 10, NULL, NULL);
INSERT INTO T_Familia (FAM_ID, FAM_Nome, FAM_Tipo, ORD_ID, FAM_Ordem_Filogenetica, FAM_Caracteristica) VALUES (60,'Scorpaenidae','peixes escorpião', 9, NULL, NULL);
INSERT INTO T_Familia (FAM_ID, FAM_Nome, FAM_Tipo, ORD_ID, FAM_Ordem_Filogenetica, FAM_Caracteristica) VALUES (61,'Synodontidae','peixes lagarto', 5, NULL, NULL);
INSERT INTO T_Familia (FAM_ID, FAM_Nome, FAM_Tipo, ORD_ID, FAM_Ordem_Filogenetica, FAM_Caracteristica) VALUES (63,'Stromateidae','peixes manteiga', 10, NULL, NULL);
INSERT INTO T_Familia (FAM_ID, FAM_Nome, FAM_Tipo, ORD_ID, FAM_Ordem_Filogenetica, FAM_Caracteristica) VALUES (64,'Tetraodontidae','baiacus', 12, NULL, NULL);
INSERT INTO T_Familia (FAM_ID, FAM_Nome, FAM_Tipo, ORD_ID, FAM_Ordem_Filogenetica, FAM_Caracteristica) VALUES (65,'Gobiidae', NULL, 10,5005, NULL);
INSERT INTO T_Familia (FAM_ID, FAM_Nome, FAM_Tipo, ORD_ID, FAM_Ordem_Filogenetica, FAM_Caracteristica) VALUES (66,'Triglidae','Tordo do mar', 9,4505, NULL);
INSERT INTO T_Familia (FAM_ID, FAM_Nome, FAM_Tipo, ORD_ID, FAM_Ordem_Filogenetica, FAM_Caracteristica) VALUES (67,'Muraenidae','enguias', 1, NULL, NULL);
INSERT INTO T_Familia (FAM_ID, FAM_Nome, FAM_Tipo, ORD_ID, FAM_Ordem_Filogenetica, FAM_Caracteristica) VALUES (69,'Bothidae','linguados', 11,1010, NULL);
INSERT INTO T_Familia (FAM_ID, FAM_Nome, FAM_Tipo, ORD_ID, FAM_Ordem_Filogenetica, FAM_Caracteristica) VALUES (70,'Acanthuridae','peixes cirurgião', 10,3505, NULL);
INSERT INTO T_Familia (FAM_ID, FAM_Nome, FAM_Tipo, ORD_ID, FAM_Ordem_Filogenetica, FAM_Caracteristica) VALUES (71,'Fistulariidae','peixes trombeta', 2, NULL, NULL);
INSERT INTO T_Familia (FAM_ID, FAM_Nome, FAM_Tipo, ORD_ID, FAM_Ordem_Filogenetica, FAM_Caracteristica) VALUES (72,'Mullidae','salmonetes', 10,6065, NULL);
INSERT INTO T_Familia (FAM_ID, FAM_Nome, FAM_Tipo, ORD_ID, FAM_Ordem_Filogenetica, FAM_Caracteristica) VALUES (73,'Ostraciidae','baiacus', 12,6015, NULL);
INSERT INTO T_Familia (FAM_ID, FAM_Nome, FAM_Tipo, ORD_ID, FAM_Ordem_Filogenetica, FAM_Caracteristica) VALUES (74,'Dactylopteridae','peixe cabra voador', 9, NULL, NULL);
INSERT INTO T_Familia (FAM_ID, FAM_Nome, FAM_Tipo, ORD_ID, FAM_Ordem_Filogenetica, FAM_Caracteristica) VALUES (75,'Ophidiidae','enguias', 7, NULL, NULL);
INSERT INTO T_Familia (FAM_ID, FAM_Nome, FAM_Tipo, ORD_ID, FAM_Ordem_Filogenetica, FAM_Caracteristica) VALUES (76,'Ophichthidae','enguias', 1, NULL, NULL);
INSERT INTO T_Familia (FAM_ID, FAM_Nome, FAM_Tipo, ORD_ID, FAM_Ordem_Filogenetica, FAM_Caracteristica) VALUES (77,'Nettastomatidae','enguias', 1, NULL, NULL);
INSERT INTO T_Familia (FAM_ID, FAM_Nome, FAM_Tipo, ORD_ID, FAM_Ordem_Filogenetica, FAM_Caracteristica) VALUES (78,'Rhinobatidae','raia viola', 13,6060, NULL);
INSERT INTO T_Familia (FAM_ID, FAM_Nome, FAM_Tipo, ORD_ID, FAM_Ordem_Filogenetica, FAM_Caracteristica) VALUES (79,'Priacanthidae','olhudos', 10,6025, NULL);
INSERT INTO T_Familia (FAM_ID, FAM_Nome, FAM_Tipo, ORD_ID, FAM_Ordem_Filogenetica, FAM_Caracteristica) VALUES (82,'Scombridae', NULL, 10,6055, NULL);
INSERT INTO T_Familia (FAM_ID, FAM_Nome, FAM_Tipo, ORD_ID, FAM_Ordem_Filogenetica, FAM_Caracteristica) VALUES (83,'Balistidae', NULL, 12,6030, NULL);
INSERT INTO T_Familia (FAM_ID, FAM_Nome, FAM_Tipo, ORD_ID, FAM_Ordem_Filogenetica, FAM_Caracteristica) VALUES (84,'Coryphaenidae', NULL, 10, NULL, NULL);
INSERT INTO T_Familia (FAM_ID, FAM_Nome, FAM_Tipo, ORD_ID, FAM_Ordem_Filogenetica, FAM_Caracteristica) VALUES (85,'Lobotidae', NULL, 10, NULL, NULL);
INSERT INTO T_Familia (FAM_ID, FAM_Nome, FAM_Tipo, ORD_ID, FAM_Ordem_Filogenetica, FAM_Caracteristica) VALUES (86,'Rachycentridae', NULL, 10, NULL, NULL);
INSERT INTO T_Familia (FAM_ID, FAM_Nome, FAM_Tipo, ORD_ID, FAM_Ordem_Filogenetica, FAM_Caracteristica) VALUES (87,'Ginglymostomatidae', NULL, 16, NULL, NULL);
INSERT INTO T_Familia (FAM_ID, FAM_Nome, FAM_Tipo, ORD_ID, FAM_Ordem_Filogenetica, FAM_Caracteristica) VALUES (88,'Carcharhinidae', NULL, 17,6020, NULL);
INSERT INTO T_Familia (FAM_ID, FAM_Nome, FAM_Tipo, ORD_ID, FAM_Ordem_Filogenetica, FAM_Caracteristica) VALUES (89,'Xiphiidae', NULL, 10, NULL, NULL);
INSERT INTO T_Familia (FAM_ID, FAM_Nome, FAM_Tipo, ORD_ID, FAM_Ordem_Filogenetica, FAM_Caracteristica) VALUES (90,'Cichlidae', NULL, 10,6050, NULL);
INSERT INTO T_Familia (FAM_ID, FAM_Nome, FAM_Tipo, ORD_ID, FAM_Ordem_Filogenetica, FAM_Caracteristica) VALUES (91,'Clariidae', NULL, 4,6040, NULL);
INSERT INTO T_Familia (FAM_ID, FAM_Nome, FAM_Tipo, ORD_ID, FAM_Ordem_Filogenetica, FAM_Caracteristica) VALUES (92,'Mugilidae', NULL, 18, NULL, NULL);
INSERT INTO T_Familia (FAM_ID, FAM_Nome, FAM_Tipo, ORD_ID, FAM_Ordem_Filogenetica, FAM_Caracteristica) VALUES (93,'Penaeidae', NULL, 19, NULL, NULL);
INSERT INTO T_Familia (FAM_ID, FAM_Nome, FAM_Tipo, ORD_ID, FAM_Ordem_Filogenetica, FAM_Caracteristica) VALUES (94,'Alpheidae', NULL, 19,6010, NULL);
INSERT INTO T_Familia (FAM_ID, FAM_Nome, FAM_Tipo, ORD_ID, FAM_Ordem_Filogenetica, FAM_Caracteristica) VALUES (95,'Outros', NULL, 20, NULL, NULL);
INSERT INTO T_Familia (FAM_ID, FAM_Nome, FAM_Tipo, ORD_ID, FAM_Ordem_Filogenetica, FAM_Caracteristica) VALUES (97,'Albulidae', NULL, 21, NULL, NULL);
INSERT INTO T_Familia (FAM_ID, FAM_Nome, FAM_Tipo, ORD_ID, FAM_Ordem_Filogenetica, FAM_Caracteristica) VALUES (99,'ZZZ', NULL, 1,6045, NULL);
INSERT INTO T_Familia (FAM_ID, FAM_Nome, FAM_Tipo, ORD_ID, FAM_Ordem_Filogenetica, FAM_Caracteristica) VALUES (100,'Centropomidae', NULL, 10, NULL, NULL);
INSERT INTO T_Familia (FAM_ID, FAM_Nome, FAM_Tipo, ORD_ID, FAM_Ordem_Filogenetica, FAM_Caracteristica) VALUES (101,'Holocentridae', NULL, 22,6005, NULL);
INSERT INTO T_Familia (FAM_ID, FAM_Nome, FAM_Tipo, ORD_ID, FAM_Ordem_Filogenetica, FAM_Caracteristica) VALUES (102,'Sparidae', NULL, 10, NULL, NULL);
INSERT INTO T_Familia (FAM_ID, FAM_Nome, FAM_Tipo, ORD_ID, FAM_Ordem_Filogenetica, FAM_Caracteristica) VALUES (103,'Malacanthidae', NULL, 10,6070, NULL);
INSERT INTO T_Familia (FAM_ID, FAM_Nome, FAM_Tipo, ORD_ID, FAM_Ordem_Filogenetica, FAM_Caracteristica) VALUES (105,'Lula', NULL, 23,6080, NULL);
INSERT INTO T_Familia (FAM_ID, FAM_Nome, FAM_Tipo, ORD_ID, FAM_Ordem_Filogenetica, FAM_Caracteristica) VALUES (106,'Gecarcinidae', NULL, 19,6075, NULL);
INSERT INTO T_Familia (FAM_ID, FAM_Nome, FAM_Tipo, ORD_ID, FAM_Ordem_Filogenetica, FAM_Caracteristica) VALUES (107,'Portunidae', NULL, 19, NULL, NULL);
INSERT INTO T_Familia (FAM_ID, FAM_Nome, FAM_Tipo, ORD_ID, FAM_Ordem_Filogenetica, FAM_Caracteristica) VALUES (108,'Palinuridae', NULL, 19,6515, NULL);
INSERT INTO T_Familia (FAM_ID, FAM_Nome, FAM_Tipo, ORD_ID, FAM_Ordem_Filogenetica, FAM_Caracteristica) VALUES (110,'Atherinidae', NULL, 24,6505, NULL);
INSERT INTO T_Familia (FAM_ID, FAM_Nome, FAM_Tipo, ORD_ID, FAM_Ordem_Filogenetica, FAM_Caracteristica) VALUES (111,'Belonidae', NULL, 25,6520, NULL);
INSERT INTO T_Familia (FAM_ID, FAM_Nome, FAM_Tipo, ORD_ID, FAM_Ordem_Filogenetica, FAM_Caracteristica) VALUES (112,'Ciprinidae', NULL, 26,6510, NULL);
INSERT INTO T_Familia (FAM_ID, FAM_Nome, FAM_Tipo, ORD_ID, FAM_Ordem_Filogenetica, FAM_Caracteristica) VALUES (113,'Characidae', NULL, 27,1015, NULL);
INSERT INTO T_Familia (FAM_ID, FAM_Nome, FAM_Tipo, ORD_ID, FAM_Ordem_Filogenetica, FAM_Caracteristica) VALUES (114,'Palaemonidae', NULL, 19,1005, NULL);
INSERT INTO T_Familia (FAM_ID, FAM_Nome, FAM_Tipo, ORD_ID, FAM_Ordem_Filogenetica, FAM_Caracteristica) VALUES (115,'Pomacanthidae', NULL, 10,5505, NULL);
INSERT INTO T_Familia (FAM_ID, FAM_Nome, FAM_Tipo, ORD_ID, FAM_Ordem_Filogenetica, FAM_Caracteristica) VALUES (116,'Hemiramphidae', NULL, 25,5510, NULL);
INSERT INTO T_Familia (FAM_ID, FAM_Nome, FAM_Tipo, ORD_ID, FAM_Ordem_Filogenetica, FAM_Caracteristica) VALUES (117,'Pomacentridae', NULL, 10,5515, NULL);
INSERT INTO T_Familia (FAM_ID, FAM_Nome, FAM_Tipo, ORD_ID, FAM_Ordem_Filogenetica, FAM_Caracteristica) VALUES (118,'Loricariidae', NULL, 4,2505, NULL);
INSERT INTO T_Familia (FAM_ID, FAM_Nome, FAM_Tipo, ORD_ID, FAM_Ordem_Filogenetica, FAM_Caracteristica) VALUES (119,'Ocypodidae', NULL, 19, NULL, NULL);
INSERT INTO T_Familia (FAM_ID, FAM_Nome, FAM_Tipo, ORD_ID, FAM_Ordem_Filogenetica, FAM_Caracteristica) VALUES (120,'Sesarmidae', NULL, 19, NULL, NULL);
INSERT INTO T_Familia (FAM_ID, FAM_Nome, FAM_Tipo, ORD_ID, FAM_Ordem_Filogenetica, FAM_Caracteristica) VALUES (121,'Istiophoridae', NULL, 10, NULL, NULL);
INSERT INTO T_Familia (FAM_ID, FAM_Nome, FAM_Tipo, ORD_ID, FAM_Ordem_Filogenetica, FAM_Caracteristica) VALUES (122,'Kyphosidae', NULL, 10,7020, NULL);
INSERT INTO T_Familia (FAM_ID, FAM_Nome, FAM_Tipo, ORD_ID, FAM_Ordem_Filogenetica, FAM_Caracteristica) VALUES (123,'Megalopidae', NULL, 29, NULL, NULL);
INSERT INTO T_Familia (FAM_ID, FAM_Nome, FAM_Tipo, ORD_ID, FAM_Ordem_Filogenetica, FAM_Caracteristica) VALUES (124,'Scaridae', NULL, 10,7005, NULL);
INSERT INTO T_Familia (FAM_ID, FAM_Nome, FAM_Tipo, ORD_ID, FAM_Ordem_Filogenetica, FAM_Caracteristica) VALUES (125,'Molidae','Peixe lua', 12,7010, NULL);
INSERT INTO T_Familia (FAM_ID, FAM_Nome, FAM_Tipo, ORD_ID, FAM_Ordem_Filogenetica, FAM_Caracteristica) VALUES (126,'Eleotridae', NULL, 10,7015, NULL);

--Genero
INSERT INTO T_Genero (GEN_ID, GEN_Nome, FAM_ID) VALUES (1,'Arius', 1);
INSERT INTO T_Genero (GEN_ID, GEN_Nome, FAM_ID) VALUES (2,'Cathorops', 1);
INSERT INTO T_Genero (GEN_ID, GEN_Nome, FAM_ID) VALUES (3,'Chaetodipterus', 8);
INSERT INTO T_Genero (GEN_ID, GEN_Nome, FAM_ID) VALUES (4,'Chilomycterus', 51);
INSERT INTO T_Genero (GEN_ID, GEN_Nome, FAM_ID) VALUES (5,'Chloroscombrus', 3);
INSERT INTO T_Genero (GEN_ID, GEN_Nome, FAM_ID) VALUES (6,'Dactylopterus', 74);
INSERT INTO T_Genero (GEN_ID, GEN_Nome, FAM_ID) VALUES (7,'Etropus', 12);
INSERT INTO T_Genero (GEN_ID, GEN_Nome, FAM_ID) VALUES (8,'Larimus', 15);
INSERT INTO T_Genero (GEN_ID, GEN_Nome, FAM_ID) VALUES (9,'Menticirrhus', 15);
INSERT INTO T_Genero (GEN_ID, GEN_Nome, FAM_ID) VALUES (10,'Odontognathus', 36);
INSERT INTO T_Genero (GEN_ID, GEN_Nome, FAM_ID) VALUES (11,'Ogcocephalus', 58);
INSERT INTO T_Genero (GEN_ID, GEN_Nome, FAM_ID) VALUES (12,'Paralonchurus', 15);
INSERT INTO T_Genero (GEN_ID, GEN_Nome, FAM_ID) VALUES (13,'Polydactylus', 59);
INSERT INTO T_Genero (GEN_ID, GEN_Nome, FAM_ID) VALUES (14,'Pomadasys', 31);
INSERT INTO T_Genero (GEN_ID, GEN_Nome, FAM_ID) VALUES (15,'Potamarius', 1);
INSERT INTO T_Genero (GEN_ID, GEN_Nome, FAM_ID) VALUES (16,'Selene', 3);
INSERT INTO T_Genero (GEN_ID, GEN_Nome, FAM_ID) VALUES (17,'Sphoeroides', 64);
INSERT INTO T_Genero (GEN_ID, GEN_Nome, FAM_ID) VALUES (18,'Sphyraena', 18);
INSERT INTO T_Genero (GEN_ID, GEN_Nome, FAM_ID) VALUES (19,'Stellifer', 15);
INSERT INTO T_Genero (GEN_ID, GEN_Nome, FAM_ID) VALUES (20,'Syacium', 12);
INSERT INTO T_Genero (GEN_ID, GEN_Nome, FAM_ID) VALUES (21,'Symphurus', 50);
INSERT INTO T_Genero (GEN_ID, GEN_Nome, FAM_ID) VALUES (22,'Trinectes', 45);
INSERT INTO T_Genero (GEN_ID, GEN_Nome, FAM_ID) VALUES (23,'Rhinobatos', 78);
INSERT INTO T_Genero (GEN_ID, GEN_Nome, FAM_ID) VALUES (24,'Sciades', 1);
INSERT INTO T_Genero (GEN_ID, GEN_Nome, FAM_ID) VALUES (25,'Caranx', 3);
INSERT INTO T_Genero (GEN_ID, GEN_Nome, FAM_ID) VALUES (26,'Chirocentrodon', 36);
INSERT INTO T_Genero (GEN_ID, GEN_Nome, FAM_ID) VALUES (27,'Conodon', 31);
INSERT INTO T_Genero (GEN_ID, GEN_Nome, FAM_ID) VALUES (28,'Cynoscion', 15);
INSERT INTO T_Genero (GEN_ID, GEN_Nome, FAM_ID) VALUES (29,'Heteropriacanthus', 79);
INSERT INTO T_Genero (GEN_ID, GEN_Nome, FAM_ID) VALUES (30,'Isopisthus', 15);
INSERT INTO T_Genero (GEN_ID, GEN_Nome, FAM_ID) VALUES (31,'Nebris', 15);
INSERT INTO T_Genero (GEN_ID, GEN_Nome, FAM_ID) VALUES (32,'Pellona', 36);
INSERT INTO T_Genero (GEN_ID, GEN_Nome, FAM_ID) VALUES (33,'Peprilus', 63);
INSERT INTO T_Genero (GEN_ID, GEN_Nome, FAM_ID) VALUES (34,'Lagocephalus', 64);
INSERT INTO T_Genero (GEN_ID, GEN_Nome, FAM_ID) VALUES (35,'Anchoa', 7);
INSERT INTO T_Genero (GEN_ID, GEN_Nome, FAM_ID) VALUES (36,'Macrodon', 15);
INSERT INTO T_Genero (GEN_ID, GEN_Nome, FAM_ID) VALUES (37,'Ophichthus', 76);
INSERT INTO T_Genero (GEN_ID, GEN_Nome, FAM_ID) VALUES (38,'Anchoviella', 7);
INSERT INTO T_Genero (GEN_ID, GEN_Nome, FAM_ID) VALUES (39,'Trichiurus', 19);
INSERT INTO T_Genero (GEN_ID, GEN_Nome, FAM_ID) VALUES (40,'Genidens', 1);
INSERT INTO T_Genero (GEN_ID, GEN_Nome, FAM_ID) VALUES (41,'Acanthurus', 70);
INSERT INTO T_Genero (GEN_ID, GEN_Nome, FAM_ID) VALUES (42,'Genyatremus', 31);
INSERT INTO T_Genero (GEN_ID, GEN_Nome, FAM_ID) VALUES (43,'Cetengraulis', 7);
INSERT INTO T_Genero (GEN_ID, GEN_Nome, FAM_ID) VALUES (44,'Lycengraulis', 7);
INSERT INTO T_Genero (GEN_ID, GEN_Nome, FAM_ID) VALUES (45,'Eucinostomus', 54);
INSERT INTO T_Genero (GEN_ID, GEN_Nome, FAM_ID) VALUES (46,'Lutjanus', 33);
INSERT INTO T_Genero (GEN_ID, GEN_Nome, FAM_ID) VALUES (47,'Ophidion', 75);
INSERT INTO T_Genero (GEN_ID, GEN_Nome, FAM_ID) VALUES (48,'Prionotus', 66);
INSERT INTO T_Genero (GEN_ID, GEN_Nome, FAM_ID) VALUES (49,'Achirus', 45);
INSERT INTO T_Genero (GEN_ID, GEN_Nome, FAM_ID) VALUES (50,'Raneya', 75);
INSERT INTO T_Genero (GEN_ID, GEN_Nome, FAM_ID) VALUES (51,'Gymnura', 22);
INSERT INTO T_Genero (GEN_ID, GEN_Nome, FAM_ID) VALUES (52,'Ctenosciaena', 15);
INSERT INTO T_Genero (GEN_ID, GEN_Nome, FAM_ID) VALUES (53,'Dasyatis', 23);
INSERT INTO T_Genero (GEN_ID, GEN_Nome, FAM_ID) VALUES (54,'Synodus', 61);
INSERT INTO T_Genero (GEN_ID, GEN_Nome, FAM_ID) VALUES (55,'Rypticus', 17);
INSERT INTO T_Genero (GEN_ID, GEN_Nome, FAM_ID) VALUES (56,'Diplectrum', 17);
INSERT INTO T_Genero (GEN_ID, GEN_Nome, FAM_ID) VALUES (57,'Paralichthys', 12);
INSERT INTO T_Genero (GEN_ID, GEN_Nome, FAM_ID) VALUES (58,'Gymnothorax', 67);
INSERT INTO T_Genero (GEN_ID, GEN_Nome, FAM_ID) VALUES (59,'Engraulis', 7);
INSERT INTO T_Genero (GEN_ID, GEN_Nome, FAM_ID) VALUES (60,'Harengula', 6);
INSERT INTO T_Genero (GEN_ID, GEN_Nome, FAM_ID) VALUES (61,'Aluterus', 10);
INSERT INTO T_Genero (GEN_ID, GEN_Nome, FAM_ID) VALUES (62,'Monacantus', 10);
INSERT INTO T_Genero (GEN_ID, GEN_Nome, FAM_ID) VALUES (63,'Bothus', 69);
INSERT INTO T_Genero (GEN_ID, GEN_Nome, FAM_ID) VALUES (64,'Cyclopsetta', 12);
INSERT INTO T_Genero (GEN_ID, GEN_Nome, FAM_ID) VALUES (65,'Lepophidium', 75);
INSERT INTO T_Genero (GEN_ID, GEN_Nome, FAM_ID) VALUES (66,'Scorpaena', 60);
INSERT INTO T_Genero (GEN_ID, GEN_Nome, FAM_ID) VALUES (67,'Upeneus', 72);
INSERT INTO T_Genero (GEN_ID, GEN_Nome, FAM_ID) VALUES (68,'Acanthostracion', 73);
INSERT INTO T_Genero (GEN_ID, GEN_Nome, FAM_ID) VALUES (69,'Porichthys', 30);
INSERT INTO T_Genero (GEN_ID, GEN_Nome, FAM_ID) VALUES (70,'Cantherhines', 10);
INSERT INTO T_Genero (GEN_ID, GEN_Nome, FAM_ID) VALUES (71,'Diapterus', 54);
INSERT INTO T_Genero (GEN_ID, GEN_Nome, FAM_ID) VALUES (73,'Catathyridium', 45);
INSERT INTO T_Genero (GEN_ID, GEN_Nome, FAM_ID) VALUES (74,'Hoplunnis', 77);
INSERT INTO T_Genero (GEN_ID, GEN_Nome, FAM_ID) VALUES (75,'Fistularia', 71);
INSERT INTO T_Genero (GEN_ID, GEN_Nome, FAM_ID) VALUES (76,'Microgobius', 65);
INSERT INTO T_Genero (GEN_ID, GEN_Nome, FAM_ID) VALUES (79,'Ocyurus', 33);
INSERT INTO T_Genero (GEN_ID, GEN_Nome, FAM_ID) VALUES (80,'Epinephelus', 17);
INSERT INTO T_Genero (GEN_ID, GEN_Nome, FAM_ID) VALUES (81,'Mycteroperca', 17);
INSERT INTO T_Genero (GEN_ID, GEN_Nome, FAM_ID) VALUES (82,'Cephalopholis', 17);
INSERT INTO T_Genero (GEN_ID, GEN_Nome, FAM_ID) VALUES (83,'Euthynnus', 82);
INSERT INTO T_Genero (GEN_ID, GEN_Nome, FAM_ID) VALUES (84,'Thunnus', 82);
INSERT INTO T_Genero (GEN_ID, GEN_Nome, FAM_ID) VALUES (85,'Balistes', 83);
INSERT INTO T_Genero (GEN_ID, GEN_Nome, FAM_ID) VALUES (86,'Seriola', 3);
INSERT INTO T_Genero (GEN_ID, GEN_Nome, FAM_ID) VALUES (87,'Coryphaena', 84);
INSERT INTO T_Genero (GEN_ID, GEN_Nome, FAM_ID) VALUES (88,'Lobotes', 85);
INSERT INTO T_Genero (GEN_ID, GEN_Nome, FAM_ID) VALUES (89,'Scomberomorus', 82);
INSERT INTO T_Genero (GEN_ID, GEN_Nome, FAM_ID) VALUES (90,'Rachycentron', 86);
INSERT INTO T_Genero (GEN_ID, GEN_Nome, FAM_ID) VALUES (91,'Ginglymostoma', 87);
INSERT INTO T_Genero (GEN_ID, GEN_Nome, FAM_ID) VALUES (92,'Prionace', 88);
INSERT INTO T_Genero (GEN_ID, GEN_Nome, FAM_ID) VALUES (93,'Alectis', 3);
INSERT INTO T_Genero (GEN_ID, GEN_Nome, FAM_ID) VALUES (94,'Haemulon', 31);
INSERT INTO T_Genero (GEN_ID, GEN_Nome, FAM_ID) VALUES (95,'Xiphias', 89);
INSERT INTO T_Genero (GEN_ID, GEN_Nome, FAM_ID) VALUES (96,'Oreochromis', 90);
INSERT INTO T_Genero (GEN_ID, GEN_Nome, FAM_ID) VALUES (97,'Clarias', 91);
INSERT INTO T_Genero (GEN_ID, GEN_Nome, FAM_ID) VALUES (98,'Mugil', 92);
INSERT INTO T_Genero (GEN_ID, GEN_Nome, FAM_ID) VALUES (99,'Xiphopenaeus', 93);
INSERT INTO T_Genero (GEN_ID, GEN_Nome, FAM_ID) VALUES (100,'Litopenaeus', 94);
INSERT INTO T_Genero (GEN_ID, GEN_Nome, FAM_ID) VALUES (101,'Farfantepenaeus', 93);
INSERT INTO T_Genero (GEN_ID, GEN_Nome, FAM_ID) VALUES (102,'Outros', 95);
INSERT INTO T_Genero (GEN_ID, GEN_Nome, FAM_ID) VALUES (103,'Micropogonias', 15);
INSERT INTO T_Genero (GEN_ID, GEN_Nome, FAM_ID) VALUES (106,'Albula', 97);
INSERT INTO T_Genero (GEN_ID, GEN_Nome, FAM_ID) VALUES (109,'zzz', 99);
INSERT INTO T_Genero (GEN_ID, GEN_Nome, FAM_ID) VALUES (110,'Centropomus', 100);
INSERT INTO T_Genero (GEN_ID, GEN_Nome, FAM_ID) VALUES (111,'Cichla', 90);
INSERT INTO T_Genero (GEN_ID, GEN_Nome, FAM_ID) VALUES (112,'Holocentrus', 101);
INSERT INTO T_Genero (GEN_ID, GEN_Nome, FAM_ID) VALUES (113,'Anisotremus', 31);
INSERT INTO T_Genero (GEN_ID, GEN_Nome, FAM_ID) VALUES (115,'Trachinotus', 3);
INSERT INTO T_Genero (GEN_ID, GEN_Nome, FAM_ID) VALUES (116,'Carangoides', 3);
INSERT INTO T_Genero (GEN_ID, GEN_Nome, FAM_ID) VALUES (117,'Calamus', 102);
INSERT INTO T_Genero (GEN_ID, GEN_Nome, FAM_ID) VALUES (118,'Pseudupeneus', 72);
INSERT INTO T_Genero (GEN_ID, GEN_Nome, FAM_ID) VALUES (119,'Mulloidichthys', 72);
INSERT INTO T_Genero (GEN_ID, GEN_Nome, FAM_ID) VALUES (120,'Malacanthus', 103);
INSERT INTO T_Genero (GEN_ID, GEN_Nome, FAM_ID) VALUES (122,'Lula', 105);
INSERT INTO T_Genero (GEN_ID, GEN_Nome, FAM_ID) VALUES (125,'Geophagus', 90);
INSERT INTO T_Genero (GEN_ID, GEN_Nome, FAM_ID) VALUES (126,'Cardisoma', 106);
INSERT INTO T_Genero (GEN_ID, GEN_Nome, FAM_ID) VALUES (127,'Callinectes', 107);
INSERT INTO T_Genero (GEN_ID, GEN_Nome, FAM_ID) VALUES (128,'Odontoscion', 15);
INSERT INTO T_Genero (GEN_ID, GEN_Nome, FAM_ID) VALUES (130,'Lagosta', 108);
INSERT INTO T_Genero (GEN_ID, GEN_Nome, FAM_ID) VALUES (131,'Acanthocybium', 82);
INSERT INTO T_Genero (GEN_ID, GEN_Nome, FAM_ID) VALUES (134,'Strongylura', 111);
INSERT INTO T_Genero (GEN_ID, GEN_Nome, FAM_ID) VALUES (135,'Cyprinus', 112);
INSERT INTO T_Genero (GEN_ID, GEN_Nome, FAM_ID) VALUES (136,'Astyanax', 113);
INSERT INTO T_Genero (GEN_ID, GEN_Nome, FAM_ID) VALUES (137,'Macrobrachium', 114);
INSERT INTO T_Genero (GEN_ID, GEN_Nome, FAM_ID) VALUES (138,'Pomacanthus', 115);
INSERT INTO T_Genero (GEN_ID, GEN_Nome, FAM_ID) VALUES (139,'Hemiramphus', 116);
INSERT INTO T_Genero (GEN_ID, GEN_Nome, FAM_ID) VALUES (140,'Opisthonema', 6);
INSERT INTO T_Genero (GEN_ID, GEN_Nome, FAM_ID) VALUES (141,'Paranthias', 17);
INSERT INTO T_Genero (GEN_ID, GEN_Nome, FAM_ID) VALUES (142,'Abudefduf', 117);
INSERT INTO T_Genero (GEN_ID, GEN_Nome, FAM_ID) VALUES (143,'Rhomboplites', 33);
INSERT INTO T_Genero (GEN_ID, GEN_Nome, FAM_ID) VALUES (144,'Cascudo', 118);
INSERT INTO T_Genero (GEN_ID, GEN_Nome, FAM_ID) VALUES (145,'Oligoplites', 3);
INSERT INTO T_Genero (GEN_ID, GEN_Nome, FAM_ID) VALUES (146,'Ucides', 119);
INSERT INTO T_Genero (GEN_ID, GEN_Nome, FAM_ID) VALUES (147,'Aratus', 120);
INSERT INTO T_Genero (GEN_ID, GEN_Nome, FAM_ID) VALUES (148,'Elegatis', 3);
INSERT INTO T_Genero (GEN_ID, GEN_Nome, FAM_ID) VALUES (149,'Etelis', 33);
INSERT INTO T_Genero (GEN_ID, GEN_Nome, FAM_ID) VALUES (150,'Istiophorus', 121);
INSERT INTO T_Genero (GEN_ID, GEN_Nome, FAM_ID) VALUES (151,'Kyphosus', 122);
INSERT INTO T_Genero (GEN_ID, GEN_Nome, FAM_ID) VALUES (152,'Megalops', 123);
INSERT INTO T_Genero (GEN_ID, GEN_Nome, FAM_ID) VALUES (153,'Myrichthys', 76);
INSERT INTO T_Genero (GEN_ID, GEN_Nome, FAM_ID) VALUES (156,'Sparisoma', 124);
INSERT INTO T_Genero (GEN_ID, GEN_Nome, FAM_ID) VALUES (157,'Peixe lua', 125);
INSERT INTO T_Genero (GEN_ID, GEN_Nome, FAM_ID) VALUES (158,'Sametaria', 15);
INSERT INTO T_Genero (GEN_ID, GEN_Nome, FAM_ID) VALUES (159,'Cação', 88);
INSERT INTO T_Genero (GEN_ID, GEN_Nome, FAM_ID) VALUES (160,'Dormitator', 126);
INSERT INTO T_Genero (GEN_ID, GEN_Nome, FAM_ID) VALUES (161,'Morea', 67);

-- Espécie
INSERT INTO T_Especie (ESP_ID, ESP_Nome, ESP_Nome_Comum,  ESP_Descritor, GEN_ID) VALUES ( 4151,'Caranx latus','Graçaim','(Agassiz, 1831)', 25);
INSERT INTO T_Especie (ESP_ID, ESP_Nome, ESP_Nome_Comum,  ESP_Descritor, GEN_ID) VALUES ( 4154,'Caranx crysus','Guaricema', NULL, 25);
INSERT INTO T_Especie (ESP_ID, ESP_Nome, ESP_Nome_Comum,  ESP_Descritor, GEN_ID) VALUES ( 4168,'Eucinostomus spp.','Carapeba','(Quoy & Gaimard, 1824)', 45);
INSERT INTO T_Especie (ESP_ID, ESP_Nome, ESP_Nome_Comum,  ESP_Descritor, GEN_ID) VALUES ( 4176,'Lutjanus synagris','Ariacó','(Linnaeus, 1758)', 46);
INSERT INTO T_Especie (ESP_ID, ESP_Nome, ESP_Nome_Comum,  ESP_Descritor, GEN_ID) VALUES ( 4205,'Dasyatis spp.','Arraia','(Bloch & Schneider, 1801)', 53);
INSERT INTO T_Especie (ESP_ID, ESP_Nome, ESP_Nome_Comum,  ESP_Descritor, GEN_ID) VALUES ( 4224,'Sphyraena sp','Bicuda', NULL, 18);
INSERT INTO T_Especie (ESP_ID, ESP_Nome, ESP_Nome_Comum,  ESP_Descritor, GEN_ID) VALUES ( 4487,'Caranx hippos','Xaréu','(Linnaeus, 1766)', 25);
INSERT INTO T_Especie (ESP_ID, ESP_Nome, ESP_Nome_Comum,  ESP_Descritor, GEN_ID) VALUES ( 4508,'Ocyurus chrysurus','Guaiúba','(Bloch, 1791)', 79);
INSERT INTO T_Especie (ESP_ID, ESP_Nome, ESP_Nome_Comum,  ESP_Descritor, GEN_ID) VALUES ( 4509,'Lutjanus jocu','Dentão', NULL, 46);
INSERT INTO T_Especie (ESP_ID, ESP_Nome, ESP_Nome_Comum,  ESP_Descritor, GEN_ID) VALUES ( 4510,'Lutjanus analis','Cioba', NULL, 46);
INSERT INTO T_Especie (ESP_ID, ESP_Nome, ESP_Nome_Comum,  ESP_Descritor, GEN_ID) VALUES ( 4511,'Epinephelus adscensionis','Mero gato', NULL, 80);
INSERT INTO T_Especie (ESP_ID, ESP_Nome, ESP_Nome_Comum,  ESP_Descritor, GEN_ID) VALUES ( 4512,'Mycteroperca interstitialis','Mero cabrinha', NULL, 81);
INSERT INTO T_Especie (ESP_ID, ESP_Nome, ESP_Nome_Comum,  ESP_Descritor, GEN_ID) VALUES ( 4513,'Cephalopholis fulva','Jabú', NULL, 82);
INSERT INTO T_Especie (ESP_ID, ESP_Nome, ESP_Nome_Comum,  ESP_Descritor, GEN_ID) VALUES ( 4514,'Euthynnus alletteratus','Bonito', NULL, 83);
INSERT INTO T_Especie (ESP_ID, ESP_Nome, ESP_Nome_Comum,  ESP_Descritor, GEN_ID) VALUES ( 4515,'Thunnus spp.','Atum', NULL, 84);
INSERT INTO T_Especie (ESP_ID, ESP_Nome, ESP_Nome_Comum,  ESP_Descritor, GEN_ID) VALUES ( 4516,'Balistes vetula','Peroá', NULL, 85);
INSERT INTO T_Especie (ESP_ID, ESP_Nome, ESP_Nome_Comum,  ESP_Descritor, GEN_ID) VALUES ( 4517,'Seriola spp.','Olho de boi', NULL, 86);
INSERT INTO T_Especie (ESP_ID, ESP_Nome, ESP_Nome_Comum,  ESP_Descritor, GEN_ID) VALUES ( 4518,'Coryphaena hippurus','Dourado', NULL, 87);
INSERT INTO T_Especie (ESP_ID, ESP_Nome, ESP_Nome_Comum,  ESP_Descritor, GEN_ID) VALUES ( 4519,'Lobotes surinamensis','Dorminhoco', NULL, 88);
INSERT INTO T_Especie (ESP_ID, ESP_Nome, ESP_Nome_Comum,  ESP_Descritor, GEN_ID) VALUES ( 4520,'Scomberomorus cavalla','Cavala', NULL, 89);
INSERT INTO T_Especie (ESP_ID, ESP_Nome, ESP_Nome_Comum,  ESP_Descritor, GEN_ID) VALUES ( 4521,'Rachycentron canadum','Bijupirá', NULL, 90);
INSERT INTO T_Especie (ESP_ID, ESP_Nome, ESP_Nome_Comum,  ESP_Descritor, GEN_ID) VALUES ( 4522,'Ginglymostoma cirratum','Cação lixa', NULL, 91);
INSERT INTO T_Especie (ESP_ID, ESP_Nome, ESP_Nome_Comum,  ESP_Descritor, GEN_ID) VALUES ( 4523,'Prionace glauca','Cação azul', NULL, 92);
INSERT INTO T_Especie (ESP_ID, ESP_Nome, ESP_Nome_Comum,  ESP_Descritor, GEN_ID) VALUES ( 4524,'Mycteroperca bonaci','Badejo', NULL, 81);
INSERT INTO T_Especie (ESP_ID, ESP_Nome, ESP_Nome_Comum,  ESP_Descritor, GEN_ID) VALUES ( 4525,'Alectis ciliaris','Aracanguira', NULL, 93);
INSERT INTO T_Especie (ESP_ID, ESP_Nome, ESP_Nome_Comum,  ESP_Descritor, GEN_ID) VALUES ( 4526,'Haemulon parra','Biquara', NULL, 94);
INSERT INTO T_Especie (ESP_ID, ESP_Nome, ESP_Nome_Comum,  ESP_Descritor, GEN_ID) VALUES ( 4527,'Xiphias gladius','Meca', NULL, 95);
INSERT INTO T_Especie (ESP_ID, ESP_Nome, ESP_Nome_Comum,  ESP_Descritor, GEN_ID) VALUES ( 4528,'Oreochromis niloticus','Tilápia', NULL, 96);
INSERT INTO T_Especie (ESP_ID, ESP_Nome, ESP_Nome_Comum,  ESP_Descritor, GEN_ID) VALUES ( 4529,'Clarias gariepinus','Bagre africano', NULL, 97);
INSERT INTO T_Especie (ESP_ID, ESP_Nome, ESP_Nome_Comum,  ESP_Descritor, GEN_ID) VALUES ( 4530,'Mugil spp.','Tainha', NULL, 98);
INSERT INTO T_Especie (ESP_ID, ESP_Nome, ESP_Nome_Comum,  ESP_Descritor, GEN_ID) VALUES ( 4532,'Xiphopenaeus kroyeri','7 barbas', NULL, 99);
INSERT INTO T_Especie (ESP_ID, ESP_Nome, ESP_Nome_Comum,  ESP_Descritor, GEN_ID) VALUES ( 4533,'Litopenaeus schimitti','Pistola', NULL, 100);
INSERT INTO T_Especie (ESP_ID, ESP_Nome, ESP_Nome_Comum,  ESP_Descritor, GEN_ID) VALUES ( 4534,'Farfantepenaeus brasiliensis','Rosa', NULL, 101);
INSERT INTO T_Especie (ESP_ID, ESP_Nome, ESP_Nome_Comum,  ESP_Descritor, GEN_ID) VALUES ( 4535,'Vária espécies de peixes','Moamba', NULL, 102);
INSERT INTO T_Especie (ESP_ID, ESP_Nome, ESP_Nome_Comum,  ESP_Descritor, GEN_ID) VALUES ( 4538,'Micropogonias furnieri','Corvina', NULL, 103);
INSERT INTO T_Especie (ESP_ID, ESP_Nome, ESP_Nome_Comum,  ESP_Descritor, GEN_ID) VALUES ( 4541,'Albula vulpes','Ubarana', NULL, 106);
INSERT INTO T_Especie (ESP_ID, ESP_Nome, ESP_Nome_Comum,  ESP_Descritor, GEN_ID) VALUES ( 4543,'Scomberomorus brasiliensis','Sororoca', NULL, 89);
INSERT INTO T_Especie (ESP_ID, ESP_Nome, ESP_Nome_Comum,  ESP_Descritor, GEN_ID) VALUES ( 4546,'Anchoviella spp.','Manjuba', NULL, 38);
INSERT INTO T_Especie (ESP_ID, ESP_Nome, ESP_Nome_Comum,  ESP_Descritor, GEN_ID) VALUES ( 4548,'Centropomus sp.','Robalo', NULL, 110);
INSERT INTO T_Especie (ESP_ID, ESP_Nome, ESP_Nome_Comum,  ESP_Descritor, GEN_ID) VALUES ( 4549,'Cichla sp.','Tucunaré verdadeiro', NULL, 111);
INSERT INTO T_Especie (ESP_ID, ESP_Nome, ESP_Nome_Comum,  ESP_Descritor, GEN_ID) VALUES ( 4550,'Holocentrus adscensionis','Jaguaraça', NULL, 112);
INSERT INTO T_Especie (ESP_ID, ESP_Nome, ESP_Nome_Comum,  ESP_Descritor, GEN_ID) VALUES ( 4551,'Anisotremus surinamensis','Sargo', NULL, 113);
INSERT INTO T_Especie (ESP_ID, ESP_Nome, ESP_Nome_Comum,  ESP_Descritor, GEN_ID) VALUES ( 4552,'Chloroscombrus chrysurus','Garapau', NULL, 5);
INSERT INTO T_Especie (ESP_ID, ESP_Nome, ESP_Nome_Comum,  ESP_Descritor, GEN_ID) VALUES ( 4553,'Trachinotus spp.','Pampo', NULL, 115);
INSERT INTO T_Especie (ESP_ID, ESP_Nome, ESP_Nome_Comum,  ESP_Descritor, GEN_ID) VALUES ( 4554,'Selene spp.','Peixe Galo', NULL, 16);
INSERT INTO T_Especie (ESP_ID, ESP_Nome, ESP_Nome_Comum,  ESP_Descritor, GEN_ID) VALUES ( 4555,'Carangoides bartholomaei','Guarajuba', NULL, 116);
INSERT INTO T_Especie (ESP_ID, ESP_Nome, ESP_Nome_Comum,  ESP_Descritor, GEN_ID) VALUES ( 4556,'Cynoscion acoupa','Pescada amarela', NULL, 28);
INSERT INTO T_Especie (ESP_ID, ESP_Nome, ESP_Nome_Comum,  ESP_Descritor, GEN_ID) VALUES ( 4557,'Calamus pennatula','Peixe pena', NULL, 117);
INSERT INTO T_Especie (ESP_ID, ESP_Nome, ESP_Nome_Comum,  ESP_Descritor, GEN_ID) VALUES ( 4558,'Trichiurus lepturus','Espada', NULL, 39);
INSERT INTO T_Especie (ESP_ID, ESP_Nome, ESP_Nome_Comum,  ESP_Descritor, GEN_ID) VALUES ( 4559,'Pseudupeneus maculatus','Saramonete/Salmonete', NULL, 118);
INSERT INTO T_Especie (ESP_ID, ESP_Nome, ESP_Nome_Comum,  ESP_Descritor, GEN_ID) VALUES ( 4560,'Mulloidichthys martinicus','Saramonete Rei', NULL, 119);
INSERT INTO T_Especie (ESP_ID, ESP_Nome, ESP_Nome_Comum,  ESP_Descritor, GEN_ID) VALUES ( 4561,'Polydactylus virginicus','Barbudo', NULL, 13);
INSERT INTO T_Especie (ESP_ID, ESP_Nome, ESP_Nome_Comum,  ESP_Descritor, GEN_ID) VALUES ( 4562,'Dactylopterus volitans','Voador', NULL, 6);
INSERT INTO T_Especie (ESP_ID, ESP_Nome, ESP_Nome_Comum,  ESP_Descritor, GEN_ID) VALUES ( 4563,'Malacanthus plumieri','Bom nome', NULL, 120);
INSERT INTO T_Especie (ESP_ID, ESP_Nome, ESP_Nome_Comum,  ESP_Descritor, GEN_ID) VALUES ( 4565,'Lula','Lula', NULL, 122);
INSERT INTO T_Especie (ESP_ID, ESP_Nome, ESP_Nome_Comum,  ESP_Descritor, GEN_ID) VALUES ( 4568,'Lutjanus sp.','Vermelho', NULL, 46);
INSERT INTO T_Especie (ESP_ID, ESP_Nome, ESP_Nome_Comum,  ESP_Descritor, GEN_ID) VALUES ( 4573,'Pesarigo','Pesarigo', NULL, 102);
INSERT INTO T_Especie (ESP_ID, ESP_Nome, ESP_Nome_Comum,  ESP_Descritor, GEN_ID) VALUES ( 4574,'Fornicida','Fornicida', NULL, 102);
INSERT INTO T_Especie (ESP_ID, ESP_Nome, ESP_Nome_Comum,  ESP_Descritor, GEN_ID) VALUES ( 4576,'Menticirrhus americanus','Corre costa', NULL, 9);
INSERT INTO T_Especie (ESP_ID, ESP_Nome, ESP_Nome_Comum,  ESP_Descritor, GEN_ID) VALUES ( 4577,'Larimus breviceps','Boca torta', NULL, 8);
INSERT INTO T_Especie (ESP_ID, ESP_Nome, ESP_Nome_Comum,  ESP_Descritor, GEN_ID) VALUES ( 4579,'Geophagus sp.','Corró', NULL, 125);
INSERT INTO T_Especie (ESP_ID, ESP_Nome, ESP_Nome_Comum,  ESP_Descritor, GEN_ID) VALUES ( 4580,'Cardisoma guanhumi','Gaiamum', NULL, 126);
INSERT INTO T_Especie (ESP_ID, ESP_Nome, ESP_Nome_Comum,  ESP_Descritor, GEN_ID) VALUES ( 4581,'Callinectes sp','Siri', NULL, 127);
INSERT INTO T_Especie (ESP_ID, ESP_Nome, ESP_Nome_Comum,  ESP_Descritor, GEN_ID) VALUES ( 4583,'Sciades sp.','Bagre', NULL, 24);
INSERT INTO T_Especie (ESP_ID, ESP_Nome, ESP_Nome_Comum,  ESP_Descritor, GEN_ID) VALUES ( 4584,'Sphyraena picudilla','Bicoara', NULL, 18);
INSERT INTO T_Especie (ESP_ID, ESP_Nome, ESP_Nome_Comum,  ESP_Descritor, GEN_ID) VALUES ( 4585,'Cynocion spp.','Pescada', NULL, 28);
INSERT INTO T_Especie (ESP_ID, ESP_Nome, ESP_Nome_Comum,  ESP_Descritor, GEN_ID) VALUES ( 4586,'Odontoscion dentex','Pescada verdadeira', NULL, 128);
INSERT INTO T_Especie (ESP_ID, ESP_Nome, ESP_Nome_Comum,  ESP_Descritor, GEN_ID) VALUES ( 4587,'Isopisthus parvipinnis','Pescadinha', NULL, 30);
INSERT INTO T_Especie (ESP_ID, ESP_Nome, ESP_Nome_Comum,  ESP_Descritor, GEN_ID) VALUES ( 4588,'Lagosta','Lagosta', NULL, 130);
INSERT INTO T_Especie (ESP_ID, ESP_Nome, ESP_Nome_Comum,  ESP_Descritor, GEN_ID) VALUES ( 4589,'Sphyraena barracuda','Pescada Goiva', NULL, 18);
INSERT INTO T_Especie (ESP_ID, ESP_Nome, ESP_Nome_Comum,  ESP_Descritor, GEN_ID) VALUES ( 4590,'Acanthocybium solandri','Cavala aipim', NULL, 131);
INSERT INTO T_Especie (ESP_ID, ESP_Nome, ESP_Nome_Comum,  ESP_Descritor, GEN_ID) VALUES ( 4592,'Strongylura timucu','Agulhão', NULL, 134);
INSERT INTO T_Especie (ESP_ID, ESP_Nome, ESP_Nome_Comum,  ESP_Descritor, GEN_ID) VALUES ( 4593,'Cyphocharax gilbert','Carpa', NULL, 135);
INSERT INTO T_Especie (ESP_ID, ESP_Nome, ESP_Nome_Comum,  ESP_Descritor, GEN_ID) VALUES ( 4594,'Astyanax sp.','Piaba', NULL, 136);
INSERT INTO T_Especie (ESP_ID, ESP_Nome, ESP_Nome_Comum,  ESP_Descritor, GEN_ID) VALUES ( 4595,'Baiacu','Baiacu', NULL, 68);
INSERT INTO T_Especie (ESP_ID, ESP_Nome, ESP_Nome_Comum,  ESP_Descritor, GEN_ID) VALUES ( 4596,'Macrobrachium acanthurus','Calambau', NULL, 137);
INSERT INTO T_Especie (ESP_ID, ESP_Nome, ESP_Nome_Comum,  ESP_Descritor, GEN_ID) VALUES ( 4597,'Pomacanthus paru','Paru', NULL, 138);
INSERT INTO T_Especie (ESP_ID, ESP_Nome, ESP_Nome_Comum,  ESP_Descritor, GEN_ID) VALUES ( 4598,'Hemiramphus spp.','Agulhinha', NULL, 139);
INSERT INTO T_Especie (ESP_ID, ESP_Nome, ESP_Nome_Comum,  ESP_Descritor, GEN_ID) VALUES ( 4599,'Gymnothorax moringa','Caramuru', NULL, 58);
INSERT INTO T_Especie (ESP_ID, ESP_Nome, ESP_Nome_Comum,  ESP_Descritor, GEN_ID) VALUES ( 4600,'Anisotremus virginicus','Frade', NULL, 113);
INSERT INTO T_Especie (ESP_ID, ESP_Nome, ESP_Nome_Comum,  ESP_Descritor, GEN_ID) VALUES ( 4601,'Caranx lugubris','Xaréu preto', NULL, 25);
INSERT INTO T_Especie (ESP_ID, ESP_Nome, ESP_Nome_Comum,  ESP_Descritor, GEN_ID) VALUES ( 4602,'Opisthonema oglinum','Mançambê', NULL, 140);
INSERT INTO T_Especie (ESP_ID, ESP_Nome, ESP_Nome_Comum,  ESP_Descritor, GEN_ID) VALUES ( 4604,'Paranthias furcifer','Mata caboclo', NULL, 141);
INSERT INTO T_Especie (ESP_ID, ESP_Nome, ESP_Nome_Comum,  ESP_Descritor, GEN_ID) VALUES ( 4605,'Abudefduf saxatilis','Maná', NULL, 142);
INSERT INTO T_Especie (ESP_ID, ESP_Nome, ESP_Nome_Comum,  ESP_Descritor, GEN_ID) VALUES ( 4606,'Rhomboplites aurorubens','Paramirim', NULL, 143);
INSERT INTO T_Especie (ESP_ID, ESP_Nome, ESP_Nome_Comum,  ESP_Descritor, GEN_ID) VALUES ( 4607,'Cascudo','Cascudo', NULL, 144);
INSERT INTO T_Especie (ESP_ID, ESP_Nome, ESP_Nome_Comum,  ESP_Descritor, GEN_ID) VALUES ( 4608,'Jaçaí','Jaçaí', NULL, 102);
INSERT INTO T_Especie (ESP_ID, ESP_Nome, ESP_Nome_Comum,  ESP_Descritor, GEN_ID) VALUES ( 4609,'Pitangola','Pitangola', NULL, 102);
INSERT INTO T_Especie (ESP_ID, ESP_Nome, ESP_Nome_Comum,  ESP_Descritor, GEN_ID) VALUES ( 4610,'Oligoplites saurus','Guaibira', NULL, 145);
INSERT INTO T_Especie (ESP_ID, ESP_Nome, ESP_Nome_Comum,  ESP_Descritor, GEN_ID) VALUES ( 4611,'Ucides cordatus','Caranguejo', NULL, 146);
INSERT INTO T_Especie (ESP_ID, ESP_Nome, ESP_Nome_Comum,  ESP_Descritor, GEN_ID) VALUES ( 4612,'Aratus pisonii','Aratu', NULL, 147);
INSERT INTO T_Especie (ESP_ID, ESP_Nome, ESP_Nome_Comum,  ESP_Descritor, GEN_ID) VALUES ( 4615,'Chagolão','Chagolão', NULL, 102);
INSERT INTO T_Especie (ESP_ID, ESP_Nome, ESP_Nome_Comum,  ESP_Descritor, GEN_ID) VALUES ( 4618,'Jaburisa','Jaburisa', NULL, 102);
INSERT INTO T_Especie (ESP_ID, ESP_Nome, ESP_Nome_Comum,  ESP_Descritor, GEN_ID) VALUES ( 4619,'Anisotremus moricandi','Pano de costa', NULL, 113);
INSERT INTO T_Especie (ESP_ID, ESP_Nome, ESP_Nome_Comum,  ESP_Descritor, GEN_ID) VALUES ( 4621,'Maria velha','Maria velha', NULL, 102);
INSERT INTO T_Especie (ESP_ID, ESP_Nome, ESP_Nome_Comum,  ESP_Descritor, GEN_ID) VALUES ( 4622,'Sardinha','Sardinha', NULL, 102);
INSERT INTO T_Especie (ESP_ID, ESP_Nome, ESP_Nome_Comum,  ESP_Descritor, GEN_ID) VALUES ( 4623,'Lagocephalus leavigatus','Baiacu arara', NULL, 34);
INSERT INTO T_Especie (ESP_ID, ESP_Nome, ESP_Nome_Comum,  ESP_Descritor, GEN_ID) VALUES ( 4624,'Aluterus monocerus','Peixe rato', NULL, 61);
INSERT INTO T_Especie (ESP_ID, ESP_Nome, ESP_Nome_Comum,  ESP_Descritor, GEN_ID) VALUES ( 4626,'Stellifer rastrifer','Mirucaia', NULL, 19);
INSERT INTO T_Especie (ESP_ID, ESP_Nome, ESP_Nome_Comum,  ESP_Descritor, GEN_ID) VALUES ( 4627,'Balistes capriscus','Peroá branco', NULL, 85);
INSERT INTO T_Especie (ESP_ID, ESP_Nome, ESP_Nome_Comum,  ESP_Descritor, GEN_ID) VALUES ( 4628,'Cathorops spixii','Bagre amarelo', NULL, 2);
INSERT INTO T_Especie (ESP_ID, ESP_Nome, ESP_Nome_Comum,  ESP_Descritor, GEN_ID) VALUES ( 4629,'Ctenosciaena gracilicirrhus','Papa terra', NULL, 52);
INSERT INTO T_Especie (ESP_ID, ESP_Nome, ESP_Nome_Comum,  ESP_Descritor, GEN_ID) VALUES ( 4630,'Elegatis bipinnulatus','Peixe rei', NULL, 148);
INSERT INTO T_Especie (ESP_ID, ESP_Nome, ESP_Nome_Comum,  ESP_Descritor, GEN_ID) VALUES ( 4631,'Etelis oculatus','Vermelho de fundo', NULL, 149);
INSERT INTO T_Especie (ESP_ID, ESP_Nome, ESP_Nome_Comum,  ESP_Descritor, GEN_ID) VALUES ( 4632,'Haemulon aurolineatum','Guatinga', NULL, 94);
INSERT INTO T_Especie (ESP_ID, ESP_Nome, ESP_Nome_Comum,  ESP_Descritor, GEN_ID) VALUES ( 4633,'Istiophorus albicans','Marlin', NULL, 150);
INSERT INTO T_Especie (ESP_ID, ESP_Nome, ESP_Nome_Comum,  ESP_Descritor, GEN_ID) VALUES ( 4634,'Kyphosus sp.','Piramboca', NULL, 151);
INSERT INTO T_Especie (ESP_ID, ESP_Nome, ESP_Nome_Comum,  ESP_Descritor, GEN_ID) VALUES ( 4635,'Lutjanus alexandrei','Carapitanga', NULL, 46);
INSERT INTO T_Especie (ESP_ID, ESP_Nome, ESP_Nome_Comum,  ESP_Descritor, GEN_ID) VALUES ( 4636,'Megalops atlanticus','Cangurupim', NULL, 152);
INSERT INTO T_Especie (ESP_ID, ESP_Nome, ESP_Nome_Comum,  ESP_Descritor, GEN_ID) VALUES ( 4637,'Myrichthys sp.','Mucutuca', NULL, 153);
INSERT INTO T_Especie (ESP_ID, ESP_Nome, ESP_Nome_Comum,  ESP_Descritor, GEN_ID) VALUES ( 4639,'Sparisoma axillare','Budião batata', NULL, 156);
INSERT INTO T_Especie (ESP_ID, ESP_Nome, ESP_Nome_Comum,  ESP_Descritor, GEN_ID) VALUES ( 4640,'Trachinotus falcatus','Pampo da espinha mole', NULL, 115);
INSERT INTO T_Especie (ESP_ID, ESP_Nome, ESP_Nome_Comum,  ESP_Descritor, GEN_ID) VALUES ( 4641,'Peixe lua','Peixe lua', NULL, 157);
INSERT INTO T_Especie (ESP_ID, ESP_Nome, ESP_Nome_Comum,  ESP_Descritor, GEN_ID) VALUES ( 4642,'Sametaria','Sametaria', NULL, 158);
INSERT INTO T_Especie (ESP_ID, ESP_Nome, ESP_Nome_Comum,  ESP_Descritor, GEN_ID) VALUES ( 4644,'Cação','Cação', NULL, 159);
INSERT INTO T_Especie (ESP_ID, ESP_Nome, ESP_Nome_Comum,  ESP_Descritor, GEN_ID) VALUES ( 4645,'Traíra','Traíra', NULL, 102);
INSERT INTO T_Especie (ESP_ID, ESP_Nome, ESP_Nome_Comum,  ESP_Descritor, GEN_ID) VALUES ( 4646,'Farfantepenaeus sp.','Rosinha', NULL, 101);
INSERT INTO T_Especie (ESP_ID, ESP_Nome, ESP_Nome_Comum,  ESP_Descritor, GEN_ID) VALUES ( 4647,'Piraca','Piraca', NULL, 102);
INSERT INTO T_Especie (ESP_ID, ESP_Nome, ESP_Nome_Comum,  ESP_Descritor, GEN_ID) VALUES ( 4648,'Rabo seco','Rabo seco', NULL, 102);
INSERT INTO T_Especie (ESP_ID, ESP_Nome, ESP_Nome_Comum,  ESP_Descritor, GEN_ID) VALUES ( 4649,'Manchulea','Manchulea', NULL, 102);
INSERT INTO T_Especie (ESP_ID, ESP_Nome, ESP_Nome_Comum,  ESP_Descritor, GEN_ID) VALUES ( 4650,'Isopisthus sp.1','Chatinha', NULL, 102);
INSERT INTO T_Especie (ESP_ID, ESP_Nome, ESP_Nome_Comum,  ESP_Descritor, GEN_ID) VALUES ( 4652,'Patiga','Patiga', NULL, 102);
INSERT INTO T_Especie (ESP_ID, ESP_Nome, ESP_Nome_Comum,  ESP_Descritor, GEN_ID) VALUES ( 4653,'Jaba','Jaba', NULL, 102);
INSERT INTO T_Especie (ESP_ID, ESP_Nome, ESP_Nome_Comum,  ESP_Descritor, GEN_ID) VALUES ( 4655,'Camina','Camina', NULL, 102);
INSERT INTO T_Especie (ESP_ID, ESP_Nome, ESP_Nome_Comum,  ESP_Descritor, GEN_ID) VALUES ( 4656,'Piaru','Piaru', NULL, 102);
INSERT INTO T_Especie (ESP_ID, ESP_Nome, ESP_Nome_Comum,  ESP_Descritor, GEN_ID) VALUES ( 4657,'Pirambu','Pirambu', NULL, 102);
INSERT INTO T_Especie (ESP_ID, ESP_Nome, ESP_Nome_Comum,  ESP_Descritor, GEN_ID) VALUES ( 4658,'Castanha','Castanha', NULL, 102);
INSERT INTO T_Especie (ESP_ID, ESP_Nome, ESP_Nome_Comum,  ESP_Descritor, GEN_ID) VALUES ( 4659,'Linguado','Linguado', NULL, 102);
INSERT INTO T_Especie (ESP_ID, ESP_Nome, ESP_Nome_Comum,  ESP_Descritor, GEN_ID) VALUES ( 4660,'Navalha','Navalha', NULL, 102);
INSERT INTO T_Especie (ESP_ID, ESP_Nome, ESP_Nome_Comum,  ESP_Descritor, GEN_ID) VALUES ( 4661,'Scarus coeruleus','Budião azul', NULL, 102);
INSERT INTO T_Especie (ESP_ID, ESP_Nome, ESP_Nome_Comum,  ESP_Descritor, GEN_ID) VALUES ( 4662,'Centropomus spp.','Camuri', NULL, 102);
INSERT INTO T_Especie (ESP_ID, ESP_Nome, ESP_Nome_Comum,  ESP_Descritor, GEN_ID) VALUES ( 4663,'Pula-pula','Pula-pula', NULL, 102);
INSERT INTO T_Especie (ESP_ID, ESP_Nome, ESP_Nome_Comum,  ESP_Descritor, GEN_ID) VALUES ( 4664,'Caboje','Caboje', NULL, 102);
INSERT INTO T_Especie (ESP_ID, ESP_Nome, ESP_Nome_Comum,  ESP_Descritor, GEN_ID) VALUES ( 4665,'Namorado','Namorado', NULL, 102);
INSERT INTO T_Especie (ESP_ID, ESP_Nome, ESP_Nome_Comum,  ESP_Descritor, GEN_ID) VALUES ( 4666,'Pescada 7 buchos','Pescada 7 buchos', NULL, 102);
INSERT INTO T_Especie (ESP_ID, ESP_Nome, ESP_Nome_Comum,  ESP_Descritor, GEN_ID) VALUES ( 4667,'Lutjanus cyanopterus','Caranha', NULL, 102);
INSERT INTO T_Especie (ESP_ID, ESP_Nome, ESP_Nome_Comum,  ESP_Descritor, GEN_ID) VALUES ( 4668,'Tambaqui','Tambaqui', NULL, 102);
INSERT INTO T_Especie (ESP_ID, ESP_Nome, ESP_Nome_Comum,  ESP_Descritor, GEN_ID) VALUES ( 4669,'Peixe Cozinheira','Peixe Cozinheira', NULL, 102);
INSERT INTO T_Especie (ESP_ID, ESP_Nome, ESP_Nome_Comum,  ESP_Descritor, GEN_ID) VALUES ( 4670,'Margarida','Margarida', NULL, 102);
INSERT INTO T_Especie (ESP_ID, ESP_Nome, ESP_Nome_Comum,  ESP_Descritor, GEN_ID) VALUES ( 4673,'Caçari','Caçari', NULL, 102);
INSERT INTO T_Especie (ESP_ID, ESP_Nome, ESP_Nome_Comum,  ESP_Descritor, GEN_ID) VALUES ( 4674,'Qualingó','Qualingó', NULL, 102);
INSERT INTO T_Especie (ESP_ID, ESP_Nome, ESP_Nome_Comum,  ESP_Descritor, GEN_ID) VALUES ( 4675,'Peixote','Peixote', NULL, 102);
INSERT INTO T_Especie (ESP_ID, ESP_Nome, ESP_Nome_Comum,  ESP_Descritor, GEN_ID) VALUES ( 4676,'Mero jambu','Mero jambu', NULL, 102);
INSERT INTO T_Especie (ESP_ID, ESP_Nome, ESP_Nome_Comum,  ESP_Descritor, GEN_ID) VALUES ( 4677,'Bagre aluminio','Bagre aluminio', NULL, 102);
INSERT INTO T_Especie (ESP_ID, ESP_Nome, ESP_Nome_Comum,  ESP_Descritor, GEN_ID) VALUES ( 4678,'Dormitator maculatus','Baricu', NULL, 160);
INSERT INTO T_Especie (ESP_ID, ESP_Nome, ESP_Nome_Comum,  ESP_Descritor, GEN_ID) VALUES ( 4679,'Zoião','Zoião', NULL, 102);
INSERT INTO T_Especie (ESP_ID, ESP_Nome, ESP_Nome_Comum,  ESP_Descritor, GEN_ID) VALUES ( 4680,'Anchova','Anchova', NULL, 102);
INSERT INTO T_Especie (ESP_ID, ESP_Nome, ESP_Nome_Comum,  ESP_Descritor, GEN_ID) VALUES ( 4681,'Carupuru','Carupuru', NULL, 102);
INSERT INTO T_Especie (ESP_ID, ESP_Nome, ESP_Nome_Comum,  ESP_Descritor, GEN_ID) VALUES ( 4682,'João Gorosa','João Gorosa', NULL, 102);
INSERT INTO T_Especie (ESP_ID, ESP_Nome, ESP_Nome_Comum,  ESP_Descritor, GEN_ID) VALUES ( 4683,'Seropé','Seropé', NULL, 102);
INSERT INTO T_Especie (ESP_ID, ESP_Nome, ESP_Nome_Comum,  ESP_Descritor, GEN_ID) VALUES ( 4684,'Harengula clupeola','Cascuda', NULL, 60);
INSERT INTO T_Especie (ESP_ID, ESP_Nome, ESP_Nome_Comum,  ESP_Descritor, GEN_ID) VALUES ( 4685,'Lycengraulis grossidens','Xangó', NULL, 44);
INSERT INTO T_Especie (ESP_ID, ESP_Nome, ESP_Nome_Comum,  ESP_Descritor, GEN_ID) VALUES ( 4686,'Paralichthys sp.','Peixe tapa', NULL, 57);
INSERT INTO T_Especie (ESP_ID, ESP_Nome, ESP_Nome_Comum,  ESP_Descritor, GEN_ID) VALUES ( 4687,'Scorpaena brasiliensis','Morea - tim', NULL, 66);
INSERT INTO T_Especie (ESP_ID, ESP_Nome, ESP_Nome_Comum,  ESP_Descritor, GEN_ID) VALUES ( 4688,'Morea','Morea', NULL, 161);
INSERT INTO T_Especie (ESP_ID, ESP_Nome, ESP_Nome_Comum,  ESP_Descritor, GEN_ID) VALUES ( 4689,'Rypticus randalli','Peixe sabão', NULL, 55);
INSERT INTO T_Especie (ESP_ID, ESP_Nome, ESP_Nome_Comum,  ESP_Descritor, GEN_ID) VALUES ( 4690,'Conodon nobilis','Roncador', NULL, 27);
INSERT INTO T_Especie (ESP_ID, ESP_Nome, ESP_Nome_Comum,  ESP_Descritor, GEN_ID) VALUES ( 4691,'Isopisthus sp.','Samucanga', NULL, 30);

-- Arte de Pesca
INSERT INTO T_ArtePesca (TAP_ID, TAP_ArtePesca) VALUES (1,'Arrasto de Fundo');
INSERT INTO T_ArtePesca (TAP_ID, TAP_ArtePesca) VALUES (2,'Calão');
INSERT INTO T_ArtePesca (TAP_ID, TAP_ArtePesca) VALUES (3,'Espinhel/Groseira');
INSERT INTO T_ArtePesca (TAP_ID, TAP_ArtePesca) VALUES (4,'Pesca de Linha');
INSERT INTO T_ArtePesca (TAP_ID, TAP_ArtePesca) VALUES (5,'Rede de Emalhar');
INSERT INTO T_ArtePesca (TAP_ID, TAP_ArtePesca) VALUES (6,'Rede (3 malhos, etc)');
INSERT INTO T_ArtePesca (TAP_ID, TAP_ArtePesca) VALUES (7,'Tarrafa');
INSERT INTO T_ArtePesca (TAP_ID, TAP_ArtePesca) VALUES (8,'Vara de Pesca');
INSERT INTO T_ArtePesca (TAP_ID, TAP_ArtePesca) VALUES (9,'Gereré');
INSERT INTO T_ArtePesca (TAP_ID, TAP_ArtePesca) VALUES (10,'Siripóia');
INSERT INTO T_ArtePesca (TAP_ID, TAP_ArtePesca) VALUES (11,'Manzuá');
INSERT INTO T_ArtePesca (TAP_ID, TAP_ArtePesca) VALUES (12,'Ratoeira');
INSERT INTO T_ArtePesca (TAP_ID, TAP_ArtePesca) VALUES (13,'Catagem');
INSERT INTO T_ArtePesca (TAP_ID, TAP_ArtePesca) VALUES (14,'Mergulho');
INSERT INTO T_ArtePesca (TAP_ID, TAP_ArtePesca) VALUES (15,'Mariscagem');

-- Área de Pesca
INSERT INTO T_AreaPesca (TAreaP_ID, TAreaP_AreaPesca) VALUES (1,'Barra');
INSERT INTO T_AreaPesca (TAreaP_ID, TAreaP_AreaPesca) VALUES (2,'Beira de Praia');
INSERT INTO T_AreaPesca (TAreaP_ID, TAreaP_AreaPesca) VALUES (3,'Coroa');
INSERT INTO T_AreaPesca (TAreaP_ID, TAreaP_AreaPesca) VALUES (4,'Estuário');
INSERT INTO T_AreaPesca (TAreaP_ID, TAreaP_AreaPesca) VALUES (5,'Mangue');
INSERT INTO T_AreaPesca (TAreaP_ID, TAreaP_AreaPesca) VALUES (6,'Mar');
INSERT INTO T_AreaPesca (TAreaP_ID, TAreaP_AreaPesca) VALUES (7,'Pedras');
INSERT INTO T_AreaPesca (TAreaP_ID, TAreaP_AreaPesca) VALUES (8,'Rio');

-- Colônias
INSERT INTO T_Colonia (TC_ID, TC_Nome) VALUES (1,'A-87');
INSERT INTO T_Colonia (TC_ID, TC_Nome) VALUES (2,'Z-18');
INSERT INTO T_Colonia (TC_ID, TC_Nome) VALUES (3,'Z-19');
INSERT INTO T_Colonia (TC_ID, TC_Nome) VALUES (4,'Z-34');
INSERT INTO T_Colonia (TC_ID, TC_Nome) VALUES (5,'Não Colonizado');
INSERT INTO T_Colonia (TC_ID, TC_Nome) VALUES (6,'Z-22');

-- Embarcação
INSERT INTO T_TipoEmbarcacao (TTE_ID, TTE_TipoEmbarcacao) VALUES (1,'Barco');
INSERT INTO T_TipoEmbarcacao (TTE_ID, TTE_TipoEmbarcacao) VALUES (2,'Bote');
INSERT INTO T_TipoEmbarcacao (TTE_ID, TTE_TipoEmbarcacao) VALUES (3,'Canoa');
INSERT INTO T_TipoEmbarcacao (TTE_ID, TTE_TipoEmbarcacao) VALUES (4,'Jangada');
INSERT INTO T_TipoEmbarcacao (TTE_ID, TTE_TipoEmbarcacao) VALUES (5,'Lancha');
INSERT INTO T_TipoEmbarcacao (TTE_ID, TTE_TipoEmbarcacao) VALUES (6,'Batera');
INSERT INTO T_TipoEmbarcacao (TTE_ID, TTE_TipoEmbarcacao) VALUES (7,'Guincho');

-- Porte Embarcacao
INSERT INTO T_PorteEmbarcacao (TPE_ID, TPE_Porte) VALUES (1,'Pequeno');
INSERT INTO T_PorteEmbarcacao (TPE_ID, TPE_Porte) VALUES (2,'Médio');
INSERT INTO T_PorteEmbarcacao (TPE_ID, TPE_Porte) VALUES (3,'Grande');

-- Tipo de Dependente
INSERT INTO T_TipoDependente (TTD_ID, TTD_TipoDependente) VALUES (1,'Cônjuge ou companheiro(a)');
INSERT INTO T_TipoDependente (TTD_ID, TTD_TipoDependente) VALUES (2,'Irmão');
INSERT INTO T_TipoDependente (TTD_ID, TTD_TipoDependente) VALUES (3,'Filho/Enteado');
INSERT INTO T_TipoDependente (TTD_ID, TTD_TipoDependente) VALUES (4,'Neto/Bisneto');
INSERT INTO T_TipoDependente (TTD_ID, TTD_TipoDependente) VALUES (5,'Pais');
INSERT INTO T_TipoDependente (TTD_ID, TTD_TipoDependente) VALUES (6,'Outros Familiares');
INSERT INTO T_TipoDependente (TTD_ID, TTD_TipoDependente) VALUES (7,'Outros');

-- Tipo de Captura
INSERT INTO T_TipoCapturada (ITC_ID, ITC_Tipo) VALUES (1,'Camarão');
INSERT INTO T_TipoCapturada (ITC_ID, ITC_Tipo) VALUES (2,'Caranguejo');
INSERT INTO T_TipoCapturada (ITC_ID, ITC_Tipo) VALUES (3,'Guaiamum');
INSERT INTO T_TipoCapturada (ITC_ID, ITC_Tipo) VALUES (4,'Lagosta');
INSERT INTO T_TipoCapturada (ITC_ID, ITC_Tipo) VALUES (5,'Marisco');
INSERT INTO T_TipoCapturada (ITC_ID, ITC_Tipo) VALUES (6,'Peixes');
INSERT INTO T_TipoCapturada (ITC_ID, ITC_Tipo) VALUES (7,'Siri');

-- Porto
INSERT INTO T_Porto (PTO_ID, PTO_Nome, TMun_ID) VALUES (1,'Amendoeira',7);
INSERT INTO T_Porto (PTO_ID, PTO_Nome, TMun_ID) VALUES (15,'Aritaguá',3553);
INSERT INTO T_Porto (PTO_ID, PTO_Nome, TMun_ID) VALUES (14,'Juerana rio',3553);
INSERT INTO T_Porto (PTO_ID, PTO_Nome, TMun_ID) VALUES (3,'Mamoã',7);
INSERT INTO T_Porto (PTO_ID, PTO_Nome, TMun_ID) VALUES (19,'Pé de Serra',16);
INSERT INTO T_Porto (PTO_ID, PTO_Nome, TMun_ID) VALUES (4,'Ponta da Tulha',7);
INSERT INTO T_Porto (PTO_ID, PTO_Nome, TMun_ID) VALUES (5,'Ponta do Ramo',7);
INSERT INTO T_Porto (PTO_ID, PTO_Nome, TMun_ID) VALUES (6,'Pontal',7);
INSERT INTO T_Porto (PTO_ID, PTO_Nome, TMun_ID) VALUES (7,'Porto da Barra',7);
INSERT INTO T_Porto (PTO_ID, PTO_Nome, TMun_ID) VALUES (16,'Porto da Concha',3554);
INSERT INTO T_Porto (PTO_ID, PTO_Nome, TMun_ID) VALUES (17,'Porto do Forte',3554);
INSERT INTO T_Porto (PTO_ID, PTO_Nome, TMun_ID) VALUES (9,'Prainha',7);
INSERT INTO T_Porto (PTO_ID, PTO_Nome, TMun_ID) VALUES (13,'Sambaituba',3553);
INSERT INTO T_Porto (PTO_ID, PTO_Nome, TMun_ID) VALUES (8,'São Miguel',7);
INSERT INTO T_Porto (PTO_ID, PTO_Nome, TMun_ID) VALUES (18,'Sobradinho',16);
INSERT INTO T_Porto (PTO_ID, PTO_Nome, TMun_ID) VALUES (10,'Terminal Pesqueiro',7);
INSERT INTO T_Porto (PTO_ID, PTO_Nome, TMun_ID) VALUES (12,'Urucutuca',3553);

-- Escolaridade
INSERT INTO T_Escolaridade (ESC_ID, ESC_Nivel) VALUES (1,'Fundamental Completo');
INSERT INTO T_Escolaridade (ESC_ID, ESC_Nivel) VALUES (2,'Fundamental Incompleto');
INSERT INTO T_Escolaridade (ESC_ID, ESC_Nivel) VALUES (3,'Médio Completo');
INSERT INTO T_Escolaridade (ESC_ID, ESC_Nivel) VALUES (4,'Médio Incompleto');
INSERT INTO T_Escolaridade (ESC_ID, ESC_Nivel) VALUES (5,'Não Alfabetizado');
INSERT INTO T_Escolaridade (ESC_ID, ESC_Nivel) VALUES (6,'Superior Completo');
INSERT INTO T_Escolaridade (ESC_ID, ESC_Nivel) VALUES (7,'Superior Incompleto');

-- Programa Social
INSERT INTO T_ProgramaSocial (PRS_ID, PRS_Programa) VALUES (1,'Bolsa Família');
INSERT INTO T_ProgramaSocial (PRS_ID, PRS_Programa) VALUES (2,'Minha Casa, Minha Vida');
-- Renda
INSERT INTO T_Renda (REN_ID, REN_Renda) VALUES (1,'até 1/2 salário');
INSERT INTO T_Renda (REN_ID, REN_Renda) VALUES (2,'1 salário');
INSERT INTO T_Renda (REN_ID, REN_Renda) VALUES (3,'de 1/2 a 1 salário');
INSERT INTO T_Renda (REN_ID, REN_Renda) VALUES (4,'de 1 a 2 salários');
INSERT INTO T_Renda (REN_ID, REN_Renda) VALUES (5,'de 2 a 3 salários');
INSERT INTO T_Renda (REN_ID, REN_Renda) VALUES (6,'de 3 a 4 salários');
INSERT INTO T_Renda (REN_ID, REN_Renda) VALUES (7,'de 4 a 5 salários');
INSERT INTO T_Renda (REN_ID, REN_Renda) VALUES (8,'mais que 5 salários');
INSERT INTO T_Renda (REN_ID, REN_Renda) VALUES (9,'subsistência');

<<<<<<< HEAD
-- 
-- --- Tem que ser no final do arquivo
-- 
SELECT pg_catalog.setval(' t_areapesca_tareap_id_seq ', 10000, true);
SELECT pg_catalog.setval(' t_artepesca_tap_id_seq ', 10000, true);
SELECT pg_catalog.setval(' t_colonia_tc_id_seq', 10000, true);
SELECT pg_catalog.setval(' t_comunidade_tcom_id_seq', 10000, true);
SELECT pg_catalog.setval(' t_dados_calao_dca_id_seq', 10000, true);
SELECT pg_catalog.setval(' t_dados_emalhe_dem_id_seq ', 10000, true);
SELECT pg_catalog.setval(' t_dados_tarrafa_dta_id_seq ', 10000, true);
SELECT pg_catalog.setval(' t_endereco_te_id_seq', 10000, true);
SELECT pg_catalog.setval(' t_entrevista_pescador_ep_id_seq', 10000, true);
SELECT pg_catalog.setval(' t_escolaridade_esc_id_seq ', 10000, true);
SELECT pg_catalog.setval(' t_especie_esp_id_seq', 10000, true);
SELECT pg_catalog.setval(' t_familia_fam_id_seq', 10000, true);
SELECT pg_catalog.setval(' t_ficha_diaria_fd_id_seq', 10000, true);
SELECT pg_catalog.setval(' t_genero_gen_id_seq', 10000, true);
SELECT pg_catalog.setval(' t_grupo_grp_id_seq ', 10000, true);
SELECT pg_catalog.setval(' t_isca_is_id_seq', 10000, true);
SELECT pg_catalog.setval(' t_login_tl_id_seq ', 10000, true);
SELECT pg_catalog.setval(' t_mare_mr_id_seq', 10000, true);
SELECT pg_catalog.setval(' t_monitoramento_mnt_id_seq ', 10000, true);
SELECT pg_catalog.setval(' t_municipio_tmun_id_seq', 10000, true);
SELECT pg_catalog.setval(' t_ordem_ord_id_seq ', 10000, true);
SELECT pg_catalog.setval(' t_perfil_tp_id_seq ', 10000, true);
SELECT pg_catalog.setval(' t_pescador_tp_id_seq', 10000, true);
SELECT pg_catalog.setval(' t_porteembarcacao_tpe_id_seq', 10000, true);
SELECT pg_catalog.setval(' t_porto_pto_id_seq ', 10000, true);
SELECT pg_catalog.setval(' t_renda_ren_id_seq ', 10000, true);
SELECT pg_catalog.setval(' t_situacao_ts_id_seq', 10000, true);
SELECT pg_catalog.setval(' t_subamostra_sa_id_seq ', 10000, true);
SELECT pg_catalog.setval(' t_telefonecontato_ttcont_id_seq', 10000, true);
SELECT pg_catalog.setval(' t_tempo_tmp_id_seq ', 10000, true);
SELECT pg_catalog.setval(' t_tipocapturada_itc_id_seq ', 10000, true);
SELECT pg_catalog.setval(' t_tipodependente_ttd_id_seq', 10000, true);
SELECT pg_catalog.setval(' t_tipoembarcacao_tte_id_seq', 10000, true);
SELECT pg_catalog.setval(' t_tipotel_ttel_id_seq ', 10000, true);
SELECT pg_catalog.setval(' t_usuario_tu_id_seq', 10000, true);
SELECT pg_catalog.setval(' t_vento_vnt_id_seq ', 10000, true);
SELECT pg_catalog.setval(' t_programasocial_prs_id_seq ', 10000, true);
=======


--Pescador has Comunidade
INSERT INTO T_Pescador_has_T_Comunidade (TP_ID,TCOM_ID) VALUES (813,15);
INSERT INTO T_Pescador_has_T_Comunidade (TP_ID,TCOM_ID) VALUES (1005,6);
INSERT INTO T_Pescador_has_T_Comunidade (TP_ID,TCOM_ID) VALUES (976,6);
INSERT INTO T_Pescador_has_T_Comunidade (TP_ID,TCOM_ID) VALUES (804,5);
INSERT INTO T_Pescador_has_T_Comunidade (TP_ID,TCOM_ID) VALUES (1952,14);
INSERT INTO T_Pescador_has_T_Comunidade (TP_ID,TCOM_ID) VALUES (768,6);
INSERT INTO T_Pescador_has_T_Comunidade (TP_ID,TCOM_ID) VALUES (1438,16);
INSERT INTO T_Pescador_has_T_Comunidade (TP_ID,TCOM_ID) VALUES (1048,8);
INSERT INTO T_Pescador_has_T_Comunidade (TP_ID,TCOM_ID) VALUES (1721,6);
INSERT INTO T_Pescador_has_T_Comunidade (TP_ID,TCOM_ID) VALUES (1776,17);
INSERT INTO T_Pescador_has_T_Comunidade (TP_ID,TCOM_ID) VALUES (1154,8);
INSERT INTO T_Pescador_has_T_Comunidade (TP_ID,TCOM_ID) VALUES (646,2);
INSERT INTO T_Pescador_has_T_Comunidade (TP_ID,TCOM_ID) VALUES (477,2);
INSERT INTO T_Pescador_has_T_Comunidade (TP_ID,TCOM_ID) VALUES (151,2);
INSERT INTO T_Pescador_has_T_Comunidade (TP_ID,TCOM_ID) VALUES (1326,10);
INSERT INTO T_Pescador_has_T_Comunidade (TP_ID,TCOM_ID) VALUES (1056,8);
INSERT INTO T_Pescador_has_T_Comunidade (TP_ID,TCOM_ID) VALUES (2047,16);
INSERT INTO T_Pescador_has_T_Comunidade (TP_ID,TCOM_ID) VALUES (516,4);
INSERT INTO T_Pescador_has_T_Comunidade (TP_ID,TCOM_ID) VALUES (1790,14);
INSERT INTO T_Pescador_has_T_Comunidade (TP_ID,TCOM_ID) VALUES (391,2);
INSERT INTO T_Pescador_has_T_Comunidade (TP_ID,TCOM_ID) VALUES (737,6);
INSERT INTO T_Pescador_has_T_Comunidade (TP_ID,TCOM_ID) VALUES (648,2);
INSERT INTO T_Pescador_has_T_Comunidade (TP_ID,TCOM_ID) VALUES (1363,9);
INSERT INTO T_Pescador_has_T_Comunidade (TP_ID,TCOM_ID) VALUES (475,2);
INSERT INTO T_Pescador_has_T_Comunidade (TP_ID,TCOM_ID) VALUES (1058,8);
INSERT INTO T_Pescador_has_T_Comunidade (TP_ID,TCOM_ID) VALUES (174,15);
INSERT INTO T_Pescador_has_T_Comunidade (TP_ID,TCOM_ID) VALUES (855,8);
INSERT INTO T_Pescador_has_T_Comunidade (TP_ID,TCOM_ID) VALUES (1851,14);
INSERT INTO T_Pescador_has_T_Comunidade (TP_ID,TCOM_ID) VALUES (1648,8);
INSERT INTO T_Pescador_has_T_Comunidade (TP_ID,TCOM_ID) VALUES (1428,14);
INSERT INTO T_Pescador_has_T_Comunidade (TP_ID,TCOM_ID) VALUES (1060,8);
INSERT INTO T_Pescador_has_T_Comunidade (TP_ID,TCOM_ID) VALUES (1647,8);
INSERT INTO T_Pescador_has_T_Comunidade (TP_ID,TCOM_ID) VALUES (875,14);
INSERT INTO T_Pescador_has_T_Comunidade (TP_ID,TCOM_ID) VALUES (1278,10);
INSERT INTO T_Pescador_has_T_Comunidade (TP_ID,TCOM_ID) VALUES (255,3);
INSERT INTO T_Pescador_has_T_Comunidade (TP_ID,TCOM_ID) VALUES (1332,2);
INSERT INTO T_Pescador_has_T_Comunidade (TP_ID,TCOM_ID) VALUES (874,14);
INSERT INTO T_Pescador_has_T_Comunidade (TP_ID,TCOM_ID) VALUES (1151,8);
INSERT INTO T_Pescador_has_T_Comunidade (TP_ID,TCOM_ID) VALUES (465,1);
INSERT INTO T_Pescador_has_T_Comunidade (TP_ID,TCOM_ID) VALUES (30,15);
INSERT INTO T_Pescador_has_T_Comunidade (TP_ID,TCOM_ID) VALUES (1729,3);
INSERT INTO T_Pescador_has_T_Comunidade (TP_ID,TCOM_ID) VALUES (1597,8);
INSERT INTO T_Pescador_has_T_Comunidade (TP_ID,TCOM_ID) VALUES (1699,4);
INSERT INTO T_Pescador_has_T_Comunidade (TP_ID,TCOM_ID) VALUES (1133,8);
INSERT INTO T_Pescador_has_T_Comunidade (TP_ID,TCOM_ID) VALUES (1985,14);
INSERT INTO T_Pescador_has_T_Comunidade (TP_ID,TCOM_ID) VALUES (944,14);
INSERT INTO T_Pescador_has_T_Comunidade (TP_ID,TCOM_ID) VALUES (1571,8);
INSERT INTO T_Pescador_has_T_Comunidade (TP_ID,TCOM_ID) VALUES (1646,8);
INSERT INTO T_Pescador_has_T_Comunidade (TP_ID,TCOM_ID) VALUES (917,14);
INSERT INTO T_Pescador_has_T_Comunidade (TP_ID,TCOM_ID) VALUES (1572,8);
INSERT INTO T_Pescador_has_T_Comunidade (TP_ID,TCOM_ID) VALUES (1973,14);
INSERT INTO T_Pescador_has_T_Comunidade (TP_ID,TCOM_ID) VALUES (390,2);
INSERT INTO T_Pescador_has_T_Comunidade (TP_ID,TCOM_ID) VALUES (1989,14);
INSERT INTO T_Pescador_has_T_Comunidade (TP_ID,TCOM_ID) VALUES (771,9);
INSERT INTO T_Pescador_has_T_Comunidade (TP_ID,TCOM_ID) VALUES (511,1);
INSERT INTO T_Pescador_has_T_Comunidade (TP_ID,TCOM_ID) VALUES (1649,8);
INSERT INTO T_Pescador_has_T_Comunidade (TP_ID,TCOM_ID) VALUES (1569,8);
INSERT INTO T_Pescador_has_T_Comunidade (TP_ID,TCOM_ID) VALUES (1207,10);
INSERT INTO T_Pescador_has_T_Comunidade (TP_ID,TCOM_ID) VALUES (1149,8);
INSERT INTO T_Pescador_has_T_Comunidade (TP_ID,TCOM_ID) VALUES (624,4);
INSERT INTO T_Pescador_has_T_Comunidade (TP_ID,TCOM_ID) VALUES (463,1);
INSERT INTO T_Pescador_has_T_Comunidade (TP_ID,TCOM_ID) VALUES (300,4);
INSERT INTO T_Pescador_has_T_Comunidade (TP_ID,TCOM_ID) VALUES (1205,10);
INSERT INTO T_Pescador_has_T_Comunidade (TP_ID,TCOM_ID) VALUES (1096,10);
INSERT INTO T_Pescador_has_T_Comunidade (TP_ID,TCOM_ID) VALUES (2010,7);
INSERT INTO T_Pescador_has_T_Comunidade (TP_ID,TCOM_ID) VALUES (487,1);
INSERT INTO T_Pescador_has_T_Comunidade (TP_ID,TCOM_ID) VALUES (909,14);
INSERT INTO T_Pescador_has_T_Comunidade (TP_ID,TCOM_ID) VALUES (378,1);
INSERT INTO T_Pescador_has_T_Comunidade (TP_ID,TCOM_ID) VALUES (937,6);
INSERT INTO T_Pescador_has_T_Comunidade (TP_ID,TCOM_ID) VALUES (1999,14);
INSERT INTO T_Pescador_has_T_Comunidade (TP_ID,TCOM_ID) VALUES (644,2);
INSERT INTO T_Pescador_has_T_Comunidade (TP_ID,TCOM_ID) VALUES (2039,16);
INSERT INTO T_Pescador_has_T_Comunidade (TP_ID,TCOM_ID) VALUES (779,6);
INSERT INTO T_Pescador_has_T_Comunidade (TP_ID,TCOM_ID) VALUES (830,2);
INSERT INTO T_Pescador_has_T_Comunidade (TP_ID,TCOM_ID) VALUES (513,4);
INSERT INTO T_Pescador_has_T_Comunidade (TP_ID,TCOM_ID) VALUES (136,14);
INSERT INTO T_Pescador_has_T_Comunidade (TP_ID,TCOM_ID) VALUES (582,5);
INSERT INTO T_Pescador_has_T_Comunidade (TP_ID,TCOM_ID) VALUES (599,5);
INSERT INTO T_Pescador_has_T_Comunidade (TP_ID,TCOM_ID) VALUES (1574,8);
INSERT INTO T_Pescador_has_T_Comunidade (TP_ID,TCOM_ID) VALUES (592,5);
INSERT INTO T_Pescador_has_T_Comunidade (TP_ID,TCOM_ID) VALUES (838,2);
INSERT INTO T_Pescador_has_T_Comunidade (TP_ID,TCOM_ID) VALUES (769,9);
INSERT INTO T_Pescador_has_T_Comunidade (TP_ID,TCOM_ID) VALUES (457,2);
INSERT INTO T_Pescador_has_T_Comunidade (TP_ID,TCOM_ID) VALUES (1677,14);
INSERT INTO T_Pescador_has_T_Comunidade (TP_ID,TCOM_ID) VALUES (807,5);
INSERT INTO T_Pescador_has_T_Comunidade (TP_ID,TCOM_ID) VALUES (625,2);
INSERT INTO T_Pescador_has_T_Comunidade (TP_ID,TCOM_ID) VALUES (1,8);
INSERT INTO T_Pescador_has_T_Comunidade (TP_ID,TCOM_ID) VALUES (1755,20);
INSERT INTO T_Pescador_has_T_Comunidade (TP_ID,TCOM_ID) VALUES (388,2);
INSERT INTO T_Pescador_has_T_Comunidade (TP_ID,TCOM_ID) VALUES (1359,9);
INSERT INTO T_Pescador_has_T_Comunidade (TP_ID,TCOM_ID) VALUES (135,2);
INSERT INTO T_Pescador_has_T_Comunidade (TP_ID,TCOM_ID) VALUES (1576,8);
INSERT INTO T_Pescador_has_T_Comunidade (TP_ID,TCOM_ID) VALUES (591,5);
INSERT INTO T_Pescador_has_T_Comunidade (TP_ID,TCOM_ID) VALUES (1578,8);
INSERT INTO T_Pescador_has_T_Comunidade (TP_ID,TCOM_ID) VALUES (1728,6);
INSERT INTO T_Pescador_has_T_Comunidade (TP_ID,TCOM_ID) VALUES (1793,14);
INSERT INTO T_Pescador_has_T_Comunidade (TP_ID,TCOM_ID) VALUES (209,8);
INSERT INTO T_Pescador_has_T_Comunidade (TP_ID,TCOM_ID) VALUES (629,4);
INSERT INTO T_Pescador_has_T_Comunidade (TP_ID,TCOM_ID) VALUES (1132,8);
INSERT INTO T_Pescador_has_T_Comunidade (TP_ID,TCOM_ID) VALUES (860,3);
INSERT INTO T_Pescador_has_T_Comunidade (TP_ID,TCOM_ID) VALUES (248,1);
INSERT INTO T_Pescador_has_T_Comunidade (TP_ID,TCOM_ID) VALUES (778,6);
INSERT INTO T_Pescador_has_T_Comunidade (TP_ID,TCOM_ID) VALUES (1928,16);
INSERT INTO T_Pescador_has_T_Comunidade (TP_ID,TCOM_ID) VALUES (921,14);
INSERT INTO T_Pescador_has_T_Comunidade (TP_ID,TCOM_ID) VALUES (1939,12);
INSERT INTO T_Pescador_has_T_Comunidade (TP_ID,TCOM_ID) VALUES (456,1);
INSERT INTO T_Pescador_has_T_Comunidade (TP_ID,TCOM_ID) VALUES (221,8);
INSERT INTO T_Pescador_has_T_Comunidade (TP_ID,TCOM_ID) VALUES (94,1);
INSERT INTO T_Pescador_has_T_Comunidade (TP_ID,TCOM_ID) VALUES (1482,14);
INSERT INTO T_Pescador_has_T_Comunidade (TP_ID,TCOM_ID) VALUES (1328,11);
INSERT INTO T_Pescador_has_T_Comunidade (TP_ID,TCOM_ID) VALUES (346,1);
INSERT INTO T_Pescador_has_T_Comunidade (TP_ID,TCOM_ID) VALUES (1579,8);
INSERT INTO T_Pescador_has_T_Comunidade (TP_ID,TCOM_ID) VALUES (460,1);
INSERT INTO T_Pescador_has_T_Comunidade (TP_ID,TCOM_ID) VALUES (6,8);
INSERT INTO T_Pescador_has_T_Comunidade (TP_ID,TCOM_ID) VALUES (1062,8);
INSERT INTO T_Pescador_has_T_Comunidade (TP_ID,TCOM_ID) VALUES (600,5);
INSERT INTO T_Pescador_has_T_Comunidade (TP_ID,TCOM_ID) VALUES (580,5);
INSERT INTO T_Pescador_has_T_Comunidade (TP_ID,TCOM_ID) VALUES (5,8);
INSERT INTO T_Pescador_has_T_Comunidade (TP_ID,TCOM_ID) VALUES (1650,8);
INSERT INTO T_Pescador_has_T_Comunidade (TP_ID,TCOM_ID) VALUES (780,6);
INSERT INTO T_Pescador_has_T_Comunidade (TP_ID,TCOM_ID) VALUES (472,2);
INSERT INTO T_Pescador_has_T_Comunidade (TP_ID,TCOM_ID) VALUES (1366,16);
INSERT INTO T_Pescador_has_T_Comunidade (TP_ID,TCOM_ID) VALUES (150,2);
INSERT INTO T_Pescador_has_T_Comunidade (TP_ID,TCOM_ID) VALUES (538,1);
INSERT INTO T_Pescador_has_T_Comunidade (TP_ID,TCOM_ID) VALUES (522,4);
INSERT INTO T_Pescador_has_T_Comunidade (TP_ID,TCOM_ID) VALUES (435,1);
INSERT INTO T_Pescador_has_T_Comunidade (TP_ID,TCOM_ID) VALUES (758,3);
INSERT INTO T_Pescador_has_T_Comunidade (TP_ID,TCOM_ID) VALUES (162,15);
INSERT INTO T_Pescador_has_T_Comunidade (TP_ID,TCOM_ID) VALUES (2027,10);
INSERT INTO T_Pescador_has_T_Comunidade (TP_ID,TCOM_ID) VALUES (1581,8);
INSERT INTO T_Pescador_has_T_Comunidade (TP_ID,TCOM_ID) VALUES (695,3);
INSERT INTO T_Pescador_has_T_Comunidade (TP_ID,TCOM_ID) VALUES (1608,8);
INSERT INTO T_Pescador_has_T_Comunidade (TP_ID,TCOM_ID) VALUES (568,5);
INSERT INTO T_Pescador_has_T_Comunidade (TP_ID,TCOM_ID) VALUES (764,6);
INSERT INTO T_Pescador_has_T_Comunidade (TP_ID,TCOM_ID) VALUES (763,3);
INSERT INTO T_Pescador_has_T_Comunidade (TP_ID,TCOM_ID) VALUES (459,1);
INSERT INTO T_Pescador_has_T_Comunidade (TP_ID,TCOM_ID) VALUES (1849,14);
INSERT INTO T_Pescador_has_T_Comunidade (TP_ID,TCOM_ID) VALUES (458,1);
INSERT INTO T_Pescador_has_T_Comunidade (TP_ID,TCOM_ID) VALUES (262,8);
INSERT INTO T_Pescador_has_T_Comunidade (TP_ID,TCOM_ID) VALUES (1315,10);
INSERT INTO T_Pescador_has_T_Comunidade (TP_ID,TCOM_ID) VALUES (585,5);
INSERT INTO T_Pescador_has_T_Comunidade (TP_ID,TCOM_ID) VALUES (1259,16);
INSERT INTO T_Pescador_has_T_Comunidade (TP_ID,TCOM_ID) VALUES (761,6);
INSERT INTO T_Pescador_has_T_Comunidade (TP_ID,TCOM_ID) VALUES (261,1);
INSERT INTO T_Pescador_has_T_Comunidade (TP_ID,TCOM_ID) VALUES (840,2);
INSERT INTO T_Pescador_has_T_Comunidade (TP_ID,TCOM_ID) VALUES (1419,14);
INSERT INTO T_Pescador_has_T_Comunidade (TP_ID,TCOM_ID) VALUES (1314,14);
INSERT INTO T_Pescador_has_T_Comunidade (TP_ID,TCOM_ID) VALUES (1911,16);
INSERT INTO T_Pescador_has_T_Comunidade (TP_ID,TCOM_ID) VALUES (1651,8);
INSERT INTO T_Pescador_has_T_Comunidade (TP_ID,TCOM_ID) VALUES (1921,14);
INSERT INTO T_Pescador_has_T_Comunidade (TP_ID,TCOM_ID) VALUES (891,14);
INSERT INTO T_Pescador_has_T_Comunidade (TP_ID,TCOM_ID) VALUES (774,6);
INSERT INTO T_Pescador_has_T_Comunidade (TP_ID,TCOM_ID) VALUES (1981,14);
INSERT INTO T_Pescador_has_T_Comunidade (TP_ID,TCOM_ID) VALUES (595,5);
INSERT INTO T_Pescador_has_T_Comunidade (TP_ID,TCOM_ID) VALUES (739,6);
INSERT INTO T_Pescador_has_T_Comunidade (TP_ID,TCOM_ID) VALUES (1140,1);
INSERT INTO T_Pescador_has_T_Comunidade (TP_ID,TCOM_ID) VALUES (1147,8);
INSERT INTO T_Pescador_has_T_Comunidade (TP_ID,TCOM_ID) VALUES (1582,8);
INSERT INTO T_Pescador_has_T_Comunidade (TP_ID,TCOM_ID) VALUES (566,5);
INSERT INTO T_Pescador_has_T_Comunidade (TP_ID,TCOM_ID) VALUES (759,6);
INSERT INTO T_Pescador_has_T_Comunidade (TP_ID,TCOM_ID) VALUES (2007,16);
INSERT INTO T_Pescador_has_T_Comunidade (TP_ID,TCOM_ID) VALUES (816,15);
INSERT INTO T_Pescador_has_T_Comunidade (TP_ID,TCOM_ID) VALUES (946,14);
INSERT INTO T_Pescador_has_T_Comunidade (TP_ID,TCOM_ID) VALUES (941,14);
INSERT INTO T_Pescador_has_T_Comunidade (TP_ID,TCOM_ID) VALUES (626,4);
INSERT INTO T_Pescador_has_T_Comunidade (TP_ID,TCOM_ID) VALUES (1196,4);
INSERT INTO T_Pescador_has_T_Comunidade (TP_ID,TCOM_ID) VALUES (1501,14);
INSERT INTO T_Pescador_has_T_Comunidade (TP_ID,TCOM_ID) VALUES (938,14);
INSERT INTO T_Pescador_has_T_Comunidade (TP_ID,TCOM_ID) VALUES (1488,8);
INSERT INTO T_Pescador_has_T_Comunidade (TP_ID,TCOM_ID) VALUES (837,5);
INSERT INTO T_Pescador_has_T_Comunidade (TP_ID,TCOM_ID) VALUES (1340,11);
INSERT INTO T_Pescador_has_T_Comunidade (TP_ID,TCOM_ID) VALUES (1791,17);
INSERT INTO T_Pescador_has_T_Comunidade (TP_ID,TCOM_ID) VALUES (1430,14);
INSERT INTO T_Pescador_has_T_Comunidade (TP_ID,TCOM_ID) VALUES (924,14);
INSERT INTO T_Pescador_has_T_Comunidade (TP_ID,TCOM_ID) VALUES (1637,8);
INSERT INTO T_Pescador_has_T_Comunidade (TP_ID,TCOM_ID) VALUES (1520,6);
INSERT INTO T_Pescador_has_T_Comunidade (TP_ID,TCOM_ID) VALUES (1381,16);
INSERT INTO T_Pescador_has_T_Comunidade (TP_ID,TCOM_ID) VALUES (531,8);
INSERT INTO T_Pescador_has_T_Comunidade (TP_ID,TCOM_ID) VALUES (134,2);
INSERT INTO T_Pescador_has_T_Comunidade (TP_ID,TCOM_ID) VALUES (947,14);
INSERT INTO T_Pescador_has_T_Comunidade (TP_ID,TCOM_ID) VALUES (620,4);
INSERT INTO T_Pescador_has_T_Comunidade (TP_ID,TCOM_ID) VALUES (1583,8);
INSERT INTO T_Pescador_has_T_Comunidade (TP_ID,TCOM_ID) VALUES (741,6);
INSERT INTO T_Pescador_has_T_Comunidade (TP_ID,TCOM_ID) VALUES (736,6);
INSERT INTO T_Pescador_has_T_Comunidade (TP_ID,TCOM_ID) VALUES (1961,14);
INSERT INTO T_Pescador_has_T_Comunidade (TP_ID,TCOM_ID) VALUES (1192,5);
INSERT INTO T_Pescador_has_T_Comunidade (TP_ID,TCOM_ID) VALUES (147,2);
INSERT INTO T_Pescador_has_T_Comunidade (TP_ID,TCOM_ID) VALUES (1951,14);
INSERT INTO T_Pescador_has_T_Comunidade (TP_ID,TCOM_ID) VALUES (1344,2);
INSERT INTO T_Pescador_has_T_Comunidade (TP_ID,TCOM_ID) VALUES (1599,8);
INSERT INTO T_Pescador_has_T_Comunidade (TP_ID,TCOM_ID) VALUES (478,2);
INSERT INTO T_Pescador_has_T_Comunidade (TP_ID,TCOM_ID) VALUES (1064,8);
INSERT INTO T_Pescador_has_T_Comunidade (TP_ID,TCOM_ID) VALUES (565,5);
INSERT INTO T_Pescador_has_T_Comunidade (TP_ID,TCOM_ID) VALUES (1663,7);
INSERT INTO T_Pescador_has_T_Comunidade (TP_ID,TCOM_ID) VALUES (149,2);
INSERT INTO T_Pescador_has_T_Comunidade (TP_ID,TCOM_ID) VALUES (784,6);
INSERT INTO T_Pescador_has_T_Comunidade (TP_ID,TCOM_ID) VALUES (1330,14);
INSERT INTO T_Pescador_has_T_Comunidade (TP_ID,TCOM_ID) VALUES (858,3);
INSERT INTO T_Pescador_has_T_Comunidade (TP_ID,TCOM_ID) VALUES (340,1);
INSERT INTO T_Pescador_has_T_Comunidade (TP_ID,TCOM_ID) VALUES (1068,8);
INSERT INTO T_Pescador_has_T_Comunidade (TP_ID,TCOM_ID) VALUES (1517,8);
INSERT INTO T_Pescador_has_T_Comunidade (TP_ID,TCOM_ID) VALUES (982,6);
INSERT INTO T_Pescador_has_T_Comunidade (TP_ID,TCOM_ID) VALUES (742,6);
INSERT INTO T_Pescador_has_T_Comunidade (TP_ID,TCOM_ID) VALUES (250,3);
INSERT INTO T_Pescador_has_T_Comunidade (TP_ID,TCOM_ID) VALUES (1173,5);
INSERT INTO T_Pescador_has_T_Comunidade (TP_ID,TCOM_ID) VALUES (454,1);
INSERT INTO T_Pescador_has_T_Comunidade (TP_ID,TCOM_ID) VALUES (843,2);
INSERT INTO T_Pescador_has_T_Comunidade (TP_ID,TCOM_ID) VALUES (1329,10);
INSERT INTO T_Pescador_has_T_Comunidade (TP_ID,TCOM_ID) VALUES (616,4);
INSERT INTO T_Pescador_has_T_Comunidade (TP_ID,TCOM_ID) VALUES (1145,8);
INSERT INTO T_Pescador_has_T_Comunidade (TP_ID,TCOM_ID) VALUES (1141,8);
INSERT INTO T_Pescador_has_T_Comunidade (TP_ID,TCOM_ID) VALUES (1503,14);
INSERT INTO T_Pescador_has_T_Comunidade (TP_ID,TCOM_ID) VALUES (1964,14);
INSERT INTO T_Pescador_has_T_Comunidade (TP_ID,TCOM_ID) VALUES (1615,8);
INSERT INTO T_Pescador_has_T_Comunidade (TP_ID,TCOM_ID) VALUES (75,1);
INSERT INTO T_Pescador_has_T_Comunidade (TP_ID,TCOM_ID) VALUES (519,4);
INSERT INTO T_Pescador_has_T_Comunidade (TP_ID,TCOM_ID) VALUES (1012,6);
INSERT INTO T_Pescador_has_T_Comunidade (TP_ID,TCOM_ID) VALUES (158,2);
INSERT INTO T_Pescador_has_T_Comunidade (TP_ID,TCOM_ID) VALUES (1610,8);
INSERT INTO T_Pescador_has_T_Comunidade (TP_ID,TCOM_ID) VALUES (738,6);
INSERT INTO T_Pescador_has_T_Comunidade (TP_ID,TCOM_ID) VALUES (544,1);
INSERT INTO T_Pescador_has_T_Comunidade (TP_ID,TCOM_ID) VALUES (757,6);
INSERT INTO T_Pescador_has_T_Comunidade (TP_ID,TCOM_ID) VALUES (913,14);
INSERT INTO T_Pescador_has_T_Comunidade (TP_ID,TCOM_ID) VALUES (1519,8);
INSERT INTO T_Pescador_has_T_Comunidade (TP_ID,TCOM_ID) VALUES (197,3);
INSERT INTO T_Pescador_has_T_Comunidade (TP_ID,TCOM_ID) VALUES (1521,8);
INSERT INTO T_Pescador_has_T_Comunidade (TP_ID,TCOM_ID) VALUES (1522,8);
INSERT INTO T_Pescador_has_T_Comunidade (TP_ID,TCOM_ID) VALUES (911,14);
INSERT INTO T_Pescador_has_T_Comunidade (TP_ID,TCOM_ID) VALUES (1792,14);
INSERT INTO T_Pescador_has_T_Comunidade (TP_ID,TCOM_ID) VALUES (1927,12);
INSERT INTO T_Pescador_has_T_Comunidade (TP_ID,TCOM_ID) VALUES (1237,14);
INSERT INTO T_Pescador_has_T_Comunidade (TP_ID,TCOM_ID) VALUES (1652,8);
INSERT INTO T_Pescador_has_T_Comunidade (TP_ID,TCOM_ID) VALUES (156,2);
INSERT INTO T_Pescador_has_T_Comunidade (TP_ID,TCOM_ID) VALUES (1540,7);
INSERT INTO T_Pescador_has_T_Comunidade (TP_ID,TCOM_ID) VALUES (1364,9);
INSERT INTO T_Pescador_has_T_Comunidade (TP_ID,TCOM_ID) VALUES (144,2);
INSERT INTO T_Pescador_has_T_Comunidade (TP_ID,TCOM_ID) VALUES (1358,9);
INSERT INTO T_Pescador_has_T_Comunidade (TP_ID,TCOM_ID) VALUES (877,14);
INSERT INTO T_Pescador_has_T_Comunidade (TP_ID,TCOM_ID) VALUES (1661,8);
INSERT INTO T_Pescador_has_T_Comunidade (TP_ID,TCOM_ID) VALUES (845,2);
INSERT INTO T_Pescador_has_T_Comunidade (TP_ID,TCOM_ID) VALUES (78,1);
INSERT INTO T_Pescador_has_T_Comunidade (TP_ID,TCOM_ID) VALUES (102,1);
INSERT INTO T_Pescador_has_T_Comunidade (TP_ID,TCOM_ID) VALUES (88,1);
INSERT INTO T_Pescador_has_T_Comunidade (TP_ID,TCOM_ID) VALUES (132,2);
INSERT INTO T_Pescador_has_T_Comunidade (TP_ID,TCOM_ID) VALUES (1662,8);
INSERT INTO T_Pescador_has_T_Comunidade (TP_ID,TCOM_ID) VALUES (1505,14);
INSERT INTO T_Pescador_has_T_Comunidade (TP_ID,TCOM_ID) VALUES (1341,2);
INSERT INTO T_Pescador_has_T_Comunidade (TP_ID,TCOM_ID) VALUES (781,6);
INSERT INTO T_Pescador_has_T_Comunidade (TP_ID,TCOM_ID) VALUES (432,14);
INSERT INTO T_Pescador_has_T_Comunidade (TP_ID,TCOM_ID) VALUES (1423,14);
INSERT INTO T_Pescador_has_T_Comunidade (TP_ID,TCOM_ID) VALUES (579,5);
INSERT INTO T_Pescador_has_T_Comunidade (TP_ID,TCOM_ID) VALUES (571,5);
INSERT INTO T_Pescador_has_T_Comunidade (TP_ID,TCOM_ID) VALUES (912,14);
INSERT INTO T_Pescador_has_T_Comunidade (TP_ID,TCOM_ID) VALUES (1444,16);
INSERT INTO T_Pescador_has_T_Comunidade (TP_ID,TCOM_ID) VALUES (628,4);
INSERT INTO T_Pescador_has_T_Comunidade (TP_ID,TCOM_ID) VALUES (1162,5);
INSERT INTO T_Pescador_has_T_Comunidade (TP_ID,TCOM_ID) VALUES (884,14);
INSERT INTO T_Pescador_has_T_Comunidade (TP_ID,TCOM_ID) VALUES (1324,14);
INSERT INTO T_Pescador_has_T_Comunidade (TP_ID,TCOM_ID) VALUES (1131,8);
INSERT INTO T_Pescador_has_T_Comunidade (TP_ID,TCOM_ID) VALUES (696,3);
INSERT INTO T_Pescador_has_T_Comunidade (TP_ID,TCOM_ID) VALUES (307,2);
INSERT INTO T_Pescador_has_T_Comunidade (TP_ID,TCOM_ID) VALUES (1362,9);
INSERT INTO T_Pescador_has_T_Comunidade (TP_ID,TCOM_ID) VALUES (175,15);
INSERT INTO T_Pescador_has_T_Comunidade (TP_ID,TCOM_ID) VALUES (1592,8);
INSERT INTO T_Pescador_has_T_Comunidade (TP_ID,TCOM_ID) VALUES (1406,15);
INSERT INTO T_Pescador_has_T_Comunidade (TP_ID,TCOM_ID) VALUES (1523,8);
INSERT INTO T_Pescador_has_T_Comunidade (TP_ID,TCOM_ID) VALUES (786,6);
INSERT INTO T_Pescador_has_T_Comunidade (TP_ID,TCOM_ID) VALUES (509,1);
INSERT INTO T_Pescador_has_T_Comunidade (TP_ID,TCOM_ID) VALUES (1524,8);
INSERT INTO T_Pescador_has_T_Comunidade (TP_ID,TCOM_ID) VALUES (1165,5);
INSERT INTO T_Pescador_has_T_Comunidade (TP_ID,TCOM_ID) VALUES (760,3);
INSERT INTO T_Pescador_has_T_Comunidade (TP_ID,TCOM_ID) VALUES (1342,2);
INSERT INTO T_Pescador_has_T_Comunidade (TP_ID,TCOM_ID) VALUES (414,14);
INSERT INTO T_Pescador_has_T_Comunidade (TP_ID,TCOM_ID) VALUES (1541,7);
INSERT INTO T_Pescador_has_T_Comunidade (TP_ID,TCOM_ID) VALUES (1525,8);
INSERT INTO T_Pescador_has_T_Comunidade (TP_ID,TCOM_ID) VALUES (1629,8);
INSERT INTO T_Pescador_has_T_Comunidade (TP_ID,TCOM_ID) VALUES (915,14);
INSERT INTO T_Pescador_has_T_Comunidade (TP_ID,TCOM_ID) VALUES (1355,1);
INSERT INTO T_Pescador_has_T_Comunidade (TP_ID,TCOM_ID) VALUES (572,5);
INSERT INTO T_Pescador_has_T_Comunidade (TP_ID,TCOM_ID) VALUES (888,14);
INSERT INTO T_Pescador_has_T_Comunidade (TP_ID,TCOM_ID) VALUES (444,2);
INSERT INTO T_Pescador_has_T_Comunidade (TP_ID,TCOM_ID) VALUES (2033,7);
INSERT INTO T_Pescador_has_T_Comunidade (TP_ID,TCOM_ID) VALUES (573,5);
INSERT INTO T_Pescador_has_T_Comunidade (TP_ID,TCOM_ID) VALUES (507,1);
INSERT INTO T_Pescador_has_T_Comunidade (TP_ID,TCOM_ID) VALUES (452,2);
INSERT INTO T_Pescador_has_T_Comunidade (TP_ID,TCOM_ID) VALUES (916,14);
INSERT INTO T_Pescador_has_T_Comunidade (TP_ID,TCOM_ID) VALUES (1655,8);
INSERT INTO T_Pescador_has_T_Comunidade (TP_ID,TCOM_ID) VALUES (782,6);
INSERT INTO T_Pescador_has_T_Comunidade (TP_ID,TCOM_ID) VALUES (387,2);
INSERT INTO T_Pescador_has_T_Comunidade (TP_ID,TCOM_ID) VALUES (1338,14);
INSERT INTO T_Pescador_has_T_Comunidade (TP_ID,TCOM_ID) VALUES (1603,8);
INSERT INTO T_Pescador_has_T_Comunidade (TP_ID,TCOM_ID) VALUES (508,1);
INSERT INTO T_Pescador_has_T_Comunidade (TP_ID,TCOM_ID) VALUES (1288,14);
INSERT INTO T_Pescador_has_T_Comunidade (TP_ID,TCOM_ID) VALUES (1594,8);
INSERT INTO T_Pescador_has_T_Comunidade (TP_ID,TCOM_ID) VALUES (462,1);
INSERT INTO T_Pescador_has_T_Comunidade (TP_ID,TCOM_ID) VALUES (1542,7);
INSERT INTO T_Pescador_has_T_Comunidade (TP_ID,TCOM_ID) VALUES (872,14);
INSERT INTO T_Pescador_has_T_Comunidade (TP_ID,TCOM_ID) VALUES (506,1);
INSERT INTO T_Pescador_has_T_Comunidade (TP_ID,TCOM_ID) VALUES (1654,8);
INSERT INTO T_Pescador_has_T_Comunidade (TP_ID,TCOM_ID) VALUES (441,3);
INSERT INTO T_Pescador_has_T_Comunidade (TP_ID,TCOM_ID) VALUES (1600,8);
INSERT INTO T_Pescador_has_T_Comunidade (TP_ID,TCOM_ID) VALUES (1529,8);
INSERT INTO T_Pescador_has_T_Comunidade (TP_ID,TCOM_ID) VALUES (1193,5);
INSERT INTO T_Pescador_has_T_Comunidade (TP_ID,TCOM_ID) VALUES (1527,8);
INSERT INTO T_Pescador_has_T_Comunidade (TP_ID,TCOM_ID) VALUES (1418,14);
INSERT INTO T_Pescador_has_T_Comunidade (TP_ID,TCOM_ID) VALUES (1530,8);
INSERT INTO T_Pescador_has_T_Comunidade (TP_ID,TCOM_ID) VALUES (183,15);
INSERT INTO T_Pescador_has_T_Comunidade (TP_ID,TCOM_ID) VALUES (1346,1);
INSERT INTO T_Pescador_has_T_Comunidade (TP_ID,TCOM_ID) VALUES (148,2);
INSERT INTO T_Pescador_has_T_Comunidade (TP_ID,TCOM_ID) VALUES (856,2);
INSERT INTO T_Pescador_has_T_Comunidade (TP_ID,TCOM_ID) VALUES (698,3);
INSERT INTO T_Pescador_has_T_Comunidade (TP_ID,TCOM_ID) VALUES (1978,14);
INSERT INTO T_Pescador_has_T_Comunidade (TP_ID,TCOM_ID) VALUES (254,14);
INSERT INTO T_Pescador_has_T_Comunidade (TP_ID,TCOM_ID) VALUES (1368,16);
INSERT INTO T_Pescador_has_T_Comunidade (TP_ID,TCOM_ID) VALUES (890,14);
INSERT INTO T_Pescador_has_T_Comunidade (TP_ID,TCOM_ID) VALUES (1531,8);
INSERT INTO T_Pescador_has_T_Comunidade (TP_ID,TCOM_ID) VALUES (887,14);
INSERT INTO T_Pescador_has_T_Comunidade (TP_ID,TCOM_ID) VALUES (191,3);
INSERT INTO T_Pescador_has_T_Comunidade (TP_ID,TCOM_ID) VALUES (985,6);
INSERT INTO T_Pescador_has_T_Comunidade (TP_ID,TCOM_ID) VALUES (885,14);
INSERT INTO T_Pescador_has_T_Comunidade (TP_ID,TCOM_ID) VALUES (344,1);
INSERT INTO T_Pescador_has_T_Comunidade (TP_ID,TCOM_ID) VALUES (1570,8);
INSERT INTO T_Pescador_has_T_Comunidade (TP_ID,TCOM_ID) VALUES (652,2);
INSERT INTO T_Pescador_has_T_Comunidade (TP_ID,TCOM_ID) VALUES (1596,8);
INSERT INTO T_Pescador_has_T_Comunidade (TP_ID,TCOM_ID) VALUES (574,5);
INSERT INTO T_Pescador_has_T_Comunidade (TP_ID,TCOM_ID) VALUES (1533,8);
INSERT INTO T_Pescador_has_T_Comunidade (TP_ID,TCOM_ID) VALUES (744,6);
INSERT INTO T_Pescador_has_T_Comunidade (TP_ID,TCOM_ID) VALUES (729,3);
INSERT INTO T_Pescador_has_T_Comunidade (TP_ID,TCOM_ID) VALUES (1658,8);
INSERT INTO T_Pescador_has_T_Comunidade (TP_ID,TCOM_ID) VALUES (1912,16);
INSERT INTO T_Pescador_has_T_Comunidade (TP_ID,TCOM_ID) VALUES (948,6);
INSERT INTO T_Pescador_has_T_Comunidade (TP_ID,TCOM_ID) VALUES (777,6);
INSERT INTO T_Pescador_has_T_Comunidade (TP_ID,TCOM_ID) VALUES (1367,16);
INSERT INTO T_Pescador_has_T_Comunidade (TP_ID,TCOM_ID) VALUES (500,1);
INSERT INTO T_Pescador_has_T_Comunidade (TP_ID,TCOM_ID) VALUES (104,1);
INSERT INTO T_Pescador_has_T_Comunidade (TP_ID,TCOM_ID) VALUES (832,1);
INSERT INTO T_Pescador_has_T_Comunidade (TP_ID,TCOM_ID) VALUES (1199,4);
INSERT INTO T_Pescador_has_T_Comunidade (TP_ID,TCOM_ID) VALUES (1357,9);
INSERT INTO T_Pescador_has_T_Comunidade (TP_ID,TCOM_ID) VALUES (517,4);
INSERT INTO T_Pescador_has_T_Comunidade (TP_ID,TCOM_ID) VALUES (464,1);
INSERT INTO T_Pescador_has_T_Comunidade (TP_ID,TCOM_ID) VALUES (1136,8);
INSERT INTO T_Pescador_has_T_Comunidade (TP_ID,TCOM_ID) VALUES (502,1);
INSERT INTO T_Pescador_has_T_Comunidade (TP_ID,TCOM_ID) VALUES (1632,8);
INSERT INTO T_Pescador_has_T_Comunidade (TP_ID,TCOM_ID) VALUES (740,3);
INSERT INTO T_Pescador_has_T_Comunidade (TP_ID,TCOM_ID) VALUES (194,3);
INSERT INTO T_Pescador_has_T_Comunidade (TP_ID,TCOM_ID) VALUES (1382,16);
INSERT INTO T_Pescador_has_T_Comunidade (TP_ID,TCOM_ID) VALUES (251,3);
INSERT INTO T_Pescador_has_T_Comunidade (TP_ID,TCOM_ID) VALUES (583,5);
INSERT INTO T_Pescador_has_T_Comunidade (TP_ID,TCOM_ID) VALUES (1619,8);
INSERT INTO T_Pescador_has_T_Comunidade (TP_ID,TCOM_ID) VALUES (665,15);
INSERT INTO T_Pescador_has_T_Comunidade (TP_ID,TCOM_ID) VALUES (687,15);
INSERT INTO T_Pescador_has_T_Comunidade (TP_ID,TCOM_ID) VALUES (371,1);
INSERT INTO T_Pescador_has_T_Comunidade (TP_ID,TCOM_ID) VALUES (732,3);
INSERT INTO T_Pescador_has_T_Comunidade (TP_ID,TCOM_ID) VALUES (1361,9);
INSERT INTO T_Pescador_has_T_Comunidade (TP_ID,TCOM_ID) VALUES (1243,16);
INSERT INTO T_Pescador_has_T_Comunidade (TP_ID,TCOM_ID) VALUES (785,6);
INSERT INTO T_Pescador_has_T_Comunidade (TP_ID,TCOM_ID) VALUES (377,2);
INSERT INTO T_Pescador_has_T_Comunidade (TP_ID,TCOM_ID) VALUES (719,3);
INSERT INTO T_Pescador_has_T_Comunidade (TP_ID,TCOM_ID) VALUES (1411,14);
INSERT INTO T_Pescador_has_T_Comunidade (TP_ID,TCOM_ID) VALUES (892,14);
INSERT INTO T_Pescador_has_T_Comunidade (TP_ID,TCOM_ID) VALUES (505,1);
INSERT INTO T_Pescador_has_T_Comunidade (TP_ID,TCOM_ID) VALUES (1553,8);
INSERT INTO T_Pescador_has_T_Comunidade (TP_ID,TCOM_ID) VALUES (481,15);
INSERT INTO T_Pescador_has_T_Comunidade (TP_ID,TCOM_ID) VALUES (412,2);
INSERT INTO T_Pescador_has_T_Comunidade (TP_ID,TCOM_ID) VALUES (1724,6);
INSERT INTO T_Pescador_has_T_Comunidade (TP_ID,TCOM_ID) VALUES (1168,5);
INSERT INTO T_Pescador_has_T_Comunidade (TP_ID,TCOM_ID) VALUES (1442,16);
INSERT INTO T_Pescador_has_T_Comunidade (TP_ID,TCOM_ID) VALUES (1595,8);
INSERT INTO T_Pescador_has_T_Comunidade (TP_ID,TCOM_ID) VALUES (1322,14);
INSERT INTO T_Pescador_has_T_Comunidade (TP_ID,TCOM_ID) VALUES (1535,8);
INSERT INTO T_Pescador_has_T_Comunidade (TP_ID,TCOM_ID) VALUES (1537,8);
INSERT INTO T_Pescador_has_T_Comunidade (TP_ID,TCOM_ID) VALUES (939,14);
INSERT INTO T_Pescador_has_T_Comunidade (TP_ID,TCOM_ID) VALUES (1347,1);
INSERT INTO T_Pescador_has_T_Comunidade (TP_ID,TCOM_ID) VALUES (578,5);
INSERT INTO T_Pescador_has_T_Comunidade (TP_ID,TCOM_ID) VALUES (618,4);
INSERT INTO T_Pescador_has_T_Comunidade (TP_ID,TCOM_ID) VALUES (650,2);
INSERT INTO T_Pescador_has_T_Comunidade (TP_ID,TCOM_ID) VALUES (2031,7);
INSERT INTO T_Pescador_has_T_Comunidade (TP_ID,TCOM_ID) VALUES (1539,7);
INSERT INTO T_Pescador_has_T_Comunidade (TP_ID,TCOM_ID) VALUES (93,1);
INSERT INTO T_Pescador_has_T_Comunidade (TP_ID,TCOM_ID) VALUES (685,15);
INSERT INTO T_Pescador_has_T_Comunidade (TP_ID,TCOM_ID) VALUES (879,14);
INSERT INTO T_Pescador_has_T_Comunidade (TP_ID,TCOM_ID) VALUES (1656,8);
INSERT INTO T_Pescador_has_T_Comunidade (TP_ID,TCOM_ID) VALUES (214,8);
INSERT INTO T_Pescador_has_T_Comunidade (TP_ID,TCOM_ID) VALUES (1554,8);
INSERT INTO T_Pescador_has_T_Comunidade (TP_ID,TCOM_ID) VALUES (1420,16);
INSERT INTO T_Pescador_has_T_Comunidade (TP_ID,TCOM_ID) VALUES (1620,8);
INSERT INTO T_Pescador_has_T_Comunidade (TP_ID,TCOM_ID) VALUES (1343,2);
INSERT INTO T_Pescador_has_T_Comunidade (TP_ID,TCOM_ID) VALUES (750,3);
INSERT INTO T_Pescador_has_T_Comunidade (TP_ID,TCOM_ID) VALUES (1336,2);
INSERT INTO T_Pescador_has_T_Comunidade (TP_ID,TCOM_ID) VALUES (756,6);
INSERT INTO T_Pescador_has_T_Comunidade (TP_ID,TCOM_ID) VALUES (828,3);
INSERT INTO T_Pescador_has_T_Comunidade (TP_ID,TCOM_ID) VALUES (1555,8);
INSERT INTO T_Pescador_has_T_Comunidade (TP_ID,TCOM_ID) VALUES (814,9);
INSERT INTO T_Pescador_has_T_Comunidade (TP_ID,TCOM_ID) VALUES (384,2);
INSERT INTO T_Pescador_has_T_Comunidade (TP_ID,TCOM_ID) VALUES (704,3);
INSERT INTO T_Pescador_has_T_Comunidade (TP_ID,TCOM_ID) VALUES (117,5);
INSERT INTO T_Pescador_has_T_Comunidade (TP_ID,TCOM_ID) VALUES (496,1);
INSERT INTO T_Pescador_has_T_Comunidade (TP_ID,TCOM_ID) VALUES (1556,8);
INSERT INTO T_Pescador_has_T_Comunidade (TP_ID,TCOM_ID) VALUES (809,9);
INSERT INTO T_Pescador_has_T_Comunidade (TP_ID,TCOM_ID) VALUES (1030,6);
INSERT INTO T_Pescador_has_T_Comunidade (TP_ID,TCOM_ID) VALUES (567,5);
INSERT INTO T_Pescador_has_T_Comunidade (TP_ID,TCOM_ID) VALUES (1558,8);
INSERT INTO T_Pescador_has_T_Comunidade (TP_ID,TCOM_ID) VALUES (20,8);
INSERT INTO T_Pescador_has_T_Comunidade (TP_ID,TCOM_ID) VALUES (1195,5);
INSERT INTO T_Pescador_has_T_Comunidade (TP_ID,TCOM_ID) VALUES (604,5);
INSERT INTO T_Pescador_has_T_Comunidade (TP_ID,TCOM_ID) VALUES (1702,5);
INSERT INTO T_Pescador_has_T_Comunidade (TP_ID,TCOM_ID) VALUES (605,5);
INSERT INTO T_Pescador_has_T_Comunidade (TP_ID,TCOM_ID) VALUES (450,1);
INSERT INTO T_Pescador_has_T_Comunidade (TP_ID,TCOM_ID) VALUES (405,3);
INSERT INTO T_Pescador_has_T_Comunidade (TP_ID,TCOM_ID) VALUES (119,5);
INSERT INTO T_Pescador_has_T_Comunidade (TP_ID,TCOM_ID) VALUES (942,14);
INSERT INTO T_Pescador_has_T_Comunidade (TP_ID,TCOM_ID) VALUES (950,6);
INSERT INTO T_Pescador_has_T_Comunidade (TP_ID,TCOM_ID) VALUES (1198,4);
INSERT INTO T_Pescador_has_T_Comunidade (TP_ID,TCOM_ID) VALUES (973,6);
INSERT INTO T_Pescador_has_T_Comunidade (TP_ID,TCOM_ID) VALUES (515,4);
INSERT INTO T_Pescador_has_T_Comunidade (TP_ID,TCOM_ID) VALUES (910,14);
INSERT INTO T_Pescador_has_T_Comunidade (TP_ID,TCOM_ID) VALUES (615,5);
INSERT INTO T_Pescador_has_T_Comunidade (TP_ID,TCOM_ID) VALUES (493,1);
INSERT INTO T_Pescador_has_T_Comunidade (TP_ID,TCOM_ID) VALUES (495,1);
INSERT INTO T_Pescador_has_T_Comunidade (TP_ID,TCOM_ID) VALUES (1432,16);
INSERT INTO T_Pescador_has_T_Comunidade (TP_ID,TCOM_ID) VALUES (871,14);
INSERT INTO T_Pescador_has_T_Comunidade (TP_ID,TCOM_ID) VALUES (140,2);
INSERT INTO T_Pescador_has_T_Comunidade (TP_ID,TCOM_ID) VALUES (473,2);
INSERT INTO T_Pescador_has_T_Comunidade (TP_ID,TCOM_ID) VALUES (630,3);
INSERT INTO T_Pescador_has_T_Comunidade (TP_ID,TCOM_ID) VALUES (1033,6);
INSERT INTO T_Pescador_has_T_Comunidade (TP_ID,TCOM_ID) VALUES (1559,8);
INSERT INTO T_Pescador_has_T_Comunidade (TP_ID,TCOM_ID) VALUES (1660,8);
INSERT INTO T_Pescador_has_T_Comunidade (TP_ID,TCOM_ID) VALUES (201,3);
INSERT INTO T_Pescador_has_T_Comunidade (TP_ID,TCOM_ID) VALUES (1560,8);
INSERT INTO T_Pescador_has_T_Comunidade (TP_ID,TCOM_ID) VALUES (520,4);
INSERT INTO T_Pescador_has_T_Comunidade (TP_ID,TCOM_ID) VALUES (471,2);
INSERT INTO T_Pescador_has_T_Comunidade (TP_ID,TCOM_ID) VALUES (1593,8);
INSERT INTO T_Pescador_has_T_Comunidade (TP_ID,TCOM_ID) VALUES (1561,8);
INSERT INTO T_Pescador_has_T_Comunidade (TP_ID,TCOM_ID) VALUES (743,3);
INSERT INTO T_Pescador_has_T_Comunidade (TP_ID,TCOM_ID) VALUES (745,6);
INSERT INTO T_Pescador_has_T_Comunidade (TP_ID,TCOM_ID) VALUES (870,14);
INSERT INTO T_Pescador_has_T_Comunidade (TP_ID,TCOM_ID) VALUES (747,6);
INSERT INTO T_Pescador_has_T_Comunidade (TP_ID,TCOM_ID) VALUES (800,9);
INSERT INTO T_Pescador_has_T_Comunidade (TP_ID,TCOM_ID) VALUES (198,3);
INSERT INTO T_Pescador_has_T_Comunidade (TP_ID,TCOM_ID) VALUES (1365,10);
INSERT INTO T_Pescador_has_T_Comunidade (TP_ID,TCOM_ID) VALUES (1694,4);
INSERT INTO T_Pescador_has_T_Comunidade (TP_ID,TCOM_ID) VALUES (1962,14);
INSERT INTO T_Pescador_has_T_Comunidade (TP_ID,TCOM_ID) VALUES (940,14);
INSERT INTO T_Pescador_has_T_Comunidade (TP_ID,TCOM_ID) VALUES (247,14);
INSERT INTO T_Pescador_has_T_Comunidade (TP_ID,TCOM_ID) VALUES (803,9);
INSERT INTO T_Pescador_has_T_Comunidade (TP_ID,TCOM_ID) VALUES (101,1);
INSERT INTO T_Pescador_has_T_Comunidade (TP_ID,TCOM_ID) VALUES (751,6);
INSERT INTO T_Pescador_has_T_Comunidade (TP_ID,TCOM_ID) VALUES (886,14);
INSERT INTO T_Pescador_has_T_Comunidade (TP_ID,TCOM_ID) VALUES (1806,14);
INSERT INTO T_Pescador_has_T_Comunidade (TP_ID,TCOM_ID) VALUES (749,6);
INSERT INTO T_Pescador_has_T_Comunidade (TP_ID,TCOM_ID) VALUES (490,1);
INSERT INTO T_Pescador_has_T_Comunidade (TP_ID,TCOM_ID) VALUES (1562,8);
INSERT INTO T_Pescador_has_T_Comunidade (TP_ID,TCOM_ID) VALUES (608,5);
INSERT INTO T_Pescador_has_T_Comunidade (TP_ID,TCOM_ID) VALUES (1339,11);
INSERT INTO T_Pescador_has_T_Comunidade (TP_ID,TCOM_ID) VALUES (116,5);
INSERT INTO T_Pescador_has_T_Comunidade (TP_ID,TCOM_ID) VALUES (873,14);
INSERT INTO T_Pescador_has_T_Comunidade (TP_ID,TCOM_ID) VALUES (1563,8);
INSERT INTO T_Pescador_has_T_Comunidade (TP_ID,TCOM_ID) VALUES (382,2);
INSERT INTO T_Pescador_has_T_Comunidade (TP_ID,TCOM_ID) VALUES (1436,16);
INSERT INTO T_Pescador_has_T_Comunidade (TP_ID,TCOM_ID) VALUES (338,1);
INSERT INTO T_Pescador_has_T_Comunidade (TP_ID,TCOM_ID) VALUES (203,3);
INSERT INTO T_Pescador_has_T_Comunidade (TP_ID,TCOM_ID) VALUES (204,3);
INSERT INTO T_Pescador_has_T_Comunidade (TP_ID,TCOM_ID) VALUES (690,15);
INSERT INTO T_Pescador_has_T_Comunidade (TP_ID,TCOM_ID) VALUES (370,1);
INSERT INTO T_Pescador_has_T_Comunidade (TP_ID,TCOM_ID) VALUES (775,6);
INSERT INTO T_Pescador_has_T_Comunidade (TP_ID,TCOM_ID) VALUES (483,1);
INSERT INTO T_Pescador_has_T_Comunidade (TP_ID,TCOM_ID) VALUES (1360,9);
INSERT INTO T_Pescador_has_T_Comunidade (TP_ID,TCOM_ID) VALUES (488,1);
INSERT INTO T_Pescador_has_T_Comunidade (TP_ID,TCOM_ID) VALUES (379,2);
INSERT INTO T_Pescador_has_T_Comunidade (TP_ID,TCOM_ID) VALUES (1084,14);
INSERT INTO T_Pescador_has_T_Comunidade (TP_ID,TCOM_ID) VALUES (1767,14);
INSERT INTO T_Pescador_has_T_Comunidade (TP_ID,TCOM_ID) VALUES (537,1);
INSERT INTO T_Pescador_has_T_Comunidade (TP_ID,TCOM_ID) VALUES (1191,5);
INSERT INTO T_Pescador_has_T_Comunidade (TP_ID,TCOM_ID) VALUES (1565,8);
INSERT INTO T_Pescador_has_T_Comunidade (TP_ID,TCOM_ID) VALUES (1567,8);
INSERT INTO T_Pescador_has_T_Comunidade (TP_ID,TCOM_ID) VALUES (1960,14);
INSERT INTO T_Pescador_has_T_Comunidade (TP_ID,TCOM_ID) VALUES (1564,8);
INSERT INTO T_Pescador_has_T_Comunidade (TP_ID,TCOM_ID) VALUES (1963,14);
INSERT INTO T_Pescador_has_T_Comunidade (TP_ID,TCOM_ID) VALUES (1547,7);
INSERT INTO T_Pescador_has_T_Comunidade (TP_ID,TCOM_ID) VALUES (467,2);
INSERT INTO T_Pescador_has_T_Comunidade (TP_ID,TCOM_ID) VALUES (1602,8);
INSERT INTO T_Pescador_has_T_Comunidade (TP_ID,TCOM_ID) VALUES (748,6);
INSERT INTO T_Pescador_has_T_Comunidade (TP_ID,TCOM_ID) VALUES (1568,8);
INSERT INTO T_Pescador_has_T_Comunidade (TP_ID,TCOM_ID) VALUES (1715,6);
INSERT INTO T_Pescador_has_T_Comunidade (TP_ID,TCOM_ID) VALUES (484,1);
INSERT INTO T_Pescador_has_T_Comunidade (TP_ID,TCOM_ID) VALUES (1334,2);
INSERT INTO T_Pescador_has_T_Comunidade (TP_ID,TCOM_ID) VALUES (787,6);
INSERT INTO T_Pescador_has_T_Comunidade (TP_ID,TCOM_ID) VALUES (1036,6);
INSERT INTO T_Pescador_has_T_Comunidade (TP_ID,TCOM_ID) VALUES (746,3);
INSERT INTO T_Pescador_has_T_Comunidade (TP_ID,TCOM_ID) VALUES (593,5);
INSERT INTO T_Pescador_has_T_Comunidade (TP_ID,TCOM_ID) VALUES (795,9);
INSERT INTO T_Pescador_has_T_Comunidade (TP_ID,TCOM_ID) VALUES (810,15);
INSERT INTO T_Pescador_has_T_Comunidade (TP_ID,TCOM_ID) VALUES (960,6);
INSERT INTO T_Pescador_has_T_Comunidade (TP_ID,TCOM_ID) VALUES (1034,6);
INSERT INTO T_Pescador_has_T_Comunidade (TP_ID,TCOM_ID) VALUES (602,5);
INSERT INTO T_Pescador_has_T_Comunidade (TP_ID,TCOM_ID) VALUES (798,9);
INSERT INTO T_Pescador_has_T_Comunidade (TP_ID,TCOM_ID) VALUES (1175,5);
INSERT INTO T_Pescador_has_T_Comunidade (TP_ID,TCOM_ID) VALUES (381,2);
INSERT INTO T_Pescador_has_T_Comunidade (TP_ID,TCOM_ID) VALUES (1291,14);
INSERT INTO T_Pescador_has_T_Comunidade (TP_ID,TCOM_ID) VALUES (1160,6);
INSERT INTO T_Pescador_has_T_Comunidade (TP_ID,TCOM_ID) VALUES (655,2);
INSERT INTO T_Pescador_has_T_Comunidade (TP_ID,TCOM_ID) VALUES (772,6);
INSERT INTO T_Pescador_has_T_Comunidade (TP_ID,TCOM_ID) VALUES (794,9);
INSERT INTO T_Pescador_has_T_Comunidade (TP_ID,TCOM_ID) VALUES (613,5);
INSERT INTO T_Pescador_has_T_Comunidade (TP_ID,TCOM_ID) VALUES (881,14);
INSERT INTO T_Pescador_has_T_Comunidade (TP_ID,TCOM_ID) VALUES (731,3);
INSERT INTO T_Pescador_has_T_Comunidade (TP_ID,TCOM_ID) VALUES (755,3);
INSERT INTO T_Pescador_has_T_Comunidade (TP_ID,TCOM_ID) VALUES (1439,16);
INSERT INTO T_Pescador_has_T_Comunidade (TP_ID,TCOM_ID) VALUES (109,4);
INSERT INTO T_Pescador_has_T_Comunidade (TP_ID,TCOM_ID) VALUES (951,6);
INSERT INTO T_Pescador_has_T_Comunidade (TP_ID,TCOM_ID) VALUES (793,9);
INSERT INTO T_Pescador_has_T_Comunidade (TP_ID,TCOM_ID) VALUES (416,14);

-- Telefones para Contato
INSERT INTO T_TelefoneContato (TTCont_ID, TTCont_DDD, TTCont_Telefone, TTEL_ID) VALUES (1,73,36569153,1);
INSERT INTO T_TelefoneContato (TTCont_ID, TTCont_DDD, TTCont_Telefone, TTEL_ID) VALUES (2,73,36569016,1);
INSERT INTO T_TelefoneContato (TTCont_ID, TTCont_DDD, TTCont_Telefone, TTEL_ID) VALUES (3,73,36569126,1);
INSERT INTO T_TelefoneContato (TTCont_ID, TTCont_DDD, TTCont_Telefone, TTEL_ID) VALUES (4,73,88628274,1);
INSERT INTO T_TelefoneContato (TTCont_ID, TTCont_DDD, TTCont_Telefone, TTEL_ID) VALUES (5,73,36569164,1);
INSERT INTO T_TelefoneContato (TTCont_ID, TTCont_DDD, TTCont_Telefone, TTEL_ID) VALUES (6,73,36398659,1);
INSERT INTO T_TelefoneContato (TTCont_ID, TTCont_DDD, TTCont_Telefone, TTEL_ID) VALUES (7,73,32316976,1);
INSERT INTO T_TelefoneContato (TTCont_ID, TTCont_DDD, TTCont_Telefone, TTEL_ID) VALUES (8,73,98334301,1);
INSERT INTO T_TelefoneContato (TTCont_ID, TTCont_DDD, TTCont_Telefone, TTEL_ID) VALUES (9,73,88642549,1);
INSERT INTO T_TelefoneContato (TTCont_ID, TTCont_DDD, TTCont_Telefone, TTEL_ID) VALUES (10,73,36337221,1);
INSERT INTO T_TelefoneContato (TTCont_ID, TTCont_DDD, TTCont_Telefone, TTEL_ID) VALUES (11,73,36566257,1);
INSERT INTO T_TelefoneContato (TTCont_ID, TTCont_DDD, TTCont_Telefone, TTEL_ID) VALUES (12,73,36392868,1);
INSERT INTO T_TelefoneContato (TTCont_ID, TTCont_DDD, TTCont_Telefone, TTEL_ID) VALUES (13,73,32317901,1);
INSERT INTO T_TelefoneContato (TTCont_ID, TTCont_DDD, TTCont_Telefone, TTEL_ID) VALUES (14,73,32314277,1);
INSERT INTO T_TelefoneContato (TTCont_ID, TTCont_DDD, TTCont_Telefone, TTEL_ID) VALUES (15,73,30860550,1);
INSERT INTO T_TelefoneContato (TTCont_ID, TTCont_DDD, TTCont_Telefone, TTEL_ID) VALUES (16,73,36326475,1);
INSERT INTO T_TelefoneContato (TTCont_ID, TTCont_DDD, TTCont_Telefone, TTEL_ID) VALUES (17,73,88237445,1);
INSERT INTO T_TelefoneContato (TTCont_ID, TTCont_DDD, TTCont_Telefone, TTEL_ID) VALUES (18,73,36349178,1);
INSERT INTO T_TelefoneContato (TTCont_ID, TTCont_DDD, TTCont_Telefone, TTEL_ID) VALUES (19,73,36566112,1);
INSERT INTO T_TelefoneContato (TTCont_ID, TTCont_DDD, TTCont_Telefone, TTEL_ID) VALUES (20,73,36335942,1);
INSERT INTO T_TelefoneContato (TTCont_ID, TTCont_DDD, TTCont_Telefone, TTEL_ID) VALUES (21,73,36562033,1);
INSERT INTO T_TelefoneContato (TTCont_ID, TTCont_DDD, TTCont_Telefone, TTEL_ID) VALUES (22,73,36567060,1);
INSERT INTO T_TelefoneContato (TTCont_ID, TTCont_DDD, TTCont_Telefone, TTEL_ID) VALUES (23,73,32319198,1);
INSERT INTO T_TelefoneContato (TTCont_ID, TTCont_DDD, TTCont_Telefone, TTEL_ID) VALUES (24,73,32319198,1);
INSERT INTO T_TelefoneContato (TTCont_ID, TTCont_DDD, TTCont_Telefone, TTEL_ID) VALUES (25,73,36336330,1);
INSERT INTO T_TelefoneContato (TTCont_ID, TTCont_DDD, TTCont_Telefone, TTEL_ID) VALUES (26,73,36569016,1);
INSERT INTO T_TelefoneContato (TTCont_ID, TTCont_DDD, TTCont_Telefone, TTEL_ID) VALUES (27,73,82085087,1);
INSERT INTO T_TelefoneContato (TTCont_ID, TTCont_DDD, TTCont_Telefone, TTEL_ID) VALUES (28,73,36391410,1);
INSERT INTO T_TelefoneContato (TTCont_ID, TTCont_DDD, TTCont_Telefone, TTEL_ID) VALUES (29,73,30844718,1);
INSERT INTO T_TelefoneContato (TTCont_ID, TTCont_DDD, TTCont_Telefone, TTEL_ID) VALUES (30,73,36566243,1);
INSERT INTO T_TelefoneContato (TTCont_ID, TTCont_DDD, TTCont_Telefone, TTEL_ID) VALUES (31,73,36566164,1);
INSERT INTO T_TelefoneContato (TTCont_ID, TTCont_DDD, TTCont_Telefone, TTEL_ID) VALUES (32,73,36566252,1);
INSERT INTO T_TelefoneContato (TTCont_ID, TTCont_DDD, TTCont_Telefone, TTEL_ID) VALUES (33,73,36562022,1);
INSERT INTO T_TelefoneContato (TTCont_ID, TTCont_DDD, TTCont_Telefone, TTEL_ID) VALUES (34,73,36569009,1);
INSERT INTO T_TelefoneContato (TTCont_ID, TTCont_DDD, TTCont_Telefone, TTEL_ID) VALUES (35,73,36562100,1);
INSERT INTO T_TelefoneContato (TTCont_ID, TTCont_DDD, TTCont_Telefone, TTEL_ID) VALUES (36,73,36334102,1);
INSERT INTO T_TelefoneContato (TTCont_ID, TTCont_DDD, TTCont_Telefone, TTEL_ID) VALUES (37,73,32117684,1);
INSERT INTO T_TelefoneContato (TTCont_ID, TTCont_DDD, TTCont_Telefone, TTEL_ID) VALUES (38,73,36562057,1);
INSERT INTO T_TelefoneContato (TTCont_ID, TTCont_DDD, TTCont_Telefone, TTEL_ID) VALUES (39,73,36325049,1);
INSERT INTO T_TelefoneContato (TTCont_ID, TTCont_DDD, TTCont_Telefone, TTEL_ID) VALUES (40,73,36562025,1);
INSERT INTO T_TelefoneContato (TTCont_ID, TTCont_DDD, TTCont_Telefone, TTEL_ID) VALUES (41,73,81968235,1);
INSERT INTO T_TelefoneContato (TTCont_ID, TTCont_DDD, TTCont_Telefone, TTEL_ID) VALUES (42,73,36566145,1);
INSERT INTO T_TelefoneContato (TTCont_ID, TTCont_DDD, TTCont_Telefone, TTEL_ID) VALUES (43,73,36569118,1);
INSERT INTO T_TelefoneContato (TTCont_ID, TTCont_DDD, TTCont_Telefone, TTEL_ID) VALUES (44,73,36392756,1);
INSERT INTO T_TelefoneContato (TTCont_ID, TTCont_DDD, TTCont_Telefone, TTEL_ID) VALUES (45,73,34311271,1);
INSERT INTO T_TelefoneContato (TTCont_ID, TTCont_DDD, TTCont_Telefone, TTEL_ID) VALUES (46,73,36566169,1);
INSERT INTO T_TelefoneContato (TTCont_ID, TTCont_DDD, TTCont_Telefone, TTEL_ID) VALUES (47,73,81316449,1);
INSERT INTO T_TelefoneContato (TTCont_ID, TTCont_DDD, TTCont_Telefone, TTEL_ID) VALUES (48,73,32315080,1);
INSERT INTO T_TelefoneContato (TTCont_ID, TTCont_DDD, TTCont_Telefone, TTEL_ID) VALUES (49,73,36344409,1);
INSERT INTO T_TelefoneContato (TTCont_ID, TTCont_DDD, TTCont_Telefone, TTEL_ID) VALUES (50,73,36576079,1);
INSERT INTO T_TelefoneContato (TTCont_ID, TTCont_DDD, TTCont_Telefone, TTEL_ID) VALUES (51,73,36562098,1);
INSERT INTO T_TelefoneContato (TTCont_ID, TTCont_DDD, TTCont_Telefone, TTEL_ID) VALUES (52,73,36576285,1);
INSERT INTO T_TelefoneContato (TTCont_ID, TTCont_DDD, TTCont_Telefone, TTEL_ID) VALUES (53,73,36390689,1);
INSERT INTO T_TelefoneContato (TTCont_ID, TTCont_DDD, TTCont_Telefone, TTEL_ID) VALUES (54,73,32315955,1);
INSERT INTO T_TelefoneContato (TTCont_ID, TTCont_DDD, TTCont_Telefone, TTEL_ID) VALUES (55,73,36566363,1);
INSERT INTO T_TelefoneContato (TTCont_ID, TTCont_DDD, TTCont_Telefone, TTEL_ID) VALUES (56,73,36569009,1);
INSERT INTO T_TelefoneContato (TTCont_ID, TTCont_DDD, TTCont_Telefone, TTEL_ID) VALUES (57,73,36334511,1);
INSERT INTO T_TelefoneContato (TTCont_ID, TTCont_DDD, TTCont_Telefone, TTEL_ID) VALUES (58,73,81088019,1);
INSERT INTO T_TelefoneContato (TTCont_ID, TTCont_DDD, TTCont_Telefone, TTEL_ID) VALUES (59,73,36569044,1);
INSERT INTO T_TelefoneContato (TTCont_ID, TTCont_DDD, TTCont_Telefone, TTEL_ID) VALUES (60,73,36391137,1);
INSERT INTO T_TelefoneContato (TTCont_ID, TTCont_DDD, TTCont_Telefone, TTEL_ID) VALUES (61,73,36569032,1);
INSERT INTO T_TelefoneContato (TTCont_ID, TTCont_DDD, TTCont_Telefone, TTEL_ID) VALUES (62,73,32513258,1);
INSERT INTO T_TelefoneContato (TTCont_ID, TTCont_DDD, TTCont_Telefone, TTEL_ID) VALUES (63,73,32512186,1);
INSERT INTO T_TelefoneContato (TTCont_ID, TTCont_DDD, TTCont_Telefone, TTEL_ID) VALUES (64,73,99528148,1);
INSERT INTO T_TelefoneContato (TTCont_ID, TTCont_DDD, TTCont_Telefone, TTEL_ID) VALUES (65,73,32311974,1);
INSERT INTO T_TelefoneContato (TTCont_ID, TTCont_DDD, TTCont_Telefone, TTEL_ID) VALUES (66,73,36576048,1);
INSERT INTO T_TelefoneContato (TTCont_ID, TTCont_DDD, TTCont_Telefone, TTEL_ID) VALUES (67,73,36752292,1);
INSERT INTO T_TelefoneContato (TTCont_ID, TTCont_DDD, TTCont_Telefone, TTEL_ID) VALUES (68,73,36566617,1);
INSERT INTO T_TelefoneContato (TTCont_ID, TTCont_DDD, TTCont_Telefone, TTEL_ID) VALUES (69,73,36566113,1);
INSERT INTO T_TelefoneContato (TTCont_ID, TTCont_DDD, TTCont_Telefone, TTEL_ID) VALUES (70,73,36566044,1);
INSERT INTO T_TelefoneContato (TTCont_ID, TTCont_DDD, TTCont_Telefone, TTEL_ID) VALUES (71,73,36562044,1);
INSERT INTO T_TelefoneContato (TTCont_ID, TTCont_DDD, TTCont_Telefone, TTEL_ID) VALUES (72,73,36566109,1);
INSERT INTO T_TelefoneContato (TTCont_ID, TTCont_DDD, TTCont_Telefone, TTEL_ID) VALUES (73,73,36390458,1);
INSERT INTO T_TelefoneContato (TTCont_ID, TTCont_DDD, TTCont_Telefone, TTEL_ID) VALUES (74,73,32319711,1);
INSERT INTO T_TelefoneContato (TTCont_ID, TTCont_DDD, TTCont_Telefone, TTEL_ID) VALUES (75,73,36394437,1);
INSERT INTO T_TelefoneContato (TTCont_ID, TTCont_DDD, TTCont_Telefone, TTEL_ID) VALUES (76,73,36391295,1);
INSERT INTO T_TelefoneContato (TTCont_ID, TTCont_DDD, TTCont_Telefone, TTEL_ID) VALUES (77,73,36562044,1);
INSERT INTO T_TelefoneContato (TTCont_ID, TTCont_DDD, TTCont_Telefone, TTEL_ID) VALUES (78,73,36569127,1);
INSERT INTO T_TelefoneContato (TTCont_ID, TTCont_DDD, TTCont_Telefone, TTEL_ID) VALUES (79,73,36562008,1);
INSERT INTO T_TelefoneContato (TTCont_ID, TTCont_DDD, TTCont_Telefone, TTEL_ID) VALUES (80,73,36392501,1);
INSERT INTO T_TelefoneContato (TTCont_ID, TTCont_DDD, TTCont_Telefone, TTEL_ID) VALUES (81,73,36569039,1);
INSERT INTO T_TelefoneContato (TTCont_ID, TTCont_DDD, TTCont_Telefone, TTEL_ID) VALUES (82,73,36569151,1);
INSERT INTO T_TelefoneContato (TTCont_ID, TTCont_DDD, TTCont_Telefone, TTEL_ID) VALUES (83,73,81961326,1);
INSERT INTO T_TelefoneContato (TTCont_ID, TTCont_DDD, TTCont_Telefone, TTEL_ID) VALUES (84,73,36334717,1);
INSERT INTO T_TelefoneContato (TTCont_ID, TTCont_DDD, TTCont_Telefone, TTEL_ID) VALUES (85,73,30841035,1);
INSERT INTO T_TelefoneContato (TTCont_ID, TTCont_DDD, TTCont_Telefone, TTEL_ID) VALUES (86,73,91337335,1);
INSERT INTO T_TelefoneContato (TTCont_ID, TTCont_DDD, TTCont_Telefone, TTEL_ID) VALUES (87,73,36569033,1);
INSERT INTO T_TelefoneContato (TTCont_ID, TTCont_DDD, TTCont_Telefone, TTEL_ID) VALUES (88,73,36321252,1);
INSERT INTO T_TelefoneContato (TTCont_ID, TTCont_DDD, TTCont_Telefone, TTEL_ID) VALUES (89,73,36391341,1);
INSERT INTO T_TelefoneContato (TTCont_ID, TTCont_DDD, TTCont_Telefone, TTEL_ID) VALUES (90,73,32314768,1);
INSERT INTO T_TelefoneContato (TTCont_ID, TTCont_DDD, TTCont_Telefone, TTEL_ID) VALUES (91,73,36569164,1);
INSERT INTO T_TelefoneContato (TTCont_ID, TTCont_DDD, TTCont_Telefone, TTEL_ID) VALUES (92,73,36576005,1);
INSERT INTO T_TelefoneContato (TTCont_ID, TTCont_DDD, TTCont_Telefone, TTEL_ID) VALUES (93,73,81164151,1);
INSERT INTO T_TelefoneContato (TTCont_ID, TTCont_DDD, TTCont_Telefone, TTEL_ID) VALUES (94,73,36346343,1);
INSERT INTO T_TelefoneContato (TTCont_ID, TTCont_DDD, TTCont_Telefone, TTEL_ID) VALUES (95,73,36569039,1);
INSERT INTO T_TelefoneContato (TTCont_ID, TTCont_DDD, TTCont_Telefone, TTEL_ID) VALUES (96,73,36576162,1);
INSERT INTO T_TelefoneContato (TTCont_ID, TTCont_DDD, TTCont_Telefone, TTEL_ID) VALUES (97,73,99512913,1);
INSERT INTO T_TelefoneContato (TTCont_ID, TTCont_DDD, TTCont_Telefone, TTEL_ID) VALUES (98,73,36569107,1);
INSERT INTO T_TelefoneContato (TTCont_ID, TTCont_DDD, TTCont_Telefone, TTEL_ID) VALUES (99,73,91126900,1);
INSERT INTO T_TelefoneContato (TTCont_ID, TTCont_DDD, TTCont_Telefone, TTEL_ID) VALUES (100,73,98334301,1);
INSERT INTO T_TelefoneContato (TTCont_ID, TTCont_DDD, TTCont_Telefone, TTEL_ID) VALUES (101,73,36349526,1);
INSERT INTO T_TelefoneContato (TTCont_ID, TTCont_DDD, TTCont_Telefone, TTEL_ID) VALUES (102,73,36566113,1);
INSERT INTO T_TelefoneContato (TTCont_ID, TTCont_DDD, TTCont_Telefone, TTEL_ID) VALUES (103,73,36566232,1);
INSERT INTO T_TelefoneContato (TTCont_ID, TTCont_DDD, TTCont_Telefone, TTEL_ID) VALUES (104,73,36566161,1);
INSERT INTO T_TelefoneContato (TTCont_ID, TTCont_DDD, TTCont_Telefone, TTEL_ID) VALUES (105,73,36569016,1);
INSERT INTO T_TelefoneContato (TTCont_ID, TTCont_DDD, TTCont_Telefone, TTEL_ID) VALUES (106,73,36569064,1);
INSERT INTO T_TelefoneContato (TTCont_ID, TTCont_DDD, TTCont_Telefone, TTEL_ID) VALUES (107,73,30844514,1);
INSERT INTO T_TelefoneContato (TTCont_ID, TTCont_DDD, TTCont_Telefone, TTEL_ID) VALUES (108,73,36340694,1);
INSERT INTO T_TelefoneContato (TTCont_ID, TTCont_DDD, TTCont_Telefone, TTEL_ID) VALUES (109,73,36566124,1);
INSERT INTO T_TelefoneContato (TTCont_ID, TTCont_DDD, TTCont_Telefone, TTEL_ID) VALUES (110,73,36566253,1);
INSERT INTO T_TelefoneContato (TTCont_ID, TTCont_DDD, TTCont_Telefone, TTEL_ID) VALUES (111,73,36566044,1);
INSERT INTO T_TelefoneContato (TTCont_ID, TTCont_DDD, TTCont_Telefone, TTEL_ID) VALUES (112,73,36399016,1);
INSERT INTO T_TelefoneContato (TTCont_ID, TTCont_DDD, TTCont_Telefone, TTEL_ID) VALUES (113,73,32512317,1);
INSERT INTO T_TelefoneContato (TTCont_ID, TTCont_DDD, TTCont_Telefone, TTEL_ID) VALUES (114,73,36566193,1);
INSERT INTO T_TelefoneContato (TTCont_ID, TTCont_DDD, TTCont_Telefone, TTEL_ID) VALUES (115,73,36566015,1);
INSERT INTO T_TelefoneContato (TTCont_ID, TTCont_DDD, TTCont_Telefone, TTEL_ID) VALUES (116,73,36569164,1);
INSERT INTO T_TelefoneContato (TTCont_ID, TTCont_DDD, TTCont_Telefone, TTEL_ID) VALUES (117,73,36576065,1);
INSERT INTO T_TelefoneContato (TTCont_ID, TTCont_DDD, TTCont_Telefone, TTEL_ID) VALUES (118,73,32319711,1);
INSERT INTO T_TelefoneContato (TTCont_ID, TTCont_DDD, TTCont_Telefone, TTEL_ID) VALUES (119,73,36569142,1);
INSERT INTO T_TelefoneContato (TTCont_ID, TTCont_DDD, TTCont_Telefone, TTEL_ID) VALUES (120,73,99629150,1);
INSERT INTO T_TelefoneContato (TTCont_ID, TTCont_DDD, TTCont_Telefone, TTEL_ID) VALUES (121,73,36752727,1);
INSERT INTO T_TelefoneContato (TTCont_ID, TTCont_DDD, TTCont_Telefone, TTEL_ID) VALUES (122,73,36569100,1);
INSERT INTO T_TelefoneContato (TTCont_ID, TTCont_DDD, TTCont_Telefone, TTEL_ID) VALUES (123,73,36391231,1);
INSERT INTO T_TelefoneContato (TTCont_ID, TTCont_DDD, TTCont_Telefone, TTEL_ID) VALUES (124,73,36336982,1);
INSERT INTO T_TelefoneContato (TTCont_ID, TTCont_DDD, TTCont_Telefone, TTEL_ID) VALUES (125,73,36576088,1);
INSERT INTO T_TelefoneContato (TTCont_ID, TTCont_DDD, TTCont_Telefone, TTEL_ID) VALUES (126,73,30845241,1);
INSERT INTO T_TelefoneContato (TTCont_ID, TTCont_DDD, TTCont_Telefone, TTEL_ID) VALUES (127,73,32314577,1);
INSERT INTO T_TelefoneContato (TTCont_ID, TTCont_DDD, TTCont_Telefone, TTEL_ID) VALUES (128,73,36391255,1);
INSERT INTO T_TelefoneContato (TTCont_ID, TTCont_DDD, TTCont_Telefone, TTEL_ID) VALUES (129,73,32396092,1);
INSERT INTO T_TelefoneContato (TTCont_ID, TTCont_DDD, TTCont_Telefone, TTEL_ID) VALUES (130,73,30812126,1);
INSERT INTO T_TelefoneContato (TTCont_ID, TTCont_DDD, TTCont_Telefone, TTEL_ID) VALUES (131,73,36562015,1);
INSERT INTO T_TelefoneContato (TTCont_ID, TTCont_DDD, TTCont_Telefone, TTEL_ID) VALUES (132,73,36563035,1);
INSERT INTO T_TelefoneContato (TTCont_ID, TTCont_DDD, TTCont_Telefone, TTEL_ID) VALUES (133,73,36392868,1);
INSERT INTO T_TelefoneContato (TTCont_ID, TTCont_DDD, TTCont_Telefone, TTEL_ID) VALUES (134,73,36566015,1);
INSERT INTO T_TelefoneContato (TTCont_ID, TTCont_DDD, TTCont_Telefone, TTEL_ID) VALUES (135,73,36566290,1);
INSERT INTO T_TelefoneContato (TTCont_ID, TTCont_DDD, TTCont_Telefone, TTEL_ID) VALUES (136,73,32512516,1);
INSERT INTO T_TelefoneContato (TTCont_ID, TTCont_DDD, TTCont_Telefone, TTEL_ID) VALUES (137,73,36569047,1);
INSERT INTO T_TelefoneContato (TTCont_ID, TTCont_DDD, TTCont_Telefone, TTEL_ID) VALUES (138,73,36569047,1);
INSERT INTO T_TelefoneContato (TTCont_ID, TTCont_DDD, TTCont_Telefone, TTEL_ID) VALUES (139,73,36337794,1);
INSERT INTO T_TelefoneContato (TTCont_ID, TTCont_DDD, TTCont_Telefone, TTEL_ID) VALUES (140,73,21430000,1);
INSERT INTO T_TelefoneContato (TTCont_ID, TTCont_DDD, TTCont_Telefone, TTEL_ID) VALUES (141,73,36342042,1);
INSERT INTO T_TelefoneContato (TTCont_ID, TTCont_DDD, TTCont_Telefone, TTEL_ID) VALUES (142,73,36569038,1);
INSERT INTO T_TelefoneContato (TTCont_ID, TTCont_DDD, TTCont_Telefone, TTEL_ID) VALUES (143,73,81023362,1);
INSERT INTO T_TelefoneContato (TTCont_ID, TTCont_DDD, TTCont_Telefone, TTEL_ID) VALUES (144,73,36392045,1);
INSERT INTO T_TelefoneContato (TTCont_ID, TTCont_DDD, TTCont_Telefone, TTEL_ID) VALUES (145,73,32512047,1);
INSERT INTO T_TelefoneContato (TTCont_ID, TTCont_DDD, TTCont_Telefone, TTEL_ID) VALUES (146,73,32396096,1);
INSERT INTO T_TelefoneContato (TTCont_ID, TTCont_DDD, TTCont_Telefone, TTEL_ID) VALUES (147,73,36891379,1);
INSERT INTO T_TelefoneContato (TTCont_ID, TTCont_DDD, TTCont_Telefone, TTEL_ID) VALUES (148,73,36566188,1);
INSERT INTO T_TelefoneContato (TTCont_ID, TTCont_DDD, TTCont_Telefone, TTEL_ID) VALUES (149,73,36346702,1);
INSERT INTO T_TelefoneContato (TTCont_ID, TTCont_DDD, TTCont_Telefone, TTEL_ID) VALUES (150,73,32512047,1);
INSERT INTO T_TelefoneContato (TTCont_ID, TTCont_DDD, TTCont_Telefone, TTEL_ID) VALUES (151,73,36576153,1);
INSERT INTO T_TelefoneContato (TTCont_ID, TTCont_DDD, TTCont_Telefone, TTEL_ID) VALUES (152,73,36566290,1);
INSERT INTO T_TelefoneContato (TTCont_ID, TTCont_DDD, TTCont_Telefone, TTEL_ID) VALUES (153,73,36566171,1);
INSERT INTO T_TelefoneContato (TTCont_ID, TTCont_DDD, TTCont_Telefone, TTEL_ID) VALUES (154,73,36566033,1);
INSERT INTO T_TelefoneContato (TTCont_ID, TTCont_DDD, TTCont_Telefone, TTEL_ID) VALUES (155,73,36566148,1);
INSERT INTO T_TelefoneContato (TTCont_ID, TTCont_DDD, TTCont_Telefone, TTEL_ID) VALUES (156,73,36566141,1);
INSERT INTO T_TelefoneContato (TTCont_ID, TTCont_DDD, TTCont_Telefone, TTEL_ID) VALUES (157,73,36569030,1);
INSERT INTO T_TelefoneContato (TTCont_ID, TTCont_DDD, TTCont_Telefone, TTEL_ID) VALUES (158,73,36569032,1);
INSERT INTO T_TelefoneContato (TTCont_ID, TTCont_DDD, TTCont_Telefone, TTEL_ID) VALUES (159,73,36576048,1);
INSERT INTO T_TelefoneContato (TTCont_ID, TTCont_DDD, TTCont_Telefone, TTEL_ID) VALUES (160,73,36569179,1);
INSERT INTO T_TelefoneContato (TTCont_ID, TTCont_DDD, TTCont_Telefone, TTEL_ID) VALUES (161,73,36396190,1);
INSERT INTO T_TelefoneContato (TTCont_ID, TTCont_DDD, TTCont_Telefone, TTEL_ID) VALUES (162,73,36566274,1);
INSERT INTO T_TelefoneContato (TTCont_ID, TTCont_DDD, TTCont_Telefone, TTEL_ID) VALUES (163,73,99985650,1);
INSERT INTO T_TelefoneContato (TTCont_ID, TTCont_DDD, TTCont_Telefone, TTEL_ID) VALUES (164,73,32512310,1);
INSERT INTO T_TelefoneContato (TTCont_ID, TTCont_DDD, TTCont_Telefone, TTEL_ID) VALUES (165,73,36327303,1);
INSERT INTO T_TelefoneContato (TTCont_ID, TTCont_DDD, TTCont_Telefone, TTEL_ID) VALUES (166,73,36576162,1);
INSERT INTO T_TelefoneContato (TTCont_ID, TTCont_DDD, TTCont_Telefone, TTEL_ID) VALUES (167,73,99725091,1);
INSERT INTO T_TelefoneContato (TTCont_ID, TTCont_DDD, TTCont_Telefone, TTEL_ID) VALUES (168,73,36333020,1);
INSERT INTO T_TelefoneContato (TTCont_ID, TTCont_DDD, TTCont_Telefone, TTEL_ID) VALUES (169,73,36566175,1);
INSERT INTO T_TelefoneContato (TTCont_ID, TTCont_DDD, TTCont_Telefone, TTEL_ID) VALUES (170,73,36566274,1);
INSERT INTO T_TelefoneContato (TTCont_ID, TTCont_DDD, TTCont_Telefone, TTEL_ID) VALUES (171,73,36576088,1);
INSERT INTO T_TelefoneContato (TTCont_ID, TTCont_DDD, TTCont_Telefone, TTEL_ID) VALUES (172,73,36576088,1);
INSERT INTO T_TelefoneContato (TTCont_ID, TTCont_DDD, TTCont_Telefone, TTEL_ID) VALUES (173,73,36891161,1);
INSERT INTO T_TelefoneContato (TTCont_ID, TTCont_DDD, TTCont_Telefone, TTEL_ID) VALUES (174,73,36566183,1);
INSERT INTO T_TelefoneContato (TTCont_ID, TTCont_DDD, TTCont_Telefone, TTEL_ID) VALUES (175,73,36569118,1);
INSERT INTO T_TelefoneContato (TTCont_ID, TTCont_DDD, TTCont_Telefone, TTEL_ID) VALUES (176,73,99107689,1);
INSERT INTO T_TelefoneContato (TTCont_ID, TTCont_DDD, TTCont_Telefone, TTEL_ID) VALUES (177,73,36567024,1);
INSERT INTO T_TelefoneContato (TTCont_ID, TTCont_DDD, TTCont_Telefone, TTEL_ID) VALUES (178,73,36566033,1);
INSERT INTO T_TelefoneContato (TTCont_ID, TTCont_DDD, TTCont_Telefone, TTEL_ID) VALUES (179,73,36569016,1);
INSERT INTO T_TelefoneContato (TTCont_ID, TTCont_DDD, TTCont_Telefone, TTEL_ID) VALUES (180,73,36331753,1);
INSERT INTO T_TelefoneContato (TTCont_ID, TTCont_DDD, TTCont_Telefone, TTEL_ID) VALUES (181,73,36566372,1);
INSERT INTO T_TelefoneContato (TTCont_ID, TTCont_DDD, TTCont_Telefone, TTEL_ID) VALUES (182,73,36337913,1);
INSERT INTO T_TelefoneContato (TTCont_ID, TTCont_DDD, TTCont_Telefone, TTEL_ID) VALUES (183,73,88186911,1);
INSERT INTO T_TelefoneContato (TTCont_ID, TTCont_DDD, TTCont_Telefone, TTEL_ID) VALUES (184,73,99973524,1);
INSERT INTO T_TelefoneContato (TTCont_ID, TTCont_DDD, TTCont_Telefone, TTEL_ID) VALUES (185,73,36562051,1);
INSERT INTO T_TelefoneContato (TTCont_ID, TTCont_DDD, TTCont_Telefone, TTEL_ID) VALUES (186,73,32396237,1);
INSERT INTO T_TelefoneContato (TTCont_ID, TTCont_DDD, TTCont_Telefone, TTEL_ID) VALUES (187,73,36562100,1);
INSERT INTO T_TelefoneContato (TTCont_ID, TTCont_DDD, TTCont_Telefone, TTEL_ID) VALUES (188,73,36562059,1);
INSERT INTO T_TelefoneContato (TTCont_ID, TTCont_DDD, TTCont_Telefone, TTEL_ID) VALUES (189,73,36348233,1);
INSERT INTO T_TelefoneContato (TTCont_ID, TTCont_DDD, TTCont_Telefone, TTEL_ID) VALUES (190,73,36566185,1);
INSERT INTO T_TelefoneContato (TTCont_ID, TTCont_DDD, TTCont_Telefone, TTEL_ID) VALUES (191,73,36337599,1);
INSERT INTO T_TelefoneContato (TTCont_ID, TTCont_DDD, TTCont_Telefone, TTEL_ID) VALUES (192,73,36566274,1);
INSERT INTO T_TelefoneContato (TTCont_ID, TTCont_DDD, TTCont_Telefone, TTEL_ID) VALUES (193,73,36343628,1);
INSERT INTO T_TelefoneContato (TTCont_ID, TTCont_DDD, TTCont_Telefone, TTEL_ID) VALUES (194,73,81230704,1);
INSERT INTO T_TelefoneContato (TTCont_ID, TTCont_DDD, TTCont_Telefone, TTEL_ID) VALUES (195,73,36562009,1);
INSERT INTO T_TelefoneContato (TTCont_ID, TTCont_DDD, TTCont_Telefone, TTEL_ID) VALUES (196,73,36390502,1);
INSERT INTO T_TelefoneContato (TTCont_ID, TTCont_DDD, TTCont_Telefone, TTEL_ID) VALUES (197,73,36393079,1);
INSERT INTO T_TelefoneContato (TTCont_ID, TTCont_DDD, TTCont_Telefone, TTEL_ID) VALUES (198,73,36569129,1);
INSERT INTO T_TelefoneContato (TTCont_ID, TTCont_DDD, TTCont_Telefone, TTEL_ID) VALUES (199,73,91591959,1);
INSERT INTO T_TelefoneContato (TTCont_ID, TTCont_DDD, TTCont_Telefone, TTEL_ID) VALUES (200,73,36569195,1);
INSERT INTO T_TelefoneContato (TTCont_ID, TTCont_DDD, TTCont_Telefone, TTEL_ID) VALUES (201,73,36569068,1);
INSERT INTO T_TelefoneContato (TTCont_ID, TTCont_DDD, TTCont_Telefone, TTEL_ID) VALUES (202,73,36576102,1);
INSERT INTO T_TelefoneContato (TTCont_ID, TTCont_DDD, TTCont_Telefone, TTEL_ID) VALUES (203,73,36569138,1);
INSERT INTO T_TelefoneContato (TTCont_ID, TTCont_DDD, TTCont_Telefone, TTEL_ID) VALUES (204,73,36566130,1);
INSERT INTO T_TelefoneContato (TTCont_ID, TTCont_DDD, TTCont_Telefone, TTEL_ID) VALUES (205,73,36562030,1);
INSERT INTO T_TelefoneContato (TTCont_ID, TTCont_DDD, TTCont_Telefone, TTEL_ID) VALUES (206,73,36569073,1);
INSERT INTO T_TelefoneContato (TTCont_ID, TTCont_DDD, TTCont_Telefone, TTEL_ID) VALUES (207,73,36391827,1);
INSERT INTO T_TelefoneContato (TTCont_ID, TTCont_DDD, TTCont_Telefone, TTEL_ID) VALUES (208,73,88923052,1);
INSERT INTO T_TelefoneContato (TTCont_ID, TTCont_DDD, TTCont_Telefone, TTEL_ID) VALUES (209,73,36336428,1);
INSERT INTO T_TelefoneContato (TTCont_ID, TTCont_DDD, TTCont_Telefone, TTEL_ID) VALUES (210,73,36569167,1);
INSERT INTO T_TelefoneContato (TTCont_ID, TTCont_DDD, TTCont_Telefone, TTEL_ID) VALUES (211,73,36566352,1);
INSERT INTO T_TelefoneContato (TTCont_ID, TTCont_DDD, TTCont_Telefone, TTEL_ID) VALUES (212,73,36566255,1);
INSERT INTO T_TelefoneContato (TTCont_ID, TTCont_DDD, TTCont_Telefone, TTEL_ID) VALUES (213,73,36567072,1);
INSERT INTO T_TelefoneContato (TTCont_ID, TTCont_DDD, TTCont_Telefone, TTEL_ID) VALUES (214,73,36569107,1);
INSERT INTO T_TelefoneContato (TTCont_ID, TTCont_DDD, TTCont_Telefone, TTEL_ID) VALUES (215,73,32691552,1);
INSERT INTO T_TelefoneContato (TTCont_ID, TTCont_DDD, TTCont_Telefone, TTEL_ID) VALUES (216,73,36321252,1);
INSERT INTO T_TelefoneContato (TTCont_ID, TTCont_DDD, TTCont_Telefone, TTEL_ID) VALUES (217,73,32512317,1);
INSERT INTO T_TelefoneContato (TTCont_ID, TTCont_DDD, TTCont_Telefone, TTEL_ID) VALUES (218,73,91423016,1);
INSERT INTO T_TelefoneContato (TTCont_ID, TTCont_DDD, TTCont_Telefone, TTEL_ID) VALUES (219,73,36393174,1);
INSERT INTO T_TelefoneContato (TTCont_ID, TTCont_DDD, TTCont_Telefone, TTEL_ID) VALUES (220,73,81420364,1);
INSERT INTO T_TelefoneContato (TTCont_ID, TTCont_DDD, TTCont_Telefone, TTEL_ID) VALUES (221,73,36752503,1);
INSERT INTO T_TelefoneContato (TTCont_ID, TTCont_DDD, TTCont_Telefone, TTEL_ID) VALUES (222,73,32310735,1);
INSERT INTO T_TelefoneContato (TTCont_ID, TTCont_DDD, TTCont_Telefone, TTEL_ID) VALUES (223,73,32396084,1);
INSERT INTO T_TelefoneContato (TTCont_ID, TTCont_DDD, TTCont_Telefone, TTEL_ID) VALUES (224,73,36393174,1);
INSERT INTO T_TelefoneContato (TTCont_ID, TTCont_DDD, TTCont_Telefone, TTEL_ID) VALUES (225,73,36342086,1);
INSERT INTO T_TelefoneContato (TTCont_ID, TTCont_DDD, TTCont_Telefone, TTEL_ID) VALUES (226,73,36341868,1);
INSERT INTO T_TelefoneContato (TTCont_ID, TTCont_DDD, TTCont_Telefone, TTEL_ID) VALUES (227,73,30841035,1);
INSERT INTO T_TelefoneContato (TTCont_ID, TTCont_DDD, TTCont_Telefone, TTEL_ID) VALUES (228,73,36566146,1);
INSERT INTO T_TelefoneContato (TTCont_ID, TTCont_DDD, TTCont_Telefone, TTEL_ID) VALUES (229,73,36321252,1);
INSERT INTO T_TelefoneContato (TTCont_ID, TTCont_DDD, TTCont_Telefone, TTEL_ID) VALUES (230,73,88813585,1);
INSERT INTO T_TelefoneContato (TTCont_ID, TTCont_DDD, TTCont_Telefone, TTEL_ID) VALUES (231,73,36569039,1);
INSERT INTO T_TelefoneContato (TTCont_ID, TTCont_DDD, TTCont_Telefone, TTEL_ID) VALUES (232,73,36569118,1);
INSERT INTO T_TelefoneContato (TTCont_ID, TTCont_DDD, TTCont_Telefone, TTEL_ID) VALUES (233,73,32313663,1);
INSERT INTO T_TelefoneContato (TTCont_ID, TTCont_DDD, TTCont_Telefone, TTEL_ID) VALUES (234,73,36576034,1);
INSERT INTO T_TelefoneContato (TTCont_ID, TTCont_DDD, TTCont_Telefone, TTEL_ID) VALUES (235,73,99559324,1);
INSERT INTO T_TelefoneContato (TTCont_ID, TTCont_DDD, TTCont_Telefone, TTEL_ID) VALUES (236,73,36566015,1);
INSERT INTO T_TelefoneContato (TTCont_ID, TTCont_DDD, TTCont_Telefone, TTEL_ID) VALUES (237,73,36569039,1);
INSERT INTO T_TelefoneContato (TTCont_ID, TTCont_DDD, TTCont_Telefone, TTEL_ID) VALUES (238,73,36576142,1);
INSERT INTO T_TelefoneContato (TTCont_ID, TTCont_DDD, TTCont_Telefone, TTEL_ID) VALUES (239,73,36569032,1);
INSERT INTO T_TelefoneContato (TTCont_ID, TTCont_DDD, TTCont_Telefone, TTEL_ID) VALUES (240,73,36566364,1);
INSERT INTO T_TelefoneContato (TTCont_ID, TTCont_DDD, TTCont_Telefone, TTEL_ID) VALUES (241,73,81753156,1);
INSERT INTO T_TelefoneContato (TTCont_ID, TTCont_DDD, TTCont_Telefone, TTEL_ID) VALUES (242,73,36569123,1);
INSERT INTO T_TelefoneContato (TTCont_ID, TTCont_DDD, TTCont_Telefone, TTEL_ID) VALUES (243,73,32316339,1);
INSERT INTO T_TelefoneContato (TTCont_ID, TTCont_DDD, TTCont_Telefone, TTEL_ID) VALUES (244,73,36335508,1);
INSERT INTO T_TelefoneContato (TTCont_ID, TTCont_DDD, TTCont_Telefone, TTEL_ID) VALUES (245,73,36349984,1);
INSERT INTO T_TelefoneContato (TTCont_ID, TTCont_DDD, TTCont_Telefone, TTEL_ID) VALUES (246,73,36562051,1);
INSERT INTO T_TelefoneContato (TTCont_ID, TTCont_DDD, TTCont_Telefone, TTEL_ID) VALUES (247,73,36569092,1);
INSERT INTO T_TelefoneContato (TTCont_ID, TTCont_DDD, TTCont_Telefone, TTEL_ID) VALUES (248,73,36566125,1);
INSERT INTO T_TelefoneContato (TTCont_ID, TTCont_DDD, TTCont_Telefone, TTEL_ID) VALUES (249,73,32396237,1);
INSERT INTO T_TelefoneContato (TTCont_ID, TTCont_DDD, TTCont_Telefone, TTEL_ID) VALUES (250,73,36324585,1);
INSERT INTO T_TelefoneContato (TTCont_ID, TTCont_DDD, TTCont_Telefone, TTEL_ID) VALUES (251,73,36569133,1);
INSERT INTO T_TelefoneContato (TTCont_ID, TTCont_DDD, TTCont_Telefone, TTEL_ID) VALUES (252,73,32512477,1);
INSERT INTO T_TelefoneContato (TTCont_ID, TTCont_DDD, TTCont_Telefone, TTEL_ID) VALUES (253,73,36569026,1);
INSERT INTO T_TelefoneContato (TTCont_ID, TTCont_DDD, TTCont_Telefone, TTEL_ID) VALUES (254,73,81158801,1);
INSERT INTO T_TelefoneContato (TTCont_ID, TTCont_DDD, TTCont_Telefone, TTEL_ID) VALUES (255,73,36569073,1);
INSERT INTO T_TelefoneContato (TTCont_ID, TTCont_DDD, TTCont_Telefone, TTEL_ID) VALUES (256,73,32315955,1);
INSERT INTO T_TelefoneContato (TTCont_ID, TTCont_DDD, TTCont_Telefone, TTEL_ID) VALUES (257,73,36569133,1);
INSERT INTO T_TelefoneContato (TTCont_ID, TTCont_DDD, TTCont_Telefone, TTEL_ID) VALUES (258,73,36569156,1);
INSERT INTO T_TelefoneContato (TTCont_ID, TTCont_DDD, TTCont_Telefone, TTEL_ID) VALUES (259,73,36394765,1);
INSERT INTO T_TelefoneContato (TTCont_ID, TTCont_DDD, TTCont_Telefone, TTEL_ID) VALUES (260,73,32312845,1);
INSERT INTO T_TelefoneContato (TTCont_ID, TTCont_DDD, TTCont_Telefone, TTEL_ID) VALUES (261,73,36569073,1);
INSERT INTO T_TelefoneContato (TTCont_ID, TTCont_DDD, TTCont_Telefone, TTEL_ID) VALUES (262,73,36569073,1);
INSERT INTO T_TelefoneContato (TTCont_ID, TTCont_DDD, TTCont_Telefone, TTEL_ID) VALUES (263,73,81305570,1);
INSERT INTO T_TelefoneContato (TTCont_ID, TTCont_DDD, TTCont_Telefone, TTEL_ID) VALUES (264,73,36566211,1);
INSERT INTO T_TelefoneContato (TTCont_ID, TTCont_DDD, TTCont_Telefone, TTEL_ID) VALUES (265,73,32311218,1);
INSERT INTO T_TelefoneContato (TTCont_ID, TTCont_DDD, TTCont_Telefone, TTEL_ID) VALUES (266,73,32318569,1);
INSERT INTO T_TelefoneContato (TTCont_ID, TTCont_DDD, TTCont_Telefone, TTEL_ID) VALUES (267,73,32512834,1);
INSERT INTO T_TelefoneContato (TTCont_ID, TTCont_DDD, TTCont_Telefone, TTEL_ID) VALUES (268,73,36567097,1);
INSERT INTO T_TelefoneContato (TTCont_ID, TTCont_DDD, TTCont_Telefone, TTEL_ID) VALUES (269,73,36394556,1);
INSERT INTO T_TelefoneContato (TTCont_ID, TTCont_DDD, TTCont_Telefone, TTEL_ID) VALUES (270,73,36569032,1);
INSERT INTO T_TelefoneContato (TTCont_ID, TTCont_DDD, TTCont_Telefone, TTEL_ID) VALUES (271,73,36562051,1);
INSERT INTO T_TelefoneContato (TTCont_ID, TTCont_DDD, TTCont_Telefone, TTEL_ID) VALUES (272,73,36562100,1);
INSERT INTO T_TelefoneContato (TTCont_ID, TTCont_DDD, TTCont_Telefone, TTEL_ID) VALUES (273,73,36566275,1);
INSERT INTO T_TelefoneContato (TTCont_ID, TTCont_DDD, TTCont_Telefone, TTEL_ID) VALUES (274,73,36562059,1);
INSERT INTO T_TelefoneContato (TTCont_ID, TTCont_DDD, TTCont_Telefone, TTEL_ID) VALUES (275,73,36392445,1);
INSERT INTO T_TelefoneContato (TTCont_ID, TTCont_DDD, TTCont_Telefone, TTEL_ID) VALUES (276,73,36566107,1);
INSERT INTO T_TelefoneContato (TTCont_ID, TTCont_DDD, TTCont_Telefone, TTEL_ID) VALUES (277,73,36569063,1);
INSERT INTO T_TelefoneContato (TTCont_ID, TTCont_DDD, TTCont_Telefone, TTEL_ID) VALUES (278,73,30860550,1);
INSERT INTO T_TelefoneContato (TTCont_ID, TTCont_DDD, TTCont_Telefone, TTEL_ID) VALUES (279,73,36393079,1);
INSERT INTO T_TelefoneContato (TTCont_ID, TTCont_DDD, TTCont_Telefone, TTEL_ID) VALUES (280,73,36569139,1);
INSERT INTO T_TelefoneContato (TTCont_ID, TTCont_DDD, TTCont_Telefone, TTEL_ID) VALUES (281,73,36566140,1);
INSERT INTO T_TelefoneContato (TTCont_ID, TTCont_DDD, TTCont_Telefone, TTEL_ID) VALUES (282,73,36569195,1);
INSERT INTO T_TelefoneContato (TTCont_ID, TTCont_DDD, TTCont_Telefone, TTEL_ID) VALUES (283,73,36394728,1);
INSERT INTO T_TelefoneContato (TTCont_ID, TTCont_DDD, TTCont_Telefone, TTEL_ID) VALUES (284,73,36566212,1);
INSERT INTO T_TelefoneContato (TTCont_ID, TTCont_DDD, TTCont_Telefone, TTEL_ID) VALUES (285,73,32312130,1);
INSERT INTO T_TelefoneContato (TTCont_ID, TTCont_DDD, TTCont_Telefone, TTEL_ID) VALUES (286,73,36562022,1);
INSERT INTO T_TelefoneContato (TTCont_ID, TTCont_DDD, TTCont_Telefone, TTEL_ID) VALUES (287,73,36576132,1);
INSERT INTO T_TelefoneContato (TTCont_ID, TTCont_DDD, TTCont_Telefone, TTEL_ID) VALUES (288,73,36569156,1);
INSERT INTO T_TelefoneContato (TTCont_ID, TTCont_DDD, TTCont_Telefone, TTEL_ID) VALUES (289,73,36569123,1);
INSERT INTO T_TelefoneContato (TTCont_ID, TTCont_DDD, TTCont_Telefone, TTEL_ID) VALUES (290,73,36390734,1);
INSERT INTO T_TelefoneContato (TTCont_ID, TTCont_DDD, TTCont_Telefone, TTEL_ID) VALUES (291,73,36569092,1);
INSERT INTO T_TelefoneContato (TTCont_ID, TTCont_DDD, TTCont_Telefone, TTEL_ID) VALUES (292,73,36394654,1);
INSERT INTO T_TelefoneContato (TTCont_ID, TTCont_DDD, TTCont_Telefone, TTEL_ID) VALUES (293,73,36569126,1);
INSERT INTO T_TelefoneContato (TTCont_ID, TTCont_DDD, TTCont_Telefone, TTEL_ID) VALUES (294,73,36569038,1);
INSERT INTO T_TelefoneContato (TTCont_ID, TTCont_DDD, TTCont_Telefone, TTEL_ID) VALUES (295,73,36566364,1);
INSERT INTO T_TelefoneContato (TTCont_ID, TTCont_DDD, TTCont_Telefone, TTEL_ID) VALUES (296,73,36337221,1);
INSERT INTO T_TelefoneContato (TTCont_ID, TTCont_DDD, TTCont_Telefone, TTEL_ID) VALUES (297,73,36569032,1);
INSERT INTO T_TelefoneContato (TTCont_ID, TTCont_DDD, TTCont_Telefone, TTEL_ID) VALUES (298,73,30843442,1);
INSERT INTO T_TelefoneContato (TTCont_ID, TTCont_DDD, TTCont_Telefone, TTEL_ID) VALUES (299,73,36344562,1);
INSERT INTO T_TelefoneContato (TTCont_ID, TTCont_DDD, TTCont_Telefone, TTEL_ID) VALUES (300,73,36576079,1);
INSERT INTO T_TelefoneContato (TTCont_ID, TTCont_DDD, TTCont_Telefone, TTEL_ID) VALUES (301,73,36393839,1);
INSERT INTO T_TelefoneContato (TTCont_ID, TTCont_DDD, TTCont_Telefone, TTEL_ID) VALUES (302,73,36342055,1);
INSERT INTO T_TelefoneContato (TTCont_ID, TTCont_DDD, TTCont_Telefone, TTEL_ID) VALUES (303,73,36349182,1);
INSERT INTO T_TelefoneContato (TTCont_ID, TTCont_DDD, TTCont_Telefone, TTEL_ID) VALUES (304,73,32319198,1);
INSERT INTO T_TelefoneContato (TTCont_ID, TTCont_DDD, TTCont_Telefone, TTEL_ID) VALUES (305,73,32311282,1);
INSERT INTO T_TelefoneContato (TTCont_ID, TTCont_DDD, TTCont_Telefone, TTEL_ID) VALUES (306,73,36347483,1);
INSERT INTO T_TelefoneContato (TTCont_ID, TTCont_DDD, TTCont_Telefone, TTEL_ID) VALUES (307,73,36569133,1);
INSERT INTO T_TelefoneContato (TTCont_ID, TTCont_DDD, TTCont_Telefone, TTEL_ID) VALUES (308,73,36238083,1);
INSERT INTO T_TelefoneContato (TTCont_ID, TTCont_DDD, TTCont_Telefone, TTEL_ID) VALUES (309,73,99464781,2);
INSERT INTO T_TelefoneContato (TTCont_ID, TTCont_DDD, TTCont_Telefone, TTEL_ID) VALUES (310,73,81959134,2);
INSERT INTO T_TelefoneContato (TTCont_ID, TTCont_DDD, TTCont_Telefone, TTEL_ID) VALUES (311,73,88222463,2);
INSERT INTO T_TelefoneContato (TTCont_ID, TTCont_DDD, TTCont_Telefone, TTEL_ID) VALUES (312,73,99473661,2);
INSERT INTO T_TelefoneContato (TTCont_ID, TTCont_DDD, TTCont_Telefone, TTEL_ID) VALUES (313,73,99282628,2);
INSERT INTO T_TelefoneContato (TTCont_ID, TTCont_DDD, TTCont_Telefone, TTEL_ID) VALUES (314,73,99493339,2);
INSERT INTO T_TelefoneContato (TTCont_ID, TTCont_DDD, TTCont_Telefone, TTEL_ID) VALUES (315,73,99689801,2);
INSERT INTO T_TelefoneContato (TTCont_ID, TTCont_DDD, TTCont_Telefone, TTEL_ID) VALUES (316,73,91343362,2);
INSERT INTO T_TelefoneContato (TTCont_ID, TTCont_DDD, TTCont_Telefone, TTEL_ID) VALUES (317,73,81210553,2);
INSERT INTO T_TelefoneContato (TTCont_ID, TTCont_DDD, TTCont_Telefone, TTEL_ID) VALUES (318,73,91196317,2);
INSERT INTO T_TelefoneContato (TTCont_ID, TTCont_DDD, TTCont_Telefone, TTEL_ID) VALUES (319,73,99827152,2);
INSERT INTO T_TelefoneContato (TTCont_ID, TTCont_DDD, TTCont_Telefone, TTEL_ID) VALUES (320,73,81920649,2);
INSERT INTO T_TelefoneContato (TTCont_ID, TTCont_DDD, TTCont_Telefone, TTEL_ID) VALUES (321,73,88886361,2);
INSERT INTO T_TelefoneContato (TTCont_ID, TTCont_DDD, TTCont_Telefone, TTEL_ID) VALUES (322,73,82373431,2);
INSERT INTO T_TelefoneContato (TTCont_ID, TTCont_DDD, TTCont_Telefone, TTEL_ID) VALUES (323,73,91054707,2);
INSERT INTO T_TelefoneContato (TTCont_ID, TTCont_DDD, TTCont_Telefone, TTEL_ID) VALUES (324,73,81687395,2);
INSERT INTO T_TelefoneContato (TTCont_ID, TTCont_DDD, TTCont_Telefone, TTEL_ID) VALUES (325,73,81241930,2);
INSERT INTO T_TelefoneContato (TTCont_ID, TTCont_DDD, TTCont_Telefone, TTEL_ID) VALUES (326,73,81273013,2);
INSERT INTO T_TelefoneContato (TTCont_ID, TTCont_DDD, TTCont_Telefone, TTEL_ID) VALUES (327,73,99534161,2);
INSERT INTO T_TelefoneContato (TTCont_ID, TTCont_DDD, TTCont_Telefone, TTEL_ID) VALUES (328,73,81246008,2);
INSERT INTO T_TelefoneContato (TTCont_ID, TTCont_DDD, TTCont_Telefone, TTEL_ID) VALUES (329,73,98205589,2);
INSERT INTO T_TelefoneContato (TTCont_ID, TTCont_DDD, TTCont_Telefone, TTEL_ID) VALUES (330,73,81086130,2);
INSERT INTO T_TelefoneContato (TTCont_ID, TTCont_DDD, TTCont_Telefone, TTEL_ID) VALUES (331,73,99221892,2);
INSERT INTO T_TelefoneContato (TTCont_ID, TTCont_DDD, TTCont_Telefone, TTEL_ID) VALUES (332,73,88155133,2);
INSERT INTO T_TelefoneContato (TTCont_ID, TTCont_DDD, TTCont_Telefone, TTEL_ID) VALUES (333,73,91043103,2);
INSERT INTO T_TelefoneContato (TTCont_ID, TTCont_DDD, TTCont_Telefone, TTEL_ID) VALUES (334,73,91249817,2);
INSERT INTO T_TelefoneContato (TTCont_ID, TTCont_DDD, TTCont_Telefone, TTEL_ID) VALUES (335,73,99154122,2);
INSERT INTO T_TelefoneContato (TTCont_ID, TTCont_DDD, TTCont_Telefone, TTEL_ID) VALUES (336,73,88267842,2);
INSERT INTO T_TelefoneContato (TTCont_ID, TTCont_DDD, TTCont_Telefone, TTEL_ID) VALUES (337,73,91349411,2);
INSERT INTO T_TelefoneContato (TTCont_ID, TTCont_DDD, TTCont_Telefone, TTEL_ID) VALUES (338,73,81473884,2);
INSERT INTO T_TelefoneContato (TTCont_ID, TTCont_DDD, TTCont_Telefone, TTEL_ID) VALUES (339,73,81704645,2);
INSERT INTO T_TelefoneContato (TTCont_ID, TTCont_DDD, TTCont_Telefone, TTEL_ID) VALUES (340,73,82123534,2);
INSERT INTO T_TelefoneContato (TTCont_ID, TTCont_DDD, TTCont_Telefone, TTEL_ID) VALUES (341,73,81539359,2);
INSERT INTO T_TelefoneContato (TTCont_ID, TTCont_DDD, TTCont_Telefone, TTEL_ID) VALUES (342,73,81304557,2);
INSERT INTO T_TelefoneContato (TTCont_ID, TTCont_DDD, TTCont_Telefone, TTEL_ID) VALUES (343,73,81596142,2);
INSERT INTO T_TelefoneContato (TTCont_ID, TTCont_DDD, TTCont_Telefone, TTEL_ID) VALUES (344,73,88875181,2);
INSERT INTO T_TelefoneContato (TTCont_ID, TTCont_DDD, TTCont_Telefone, TTEL_ID) VALUES (345,73,82229649,2);
INSERT INTO T_TelefoneContato (TTCont_ID, TTCont_DDD, TTCont_Telefone, TTEL_ID) VALUES (346,73,81162447,2);
INSERT INTO T_TelefoneContato (TTCont_ID, TTCont_DDD, TTCont_Telefone, TTEL_ID) VALUES (347,73,81306962,2);
INSERT INTO T_TelefoneContato (TTCont_ID, TTCont_DDD, TTCont_Telefone, TTEL_ID) VALUES (348,73,99382634,2);
INSERT INTO T_TelefoneContato (TTCont_ID, TTCont_DDD, TTCont_Telefone, TTEL_ID) VALUES (349,73,81388994,2);
INSERT INTO T_TelefoneContato (TTCont_ID, TTCont_DDD, TTCont_Telefone, TTEL_ID) VALUES (350,73,99870070,2);
INSERT INTO T_TelefoneContato (TTCont_ID, TTCont_DDD, TTCont_Telefone, TTEL_ID) VALUES (351,73,82041417,2);
INSERT INTO T_TelefoneContato (TTCont_ID, TTCont_DDD, TTCont_Telefone, TTEL_ID) VALUES (352,73,88899470,2);
INSERT INTO T_TelefoneContato (TTCont_ID, TTCont_DDD, TTCont_Telefone, TTEL_ID) VALUES (353,73,81522308,2);
INSERT INTO T_TelefoneContato (TTCont_ID, TTCont_DDD, TTCont_Telefone, TTEL_ID) VALUES (354,73,81031095,2);
INSERT INTO T_TelefoneContato (TTCont_ID, TTCont_DDD, TTCont_Telefone, TTEL_ID) VALUES (355,73,88371905,2);
INSERT INTO T_TelefoneContato (TTCont_ID, TTCont_DDD, TTCont_Telefone, TTEL_ID) VALUES (356,73,81512301,2);
INSERT INTO T_TelefoneContato (TTCont_ID, TTCont_DDD, TTCont_Telefone, TTEL_ID) VALUES (357,73,99392125,2);
INSERT INTO T_TelefoneContato (TTCont_ID, TTCont_DDD, TTCont_Telefone, TTEL_ID) VALUES (358,73,81473851,2);
INSERT INTO T_TelefoneContato (TTCont_ID, TTCont_DDD, TTCont_Telefone, TTEL_ID) VALUES (359,73,81657091,2);
INSERT INTO T_TelefoneContato (TTCont_ID, TTCont_DDD, TTCont_Telefone, TTEL_ID) VALUES (360,73,81096099,2);
INSERT INTO T_TelefoneContato (TTCont_ID, TTCont_DDD, TTCont_Telefone, TTEL_ID) VALUES (361,73,81367738,2);
INSERT INTO T_TelefoneContato (TTCont_ID, TTCont_DDD, TTCont_Telefone, TTEL_ID) VALUES (362,73,81472773,2);
INSERT INTO T_TelefoneContato (TTCont_ID, TTCont_DDD, TTCont_Telefone, TTEL_ID) VALUES (363,73,82222141,2);
INSERT INTO T_TelefoneContato (TTCont_ID, TTCont_DDD, TTCont_Telefone, TTEL_ID) VALUES (364,73,81981391,2);
INSERT INTO T_TelefoneContato (TTCont_ID, TTCont_DDD, TTCont_Telefone, TTEL_ID) VALUES (365,73,99964834,2);
INSERT INTO T_TelefoneContato (TTCont_ID, TTCont_DDD, TTCont_Telefone, TTEL_ID) VALUES (366,73,88237445,2);
INSERT INTO T_TelefoneContato (TTCont_ID, TTCont_DDD, TTCont_Telefone, TTEL_ID) VALUES (367,73,99757092,2);
INSERT INTO T_TelefoneContato (TTCont_ID, TTCont_DDD, TTCont_Telefone, TTEL_ID) VALUES (368,73,81217518,2);
INSERT INTO T_TelefoneContato (TTCont_ID, TTCont_DDD, TTCont_Telefone, TTEL_ID) VALUES (369,73,82120293,2);
INSERT INTO T_TelefoneContato (TTCont_ID, TTCont_DDD, TTCont_Telefone, TTEL_ID) VALUES (370,73,82318851,2);
INSERT INTO T_TelefoneContato (TTCont_ID, TTCont_DDD, TTCont_Telefone, TTEL_ID) VALUES (371,73,98329191,2);
INSERT INTO T_TelefoneContato (TTCont_ID, TTCont_DDD, TTCont_Telefone, TTEL_ID) VALUES (372,73,99256930,2);
INSERT INTO T_TelefoneContato (TTCont_ID, TTCont_DDD, TTCont_Telefone, TTEL_ID) VALUES (373,73,81626880,2);
INSERT INTO T_TelefoneContato (TTCont_ID, TTCont_DDD, TTCont_Telefone, TTEL_ID) VALUES (374,73,91125939,2);
INSERT INTO T_TelefoneContato (TTCont_ID, TTCont_DDD, TTCont_Telefone, TTEL_ID) VALUES (375,73,91678402,2);
INSERT INTO T_TelefoneContato (TTCont_ID, TTCont_DDD, TTCont_Telefone, TTEL_ID) VALUES (376,73,91618889,2);
INSERT INTO T_TelefoneContato (TTCont_ID, TTCont_DDD, TTCont_Telefone, TTEL_ID) VALUES (377,73,91618889,2);
INSERT INTO T_TelefoneContato (TTCont_ID, TTCont_DDD, TTCont_Telefone, TTEL_ID) VALUES (378,73,91074742,2);
INSERT INTO T_TelefoneContato (TTCont_ID, TTCont_DDD, TTCont_Telefone, TTEL_ID) VALUES (379,73,81217293,2);
INSERT INTO T_TelefoneContato (TTCont_ID, TTCont_DDD, TTCont_Telefone, TTEL_ID) VALUES (380,73,99227907,2);
INSERT INTO T_TelefoneContato (TTCont_ID, TTCont_DDD, TTCont_Telefone, TTEL_ID) VALUES (381,73,81009561,2);
INSERT INTO T_TelefoneContato (TTCont_ID, TTCont_DDD, TTCont_Telefone, TTEL_ID) VALUES (382,73,88378977,2);
INSERT INTO T_TelefoneContato (TTCont_ID, TTCont_DDD, TTCont_Telefone, TTEL_ID) VALUES (383,73,88166717,2);
INSERT INTO T_TelefoneContato (TTCont_ID, TTCont_DDD, TTCont_Telefone, TTEL_ID) VALUES (384,73,98155215,2);
INSERT INTO T_TelefoneContato (TTCont_ID, TTCont_DDD, TTCont_Telefone, TTEL_ID) VALUES (385,73,81704693,2);
INSERT INTO T_TelefoneContato (TTCont_ID, TTCont_DDD, TTCont_Telefone, TTEL_ID) VALUES (386,73,99974056,2);
INSERT INTO T_TelefoneContato (TTCont_ID, TTCont_DDD, TTCont_Telefone, TTEL_ID) VALUES (387,73,99188155,2);
INSERT INTO T_TelefoneContato (TTCont_ID, TTCont_DDD, TTCont_Telefone, TTEL_ID) VALUES (388,73,81111588,2);
INSERT INTO T_TelefoneContato (TTCont_ID, TTCont_DDD, TTCont_Telefone, TTEL_ID) VALUES (389,73,91327340,2);
INSERT INTO T_TelefoneContato (TTCont_ID, TTCont_DDD, TTCont_Telefone, TTEL_ID) VALUES (390,73,82137557,2);
INSERT INTO T_TelefoneContato (TTCont_ID, TTCont_DDD, TTCont_Telefone, TTEL_ID) VALUES (391,73,81617949,2);
INSERT INTO T_TelefoneContato (TTCont_ID, TTCont_DDD, TTCont_Telefone, TTEL_ID) VALUES (392,73,99213311,2);
INSERT INTO T_TelefoneContato (TTCont_ID, TTCont_DDD, TTCont_Telefone, TTEL_ID) VALUES (393,73,99416936,2);
INSERT INTO T_TelefoneContato (TTCont_ID, TTCont_DDD, TTCont_Telefone, TTEL_ID) VALUES (394,73,81256709,2);
INSERT INTO T_TelefoneContato (TTCont_ID, TTCont_DDD, TTCont_Telefone, TTEL_ID) VALUES (395,73,88870889,2);
INSERT INTO T_TelefoneContato (TTCont_ID, TTCont_DDD, TTCont_Telefone, TTEL_ID) VALUES (396,73,88092815,2);
INSERT INTO T_TelefoneContato (TTCont_ID, TTCont_DDD, TTCont_Telefone, TTEL_ID) VALUES (397,73,81225368,2);
INSERT INTO T_TelefoneContato (TTCont_ID, TTCont_DDD, TTCont_Telefone, TTEL_ID) VALUES (398,73,81100172,2);
INSERT INTO T_TelefoneContato (TTCont_ID, TTCont_DDD, TTCont_Telefone, TTEL_ID) VALUES (399,73,99684491,2);
INSERT INTO T_TelefoneContato (TTCont_ID, TTCont_DDD, TTCont_Telefone, TTEL_ID) VALUES (400,73,81995824,2);
INSERT INTO T_TelefoneContato (TTCont_ID, TTCont_DDD, TTCont_Telefone, TTEL_ID) VALUES (401,73,98077174,2);
INSERT INTO T_TelefoneContato (TTCont_ID, TTCont_DDD, TTCont_Telefone, TTEL_ID) VALUES (402,73,81473851,2);
INSERT INTO T_TelefoneContato (TTCont_ID, TTCont_DDD, TTCont_Telefone, TTEL_ID) VALUES (403,73,82203055,2);
INSERT INTO T_TelefoneContato (TTCont_ID, TTCont_DDD, TTCont_Telefone, TTEL_ID) VALUES (404,73,81915706,2);
INSERT INTO T_TelefoneContato (TTCont_ID, TTCont_DDD, TTCont_Telefone, TTEL_ID) VALUES (405,73,99419828,2);
INSERT INTO T_TelefoneContato (TTCont_ID, TTCont_DDD, TTCont_Telefone, TTEL_ID) VALUES (406,73,99476560,2);
INSERT INTO T_TelefoneContato (TTCont_ID, TTCont_DDD, TTCont_Telefone, TTEL_ID) VALUES (407,73,81235793,2);
INSERT INTO T_TelefoneContato (TTCont_ID, TTCont_DDD, TTCont_Telefone, TTEL_ID) VALUES (408,73,81771428,2);
INSERT INTO T_TelefoneContato (TTCont_ID, TTCont_DDD, TTCont_Telefone, TTEL_ID) VALUES (409,73,99315112,2);
INSERT INTO T_TelefoneContato (TTCont_ID, TTCont_DDD, TTCont_Telefone, TTEL_ID) VALUES (410,73,81358957,2);
INSERT INTO T_TelefoneContato (TTCont_ID, TTCont_DDD, TTCont_Telefone, TTEL_ID) VALUES (411,73,99836476,2);
INSERT INTO T_TelefoneContato (TTCont_ID, TTCont_DDD, TTCont_Telefone, TTEL_ID) VALUES (412,73,98131747,2);
INSERT INTO T_TelefoneContato (TTCont_ID, TTCont_DDD, TTCont_Telefone, TTEL_ID) VALUES (413,73,81188100,2);
INSERT INTO T_TelefoneContato (TTCont_ID, TTCont_DDD, TTCont_Telefone, TTEL_ID) VALUES (414,73,82311450,2);
INSERT INTO T_TelefoneContato (TTCont_ID, TTCont_DDD, TTCont_Telefone, TTEL_ID) VALUES (415,73,99286619,2);
INSERT INTO T_TelefoneContato (TTCont_ID, TTCont_DDD, TTCont_Telefone, TTEL_ID) VALUES (416,73,81473884,2);
INSERT INTO T_TelefoneContato (TTCont_ID, TTCont_DDD, TTCont_Telefone, TTEL_ID) VALUES (417,73,81367738,2);
INSERT INTO T_TelefoneContato (TTCont_ID, TTCont_DDD, TTCont_Telefone, TTEL_ID) VALUES (418,73,99561180,2);
INSERT INTO T_TelefoneContato (TTCont_ID, TTCont_DDD, TTCont_Telefone, TTEL_ID) VALUES (419,73,91004523,2);
INSERT INTO T_TelefoneContato (TTCont_ID, TTCont_DDD, TTCont_Telefone, TTEL_ID) VALUES (420,73,99365313,2);
INSERT INTO T_TelefoneContato (TTCont_ID, TTCont_DDD, TTCont_Telefone, TTEL_ID) VALUES (421,73,99907171,2);
INSERT INTO T_TelefoneContato (TTCont_ID, TTCont_DDD, TTCont_Telefone, TTEL_ID) VALUES (422,73,81447071,2);
INSERT INTO T_TelefoneContato (TTCont_ID, TTCont_DDD, TTCont_Telefone, TTEL_ID) VALUES (423,73,81576186,2);
INSERT INTO T_TelefoneContato (TTCont_ID, TTCont_DDD, TTCont_Telefone, TTEL_ID) VALUES (424,73,81528231,2);
INSERT INTO T_TelefoneContato (TTCont_ID, TTCont_DDD, TTCont_Telefone, TTEL_ID) VALUES (425,73,88710390,2);
INSERT INTO T_TelefoneContato (TTCont_ID, TTCont_DDD, TTCont_Telefone, TTEL_ID) VALUES (426,73,81670667,2);
INSERT INTO T_TelefoneContato (TTCont_ID, TTCont_DDD, TTCont_Telefone, TTEL_ID) VALUES (427,73,81515675,2);
INSERT INTO T_TelefoneContato (TTCont_ID, TTCont_DDD, TTCont_Telefone, TTEL_ID) VALUES (428,73,81225385,2);
INSERT INTO T_TelefoneContato (TTCont_ID, TTCont_DDD, TTCont_Telefone, TTEL_ID) VALUES (429,73,82221622,2);
INSERT INTO T_TelefoneContato (TTCont_ID, TTCont_DDD, TTCont_Telefone, TTEL_ID) VALUES (430,73,82195968,2);
INSERT INTO T_TelefoneContato (TTCont_ID, TTCont_DDD, TTCont_Telefone, TTEL_ID) VALUES (431,73,82214482,2);
INSERT INTO T_TelefoneContato (TTCont_ID, TTCont_DDD, TTCont_Telefone, TTEL_ID) VALUES (432,73,91125741,2);
INSERT INTO T_TelefoneContato (TTCont_ID, TTCont_DDD, TTCont_Telefone, TTEL_ID) VALUES (433,73,81834059,2);
INSERT INTO T_TelefoneContato (TTCont_ID, TTCont_DDD, TTCont_Telefone, TTEL_ID) VALUES (434,73,81338378,2);
INSERT INTO T_TelefoneContato (TTCont_ID, TTCont_DDD, TTCont_Telefone, TTEL_ID) VALUES (435,73,91219636,2);
INSERT INTO T_TelefoneContato (TTCont_ID, TTCont_DDD, TTCont_Telefone, TTEL_ID) VALUES (436,73,88880964,2);
INSERT INTO T_TelefoneContato (TTCont_ID, TTCont_DDD, TTCont_Telefone, TTEL_ID) VALUES (437,73,81731612,2);
INSERT INTO T_TelefoneContato (TTCont_ID, TTCont_DDD, TTCont_Telefone, TTEL_ID) VALUES (438,73,81797493,2);
INSERT INTO T_TelefoneContato (TTCont_ID, TTCont_DDD, TTCont_Telefone, TTEL_ID) VALUES (439,73,88833476,2);
INSERT INTO T_TelefoneContato (TTCont_ID, TTCont_DDD, TTCont_Telefone, TTEL_ID) VALUES (440,73,88045302,2);
INSERT INTO T_TelefoneContato (TTCont_ID, TTCont_DDD, TTCont_Telefone, TTEL_ID) VALUES (441,73,88676297,2);
INSERT INTO T_TelefoneContato (TTCont_ID, TTCont_DDD, TTCont_Telefone, TTEL_ID) VALUES (442,73,81991821,2);
INSERT INTO T_TelefoneContato (TTCont_ID, TTCont_DDD, TTCont_Telefone, TTEL_ID) VALUES (443,73,88884419,2);
INSERT INTO T_TelefoneContato (TTCont_ID, TTCont_DDD, TTCont_Telefone, TTEL_ID) VALUES (444,73,99030013,2);
INSERT INTO T_TelefoneContato (TTCont_ID, TTCont_DDD, TTCont_Telefone, TTEL_ID) VALUES (445,73,82078437,2);
INSERT INTO T_TelefoneContato (TTCont_ID, TTCont_DDD, TTCont_Telefone, TTEL_ID) VALUES (446,73,91139722,2);
INSERT INTO T_TelefoneContato (TTCont_ID, TTCont_DDD, TTCont_Telefone, TTEL_ID) VALUES (447,73,81311218,2);
INSERT INTO T_TelefoneContato (TTCont_ID, TTCont_DDD, TTCont_Telefone, TTEL_ID) VALUES (448,73,81679994,2);
INSERT INTO T_TelefoneContato (TTCont_ID, TTCont_DDD, TTCont_Telefone, TTEL_ID) VALUES (449,73,81527251,2);
INSERT INTO T_TelefoneContato (TTCont_ID, TTCont_DDD, TTCont_Telefone, TTEL_ID) VALUES (450,73,81895570,2);
INSERT INTO T_TelefoneContato (TTCont_ID, TTCont_DDD, TTCont_Telefone, TTEL_ID) VALUES (451,73,81678404,2);
INSERT INTO T_TelefoneContato (TTCont_ID, TTCont_DDD, TTCont_Telefone, TTEL_ID) VALUES (452,73,81286729,2);
INSERT INTO T_TelefoneContato (TTCont_ID, TTCont_DDD, TTCont_Telefone, TTEL_ID) VALUES (453,73,99470513,2);
INSERT INTO T_TelefoneContato (TTCont_ID, TTCont_DDD, TTCont_Telefone, TTEL_ID) VALUES (454,73,99843766,2);
INSERT INTO T_TelefoneContato (TTCont_ID, TTCont_DDD, TTCont_Telefone, TTEL_ID) VALUES (455,73,81286729,2);
INSERT INTO T_TelefoneContato (TTCont_ID, TTCont_DDD, TTCont_Telefone, TTEL_ID) VALUES (456,73,88732814,2);
INSERT INTO T_TelefoneContato (TTCont_ID, TTCont_DDD, TTCont_Telefone, TTEL_ID) VALUES (457,73,88110113,2);
INSERT INTO T_TelefoneContato (TTCont_ID, TTCont_DDD, TTCont_Telefone, TTEL_ID) VALUES (458,73,88848742,2);
INSERT INTO T_TelefoneContato (TTCont_ID, TTCont_DDD, TTCont_Telefone, TTEL_ID) VALUES (459,73,81388934,2);
INSERT INTO T_TelefoneContato (TTCont_ID, TTCont_DDD, TTCont_Telefone, TTEL_ID) VALUES (460,73,81195068,2);
INSERT INTO T_TelefoneContato (TTCont_ID, TTCont_DDD, TTCont_Telefone, TTEL_ID) VALUES (461,73,81909553,2);
INSERT INTO T_TelefoneContato (TTCont_ID, TTCont_DDD, TTCont_Telefone, TTEL_ID) VALUES (462,73,99583286,2);
INSERT INTO T_TelefoneContato (TTCont_ID, TTCont_DDD, TTCont_Telefone, TTEL_ID) VALUES (463,73,88784555,2);
INSERT INTO T_TelefoneContato (TTCont_ID, TTCont_DDD, TTCont_Telefone, TTEL_ID) VALUES (464,73,91508931,2);
INSERT INTO T_TelefoneContato (TTCont_ID, TTCont_DDD, TTCont_Telefone, TTEL_ID) VALUES (465,73,81497372,2);
INSERT INTO T_TelefoneContato (TTCont_ID, TTCont_DDD, TTCont_Telefone, TTEL_ID) VALUES (466,73,81215046,2);
INSERT INTO T_TelefoneContato (TTCont_ID, TTCont_DDD, TTCont_Telefone, TTEL_ID) VALUES (467,73,81056944,2);
INSERT INTO T_TelefoneContato (TTCont_ID, TTCont_DDD, TTCont_Telefone, TTEL_ID) VALUES (468,73,81195068,2);
INSERT INTO T_TelefoneContato (TTCont_ID, TTCont_DDD, TTCont_Telefone, TTEL_ID) VALUES (469,73,81342681,2);
INSERT INTO T_TelefoneContato (TTCont_ID, TTCont_DDD, TTCont_Telefone, TTEL_ID) VALUES (470,73,81709282,2);
INSERT INTO T_TelefoneContato (TTCont_ID, TTCont_DDD, TTCont_Telefone, TTEL_ID) VALUES (471,73,88737868,2);
INSERT INTO T_TelefoneContato (TTCont_ID, TTCont_DDD, TTCont_Telefone, TTEL_ID) VALUES (472,73,99962213,2);
INSERT INTO T_TelefoneContato (TTCont_ID, TTCont_DDD, TTCont_Telefone, TTEL_ID) VALUES (473,73,88248244,2);
INSERT INTO T_TelefoneContato (TTCont_ID, TTCont_DDD, TTCont_Telefone, TTEL_ID) VALUES (474,73,81186679,2);
INSERT INTO T_TelefoneContato (TTCont_ID, TTCont_DDD, TTCont_Telefone, TTEL_ID) VALUES (475,73,82374043,2);
INSERT INTO T_TelefoneContato (TTCont_ID, TTCont_DDD, TTCont_Telefone, TTEL_ID) VALUES (476,73,81950203,2);
INSERT INTO T_TelefoneContato (TTCont_ID, TTCont_DDD, TTCont_Telefone, TTEL_ID) VALUES (477,73,88467681,2);
INSERT INTO T_TelefoneContato (TTCont_ID, TTCont_DDD, TTCont_Telefone, TTEL_ID) VALUES (478,73,81488908,2);
INSERT INTO T_TelefoneContato (TTCont_ID, TTCont_DDD, TTCont_Telefone, TTEL_ID) VALUES (479,73,81670667,2);
INSERT INTO T_TelefoneContato (TTCont_ID, TTCont_DDD, TTCont_Telefone, TTEL_ID) VALUES (480,73,99097934,2);
INSERT INTO T_TelefoneContato (TTCont_ID, TTCont_DDD, TTCont_Telefone, TTEL_ID) VALUES (481,73,82085848,2);
INSERT INTO T_TelefoneContato (TTCont_ID, TTCont_DDD, TTCont_Telefone, TTEL_ID) VALUES (482,73,91619065,2);
INSERT INTO T_TelefoneContato (TTCont_ID, TTCont_DDD, TTCont_Telefone, TTEL_ID) VALUES (483,73,81760963,2);
INSERT INTO T_TelefoneContato (TTCont_ID, TTCont_DDD, TTCont_Telefone, TTEL_ID) VALUES (484,73,91954173,2);
INSERT INTO T_TelefoneContato (TTCont_ID, TTCont_DDD, TTCont_Telefone, TTEL_ID) VALUES (485,73,82142801,2);
INSERT INTO T_TelefoneContato (TTCont_ID, TTCont_DDD, TTCont_Telefone, TTEL_ID) VALUES (486,73,88064314,2);
INSERT INTO T_TelefoneContato (TTCont_ID, TTCont_DDD, TTCont_Telefone, TTEL_ID) VALUES (487,73,99428985,2);
INSERT INTO T_TelefoneContato (TTCont_ID, TTCont_DDD, TTCont_Telefone, TTEL_ID) VALUES (488,73,91463240,2);
INSERT INTO T_TelefoneContato (TTCont_ID, TTCont_DDD, TTCont_Telefone, TTEL_ID) VALUES (489,73,98097252,2);
INSERT INTO T_TelefoneContato (TTCont_ID, TTCont_DDD, TTCont_Telefone, TTEL_ID) VALUES (490,73,91438417,2);
INSERT INTO T_TelefoneContato (TTCont_ID, TTCont_DDD, TTCont_Telefone, TTEL_ID) VALUES (491,73,99958594,2);
INSERT INTO T_TelefoneContato (TTCont_ID, TTCont_DDD, TTCont_Telefone, TTEL_ID) VALUES (492,73,88224315,2);
INSERT INTO T_TelefoneContato (TTCont_ID, TTCont_DDD, TTCont_Telefone, TTEL_ID) VALUES (493,73,91299146,2);
INSERT INTO T_TelefoneContato (TTCont_ID, TTCont_DDD, TTCont_Telefone, TTEL_ID) VALUES (494,73,81741673,2);
INSERT INTO T_TelefoneContato (TTCont_ID, TTCont_DDD, TTCont_Telefone, TTEL_ID) VALUES (495,73,81388994,2);
INSERT INTO T_TelefoneContato (TTCont_ID, TTCont_DDD, TTCont_Telefone, TTEL_ID) VALUES (496,73,81541165,2);
INSERT INTO T_TelefoneContato (TTCont_ID, TTCont_DDD, TTCont_Telefone, TTEL_ID) VALUES (497,73,91150608,2);
INSERT INTO T_TelefoneContato (TTCont_ID, TTCont_DDD, TTCont_Telefone, TTEL_ID) VALUES (498,73,99227379,2);
INSERT INTO T_TelefoneContato (TTCont_ID, TTCont_DDD, TTCont_Telefone, TTEL_ID) VALUES (499,73,91453686,2);
INSERT INTO T_TelefoneContato (TTCont_ID, TTCont_DDD, TTCont_Telefone, TTEL_ID) VALUES (500,73,91997882,2);
INSERT INTO T_TelefoneContato (TTCont_ID, TTCont_DDD, TTCont_Telefone, TTEL_ID) VALUES (501,73,99301737,2);
INSERT INTO T_TelefoneContato (TTCont_ID, TTCont_DDD, TTCont_Telefone, TTEL_ID) VALUES (502,73,81229415,2);
INSERT INTO T_TelefoneContato (TTCont_ID, TTCont_DDD, TTCont_Telefone, TTEL_ID) VALUES (503,73,81477268,2);
INSERT INTO T_TelefoneContato (TTCont_ID, TTCont_DDD, TTCont_Telefone, TTEL_ID) VALUES (504,73,99167496,2);
INSERT INTO T_TelefoneContato (TTCont_ID, TTCont_DDD, TTCont_Telefone, TTEL_ID) VALUES (505,73,88364436,2);
INSERT INTO T_TelefoneContato (TTCont_ID, TTCont_DDD, TTCont_Telefone, TTEL_ID) VALUES (506,73,81445523,2);
INSERT INTO T_TelefoneContato (TTCont_ID, TTCont_DDD, TTCont_Telefone, TTEL_ID) VALUES (507,73,91655974,2);
INSERT INTO T_TelefoneContato (TTCont_ID, TTCont_DDD, TTCont_Telefone, TTEL_ID) VALUES (508,73,81778807,2);
INSERT INTO T_TelefoneContato (TTCont_ID, TTCont_DDD, TTCont_Telefone, TTEL_ID) VALUES (509,73,88922146,2);
INSERT INTO T_TelefoneContato (TTCont_ID, TTCont_DDD, TTCont_Telefone, TTEL_ID) VALUES (510,73,82138366,2);
INSERT INTO T_TelefoneContato (TTCont_ID, TTCont_DDD, TTCont_Telefone, TTEL_ID) VALUES (511,73,82226141,2);
INSERT INTO T_TelefoneContato (TTCont_ID, TTCont_DDD, TTCont_Telefone, TTEL_ID) VALUES (512,73,88165876,2);
INSERT INTO T_TelefoneContato (TTCont_ID, TTCont_DDD, TTCont_Telefone, TTEL_ID) VALUES (513,73,81534771,2);
INSERT INTO T_TelefoneContato (TTCont_ID, TTCont_DDD, TTCont_Telefone, TTEL_ID) VALUES (514,73,88482294,2);
INSERT INTO T_TelefoneContato (TTCont_ID, TTCont_DDD, TTCont_Telefone, TTEL_ID) VALUES (515,73,99685002,2);
INSERT INTO T_TelefoneContato (TTCont_ID, TTCont_DDD, TTCont_Telefone, TTEL_ID) VALUES (516,73,81843256,2);
INSERT INTO T_TelefoneContato (TTCont_ID, TTCont_DDD, TTCont_Telefone, TTEL_ID) VALUES (517,73,81825342,2);
INSERT INTO T_TelefoneContato (TTCont_ID, TTCont_DDD, TTCont_Telefone, TTEL_ID) VALUES (518,73,81186813,2);
INSERT INTO T_TelefoneContato (TTCont_ID, TTCont_DDD, TTCont_Telefone, TTEL_ID) VALUES (519,73,82112779,2);
INSERT INTO T_TelefoneContato (TTCont_ID, TTCont_DDD, TTCont_Telefone, TTEL_ID) VALUES (520,73,98036833,2);
INSERT INTO T_TelefoneContato (TTCont_ID, TTCont_DDD, TTCont_Telefone, TTEL_ID) VALUES (521,73,91453609,2);
INSERT INTO T_TelefoneContato (TTCont_ID, TTCont_DDD, TTCont_Telefone, TTEL_ID) VALUES (522,73,99373980,2);
INSERT INTO T_TelefoneContato (TTCont_ID, TTCont_DDD, TTCont_Telefone, TTEL_ID) VALUES (523,73,81003289,2);
INSERT INTO T_TelefoneContato (TTCont_ID, TTCont_DDD, TTCont_Telefone, TTEL_ID) VALUES (524,73,82101195,2);
INSERT INTO T_TelefoneContato (TTCont_ID, TTCont_DDD, TTCont_Telefone, TTEL_ID) VALUES (525,73,99822690,2);
INSERT INTO T_TelefoneContato (TTCont_ID, TTCont_DDD, TTCont_Telefone, TTEL_ID) VALUES (526,73,82198012,2);
INSERT INTO T_TelefoneContato (TTCont_ID, TTCont_DDD, TTCont_Telefone, TTEL_ID) VALUES (527,73,91565546,2);
INSERT INTO T_TelefoneContato (TTCont_ID, TTCont_DDD, TTCont_Telefone, TTEL_ID) VALUES (528,73,88667829,2);
INSERT INTO T_TelefoneContato (TTCont_ID, TTCont_DDD, TTCont_Telefone, TTEL_ID) VALUES (529,73,81568832,2);
INSERT INTO T_TelefoneContato (TTCont_ID, TTCont_DDD, TTCont_Telefone, TTEL_ID) VALUES (530,73,88888266,2);
INSERT INTO T_TelefoneContato (TTCont_ID, TTCont_DDD, TTCont_Telefone, TTEL_ID) VALUES (531,73,81568453,2);
INSERT INTO T_TelefoneContato (TTCont_ID, TTCont_DDD, TTCont_Telefone, TTEL_ID) VALUES (532,73,88222708,2);
INSERT INTO T_TelefoneContato (TTCont_ID, TTCont_DDD, TTCont_Telefone, TTEL_ID) VALUES (533,73,88124281,2);
INSERT INTO T_TelefoneContato (TTCont_ID, TTCont_DDD, TTCont_Telefone, TTEL_ID) VALUES (534,73,88273712,2);
INSERT INTO T_TelefoneContato (TTCont_ID, TTCont_DDD, TTCont_Telefone, TTEL_ID) VALUES (535,73,81841584,2);
INSERT INTO T_TelefoneContato (TTCont_ID, TTCont_DDD, TTCont_Telefone, TTEL_ID) VALUES (536,73,82000411,2);
INSERT INTO T_TelefoneContato (TTCont_ID, TTCont_DDD, TTCont_Telefone, TTEL_ID) VALUES (537,73,88954548,2);
INSERT INTO T_TelefoneContato (TTCont_ID, TTCont_DDD, TTCont_Telefone, TTEL_ID) VALUES (538,73,91243924,2);
INSERT INTO T_TelefoneContato (TTCont_ID, TTCont_DDD, TTCont_Telefone, TTEL_ID) VALUES (539,73,81994634,2);
INSERT INTO T_TelefoneContato (TTCont_ID, TTCont_DDD, TTCont_Telefone, TTEL_ID) VALUES (540,73,88667829,2);
INSERT INTO T_TelefoneContato (TTCont_ID, TTCont_DDD, TTCont_Telefone, TTEL_ID) VALUES (541,73,81568832,2);
INSERT INTO T_TelefoneContato (TTCont_ID, TTCont_DDD, TTCont_Telefone, TTEL_ID) VALUES (542,73,99391028,2);
INSERT INTO T_TelefoneContato (TTCont_ID, TTCont_DDD, TTCont_Telefone, TTEL_ID) VALUES (543,73,99960840,2);
INSERT INTO T_TelefoneContato (TTCont_ID, TTCont_DDD, TTCont_Telefone, TTEL_ID) VALUES (544,73,81173255,2);
INSERT INTO T_TelefoneContato (TTCont_ID, TTCont_DDD, TTCont_Telefone, TTEL_ID) VALUES (545,73,82400392,2);
INSERT INTO T_TelefoneContato (TTCont_ID, TTCont_DDD, TTCont_Telefone, TTEL_ID) VALUES (546,73,99321306,2);
INSERT INTO T_TelefoneContato (TTCont_ID, TTCont_DDD, TTCont_Telefone, TTEL_ID) VALUES (547,73,88373893,2);
INSERT INTO T_TelefoneContato (TTCont_ID, TTCont_DDD, TTCont_Telefone, TTEL_ID) VALUES (548,73,99297605,2);
INSERT INTO T_TelefoneContato (TTCont_ID, TTCont_DDD, TTCont_Telefone, TTEL_ID) VALUES (549,73,99497322,2);
INSERT INTO T_TelefoneContato (TTCont_ID, TTCont_DDD, TTCont_Telefone, TTEL_ID) VALUES (550,73,81520518,2);
INSERT INTO T_TelefoneContato (TTCont_ID, TTCont_DDD, TTCont_Telefone, TTEL_ID) VALUES (551,73,81180436,2);
INSERT INTO T_TelefoneContato (TTCont_ID, TTCont_DDD, TTCont_Telefone, TTEL_ID) VALUES (552,73,99384965,2);
INSERT INTO T_TelefoneContato (TTCont_ID, TTCont_DDD, TTCont_Telefone, TTEL_ID) VALUES (553,73,98163491,2);
INSERT INTO T_TelefoneContato (TTCont_ID, TTCont_DDD, TTCont_Telefone, TTEL_ID) VALUES (554,73,98088238,2);
INSERT INTO T_TelefoneContato (TTCont_ID, TTCont_DDD, TTCont_Telefone, TTEL_ID) VALUES (555,73,88457563,2);
INSERT INTO T_TelefoneContato (TTCont_ID, TTCont_DDD, TTCont_Telefone, TTEL_ID) VALUES (556,73,88297439,2);
INSERT INTO T_TelefoneContato (TTCont_ID, TTCont_DDD, TTCont_Telefone, TTEL_ID) VALUES (557,73,91584606,2);
INSERT INTO T_TelefoneContato (TTCont_ID, TTCont_DDD, TTCont_Telefone, TTEL_ID) VALUES (558,73,99826683,2);
INSERT INTO T_TelefoneContato (TTCont_ID, TTCont_DDD, TTCont_Telefone, TTEL_ID) VALUES (559,73,99641465,2);
INSERT INTO T_TelefoneContato (TTCont_ID, TTCont_DDD, TTCont_Telefone, TTEL_ID) VALUES (560,73,81168313,2);
INSERT INTO T_TelefoneContato (TTCont_ID, TTCont_DDD, TTCont_Telefone, TTEL_ID) VALUES (561,73,81041778,2);
INSERT INTO T_TelefoneContato (TTCont_ID, TTCont_DDD, TTCont_Telefone, TTEL_ID) VALUES (562,73,81420364,2);
INSERT INTO T_TelefoneContato (TTCont_ID, TTCont_DDD, TTCont_Telefone, TTEL_ID) VALUES (563,73,88497693,2);
INSERT INTO T_TelefoneContato (TTCont_ID, TTCont_DDD, TTCont_Telefone, TTEL_ID) VALUES (564,73,88414726,2);
INSERT INTO T_TelefoneContato (TTCont_ID, TTCont_DDD, TTCont_Telefone, TTEL_ID) VALUES (565,73,36569133,2);
INSERT INTO T_TelefoneContato (TTCont_ID, TTCont_DDD, TTCont_Telefone, TTEL_ID) VALUES (566,73,81305090,2);
INSERT INTO T_TelefoneContato (TTCont_ID, TTCont_DDD, TTCont_Telefone, TTEL_ID) VALUES (567,73,81469560,2);
INSERT INTO T_TelefoneContato (TTCont_ID, TTCont_DDD, TTCont_Telefone, TTEL_ID) VALUES (568,73,91604494,2);
INSERT INTO T_TelefoneContato (TTCont_ID, TTCont_DDD, TTCont_Telefone, TTEL_ID) VALUES (569,73,99665551,2);
INSERT INTO T_TelefoneContato (TTCont_ID, TTCont_DDD, TTCont_Telefone, TTEL_ID) VALUES (570,73,99557231,2);
INSERT INTO T_TelefoneContato (TTCont_ID, TTCont_DDD, TTCont_Telefone, TTEL_ID) VALUES (571,73,81579619,2);
INSERT INTO T_TelefoneContato (TTCont_ID, TTCont_DDD, TTCont_Telefone, TTEL_ID) VALUES (572,73,99798321,2);
INSERT INTO T_TelefoneContato (TTCont_ID, TTCont_DDD, TTCont_Telefone, TTEL_ID) VALUES (573,73,81119175,2);
INSERT INTO T_TelefoneContato (TTCont_ID, TTCont_DDD, TTCont_Telefone, TTEL_ID) VALUES (574,73,99398676,2);
INSERT INTO T_TelefoneContato (TTCont_ID, TTCont_DDD, TTCont_Telefone, TTEL_ID) VALUES (575,73,81100662,2);
INSERT INTO T_TelefoneContato (TTCont_ID, TTCont_DDD, TTCont_Telefone, TTEL_ID) VALUES (576,73,99653060,2);
INSERT INTO T_TelefoneContato (TTCont_ID, TTCont_DDD, TTCont_Telefone, TTEL_ID) VALUES (577,73,99231449,2);
INSERT INTO T_TelefoneContato (TTCont_ID, TTCont_DDD, TTCont_Telefone, TTEL_ID) VALUES (578,73,91187753,2);
INSERT INTO T_TelefoneContato (TTCont_ID, TTCont_DDD, TTCont_Telefone, TTEL_ID) VALUES (579,73,88039715,2);
INSERT INTO T_TelefoneContato (TTCont_ID, TTCont_DDD, TTCont_Telefone, TTEL_ID) VALUES (580,73,91141938,2);
INSERT INTO T_TelefoneContato (TTCont_ID, TTCont_DDD, TTCont_Telefone, TTEL_ID) VALUES (581,73,91217813,2);
INSERT INTO T_TelefoneContato (TTCont_ID, TTCont_DDD, TTCont_Telefone, TTEL_ID) VALUES (582,73,99008398,2);
INSERT INTO T_TelefoneContato (TTCont_ID, TTCont_DDD, TTCont_Telefone, TTEL_ID) VALUES (583,73,99489417,2);
INSERT INTO T_TelefoneContato (TTCont_ID, TTCont_DDD, TTCont_Telefone, TTEL_ID) VALUES (584,73,99231659,2);
INSERT INTO T_TelefoneContato (TTCont_ID, TTCont_DDD, TTCont_Telefone, TTEL_ID) VALUES (585,73,91217100,2);
INSERT INTO T_TelefoneContato (TTCont_ID, TTCont_DDD, TTCont_Telefone, TTEL_ID) VALUES (586,73,91785976,2);
INSERT INTO T_TelefoneContato (TTCont_ID, TTCont_DDD, TTCont_Telefone, TTEL_ID) VALUES (587,73,99252447,2);
INSERT INTO T_TelefoneContato (TTCont_ID, TTCont_DDD, TTCont_Telefone, TTEL_ID) VALUES (588,73,81526498,2);
INSERT INTO T_TelefoneContato (TTCont_ID, TTCont_DDD, TTCont_Telefone, TTEL_ID) VALUES (589,73,99018857,2);
INSERT INTO T_TelefoneContato (TTCont_ID, TTCont_DDD, TTCont_Telefone, TTEL_ID) VALUES (590,73,82370123,2);
INSERT INTO T_TelefoneContato (TTCont_ID, TTCont_DDD, TTCont_Telefone, TTEL_ID) VALUES (591,73,81623683,2);
INSERT INTO T_TelefoneContato (TTCont_ID, TTCont_DDD, TTCont_Telefone, TTEL_ID) VALUES (592,73,98061381,2);
INSERT INTO T_TelefoneContato (TTCont_ID, TTCont_DDD, TTCont_Telefone, TTEL_ID) VALUES (593,73,82229432,2);
INSERT INTO T_TelefoneContato (TTCont_ID, TTCont_DDD, TTCont_Telefone, TTEL_ID) VALUES (594,73,82089279,2);
INSERT INTO T_TelefoneContato (TTCont_ID, TTCont_DDD, TTCont_Telefone, TTEL_ID) VALUES (595,73,99235228,2);
INSERT INTO T_TelefoneContato (TTCont_ID, TTCont_DDD, TTCont_Telefone, TTEL_ID) VALUES (596,73,81673135,2);
INSERT INTO T_TelefoneContato (TTCont_ID, TTCont_DDD, TTCont_Telefone, TTEL_ID) VALUES (597,73,88395705,2);
INSERT INTO T_TelefoneContato (TTCont_ID, TTCont_DDD, TTCont_Telefone, TTEL_ID) VALUES (598,73,82055357,2);
INSERT INTO T_TelefoneContato (TTCont_ID, TTCont_DDD, TTCont_Telefone, TTEL_ID) VALUES (599,73,81821301,2);
INSERT INTO T_TelefoneContato (TTCont_ID, TTCont_DDD, TTCont_Telefone, TTEL_ID) VALUES (600,73,82271285,2);
INSERT INTO T_TelefoneContato (TTCont_ID, TTCont_DDD, TTCont_Telefone, TTEL_ID) VALUES (601,73,82256651,2);
INSERT INTO T_TelefoneContato (TTCont_ID, TTCont_DDD, TTCont_Telefone, TTEL_ID) VALUES (602,73,82373431,2);
INSERT INTO T_TelefoneContato (TTCont_ID, TTCont_DDD, TTCont_Telefone, TTEL_ID) VALUES (603,73,81957375,2);
INSERT INTO T_TelefoneContato (TTCont_ID, TTCont_DDD, TTCont_Telefone, TTEL_ID) VALUES (604,73,81160167,2);
INSERT INTO T_TelefoneContato (TTCont_ID, TTCont_DDD, TTCont_Telefone, TTEL_ID) VALUES (605,73,99557243,2);
INSERT INTO T_TelefoneContato (TTCont_ID, TTCont_DDD, TTCont_Telefone, TTEL_ID) VALUES (606,73,91113901,2);
INSERT INTO T_TelefoneContato (TTCont_ID, TTCont_DDD, TTCont_Telefone, TTEL_ID) VALUES (607,73,81331769,2);
INSERT INTO T_TelefoneContato (TTCont_ID, TTCont_DDD, TTCont_Telefone, TTEL_ID) VALUES (608,73,81879579,2);
INSERT INTO T_TelefoneContato (TTCont_ID, TTCont_DDD, TTCont_Telefone, TTEL_ID) VALUES (609,73,99204611,2);
INSERT INTO T_TelefoneContato (TTCont_ID, TTCont_DDD, TTCont_Telefone, TTEL_ID) VALUES (610,73,81388494,2);
INSERT INTO T_TelefoneContato (TTCont_ID, TTCont_DDD, TTCont_Telefone, TTEL_ID) VALUES (611,73,98137247,2);
INSERT INTO T_TelefoneContato (TTCont_ID, TTCont_DDD, TTCont_Telefone, TTEL_ID) VALUES (612,73,81271604,2);
INSERT INTO T_TelefoneContato (TTCont_ID, TTCont_DDD, TTCont_Telefone, TTEL_ID) VALUES (613,73,81546523,2);
INSERT INTO T_TelefoneContato (TTCont_ID, TTCont_DDD, TTCont_Telefone, TTEL_ID) VALUES (614,73,81845693,2);
INSERT INTO T_TelefoneContato (TTCont_ID, TTCont_DDD, TTCont_Telefone, TTEL_ID) VALUES (615,73,81768049,2);
INSERT INTO T_TelefoneContato (TTCont_ID, TTCont_DDD, TTCont_Telefone, TTEL_ID) VALUES (616,73,81515359,2);
INSERT INTO T_TelefoneContato (TTCont_ID, TTCont_DDD, TTCont_Telefone, TTEL_ID) VALUES (617,73,98137997,2);
INSERT INTO T_TelefoneContato (TTCont_ID, TTCont_DDD, TTCont_Telefone, TTEL_ID) VALUES (618,73,81918652,2);
INSERT INTO T_TelefoneContato (TTCont_ID, TTCont_DDD, TTCont_Telefone, TTEL_ID) VALUES (619,73,88724228,2);
INSERT INTO T_TelefoneContato (TTCont_ID, TTCont_DDD, TTCont_Telefone, TTEL_ID) VALUES (620,73,81222328,2);
INSERT INTO T_TelefoneContato (TTCont_ID, TTCont_DDD, TTCont_Telefone, TTEL_ID) VALUES (621,73,82098786,2);
INSERT INTO T_TelefoneContato (TTCont_ID, TTCont_DDD, TTCont_Telefone, TTEL_ID) VALUES (622,73,99989573,2);
INSERT INTO T_TelefoneContato (TTCont_ID, TTCont_DDD, TTCont_Telefone, TTEL_ID) VALUES (623,73,82108203,2);
INSERT INTO T_TelefoneContato (TTCont_ID, TTCont_DDD, TTCont_Telefone, TTEL_ID) VALUES (624,73,99905877,2);
INSERT INTO T_TelefoneContato (TTCont_ID, TTCont_DDD, TTCont_Telefone, TTEL_ID) VALUES (625,73,99856261,2);
INSERT INTO T_TelefoneContato (TTCont_ID, TTCont_DDD, TTCont_Telefone, TTEL_ID) VALUES (626,73,98288985,2);
INSERT INTO T_TelefoneContato (TTCont_ID, TTCont_DDD, TTCont_Telefone, TTEL_ID) VALUES (627,73,81520518,2);
INSERT INTO T_TelefoneContato (TTCont_ID, TTCont_DDD, TTCont_Telefone, TTEL_ID) VALUES (628,73,81257700,2);
INSERT INTO T_TelefoneContato (TTCont_ID, TTCont_DDD, TTCont_Telefone, TTEL_ID) VALUES (629,73,88178436,2);
INSERT INTO T_TelefoneContato (TTCont_ID, TTCont_DDD, TTCont_Telefone, TTEL_ID) VALUES (630,73,81767036,2);
INSERT INTO T_TelefoneContato (TTCont_ID, TTCont_DDD, TTCont_Telefone, TTEL_ID) VALUES (631,73,99937855,2);
INSERT INTO T_TelefoneContato (TTCont_ID, TTCont_DDD, TTCont_Telefone, TTEL_ID) VALUES (632,73,81286529,2);
INSERT INTO T_TelefoneContato (TTCont_ID, TTCont_DDD, TTCont_Telefone, TTEL_ID) VALUES (633,73,81422466,2);
INSERT INTO T_TelefoneContato (TTCont_ID, TTCont_DDD, TTCont_Telefone, TTEL_ID) VALUES (634,73,99830583,2);
INSERT INTO T_TelefoneContato (TTCont_ID, TTCont_DDD, TTCont_Telefone, TTEL_ID) VALUES (635,73,98201282,2);
INSERT INTO T_TelefoneContato (TTCont_ID, TTCont_DDD, TTCont_Telefone, TTEL_ID) VALUES (636,73,88433059,2);
INSERT INTO T_TelefoneContato (TTCont_ID, TTCont_DDD, TTCont_Telefone, TTEL_ID) VALUES (637,73,81050296,2);
INSERT INTO T_TelefoneContato (TTCont_ID, TTCont_DDD, TTCont_Telefone, TTEL_ID) VALUES (638,73,88153539,2);
INSERT INTO T_TelefoneContato (TTCont_ID, TTCont_DDD, TTCont_Telefone, TTEL_ID) VALUES (639,73,98254308,2);
INSERT INTO T_TelefoneContato (TTCont_ID, TTCont_DDD, TTCont_Telefone, TTEL_ID) VALUES (640,73,88118832,2);
INSERT INTO T_TelefoneContato (TTCont_ID, TTCont_DDD, TTCont_Telefone, TTEL_ID) VALUES (641,73,88263127,2);
INSERT INTO T_TelefoneContato (TTCont_ID, TTCont_DDD, TTCont_Telefone, TTEL_ID) VALUES (642,73,98111811,2);
INSERT INTO T_TelefoneContato (TTCont_ID, TTCont_DDD, TTCont_Telefone, TTEL_ID) VALUES (643,73,36566239,2);
INSERT INTO T_TelefoneContato (TTCont_ID, TTCont_DDD, TTCont_Telefone, TTEL_ID) VALUES (644,73,88237194,2);
INSERT INTO T_TelefoneContato (TTCont_ID, TTCont_DDD, TTCont_Telefone, TTEL_ID) VALUES (645,73,81040926,2);
INSERT INTO T_TelefoneContato (TTCont_ID, TTCont_DDD, TTCont_Telefone, TTEL_ID) VALUES (646,73,88923414,2);
INSERT INTO T_TelefoneContato (TTCont_ID, TTCont_DDD, TTCont_Telefone, TTEL_ID) VALUES (647,73,99286619,2);
INSERT INTO T_TelefoneContato (TTCont_ID, TTCont_DDD, TTCont_Telefone, TTEL_ID) VALUES (648,73,99400430,2);
INSERT INTO T_TelefoneContato (TTCont_ID, TTCont_DDD, TTCont_Telefone, TTEL_ID) VALUES (649,73,99363625,2);
INSERT INTO T_TelefoneContato (TTCont_ID, TTCont_DDD, TTCont_Telefone, TTEL_ID) VALUES (650,73,99372725,2);
INSERT INTO T_TelefoneContato (TTCont_ID, TTCont_DDD, TTCont_Telefone, TTEL_ID) VALUES (651,73,81734588,2);
INSERT INTO T_TelefoneContato (TTCont_ID, TTCont_DDD, TTCont_Telefone, TTEL_ID) VALUES (652,73,81957229,2);
INSERT INTO T_TelefoneContato (TTCont_ID, TTCont_DDD, TTCont_Telefone, TTEL_ID) VALUES (653,73,81220006,2);
INSERT INTO T_TelefoneContato (TTCont_ID, TTCont_DDD, TTCont_Telefone, TTEL_ID) VALUES (654,73,91203548,2);
INSERT INTO T_TelefoneContato (TTCont_ID, TTCont_DDD, TTCont_Telefone, TTEL_ID) VALUES (655,73,98096230,2);
INSERT INTO T_TelefoneContato (TTCont_ID, TTCont_DDD, TTCont_Telefone, TTEL_ID) VALUES (656,73,81183432,2);
INSERT INTO T_TelefoneContato (TTCont_ID, TTCont_DDD, TTCont_Telefone, TTEL_ID) VALUES (657,73,99214939,2);
INSERT INTO T_TelefoneContato (TTCont_ID, TTCont_DDD, TTCont_Telefone, TTEL_ID) VALUES (658,72,99445631,2);
INSERT INTO T_TelefoneContato (TTCont_ID, TTCont_DDD, TTCont_Telefone, TTEL_ID) VALUES (659,73,99622928,2);
INSERT INTO T_TelefoneContato (TTCont_ID, TTCont_DDD, TTCont_Telefone, TTEL_ID) VALUES (660,73,81541023,2);
INSERT INTO T_TelefoneContato (TTCont_ID, TTCont_DDD, TTCont_Telefone, TTEL_ID) VALUES (661,73,88529774,2);
INSERT INTO T_TelefoneContato (TTCont_ID, TTCont_DDD, TTCont_Telefone, TTEL_ID) VALUES (662,73,81826303,2);
INSERT INTO T_TelefoneContato (TTCont_ID, TTCont_DDD, TTCont_Telefone, TTEL_ID) VALUES (663,73,99615546,2);
INSERT INTO T_TelefoneContato (TTCont_ID, TTCont_DDD, TTCont_Telefone, TTEL_ID) VALUES (664,73,99499366,2);
INSERT INTO T_TelefoneContato (TTCont_ID, TTCont_DDD, TTCont_Telefone, TTEL_ID) VALUES (665,73,99301740,2);
INSERT INTO T_TelefoneContato (TTCont_ID, TTCont_DDD, TTCont_Telefone, TTEL_ID) VALUES (666,73,99713853,2);
INSERT INTO T_TelefoneContato (TTCont_ID, TTCont_DDD, TTCont_Telefone, TTEL_ID) VALUES (667,73,99719803,2);
INSERT INTO T_TelefoneContato (TTCont_ID, TTCont_DDD, TTCont_Telefone, TTEL_ID) VALUES (668,73,36562028,2);
INSERT INTO T_TelefoneContato (TTCont_ID, TTCont_DDD, TTCont_Telefone, TTEL_ID) VALUES (669,73,81371285,2);
INSERT INTO T_TelefoneContato (TTCont_ID, TTCont_DDD, TTCont_Telefone, TTEL_ID) VALUES (670,73,99836808,2);
INSERT INTO T_TelefoneContato (TTCont_ID, TTCont_DDD, TTCont_Telefone, TTEL_ID) VALUES (671,73,82318852,2);
INSERT INTO T_TelefoneContato (TTCont_ID, TTCont_DDD, TTCont_Telefone, TTEL_ID) VALUES (672,73,88241700,2);
INSERT INTO T_TelefoneContato (TTCont_ID, TTCont_DDD, TTCont_Telefone, TTEL_ID) VALUES (673,73,98079592,2);
INSERT INTO T_TelefoneContato (TTCont_ID, TTCont_DDD, TTCont_Telefone, TTEL_ID) VALUES (674,73,98057443,2);
INSERT INTO T_TelefoneContato (TTCont_ID, TTCont_DDD, TTCont_Telefone, TTEL_ID) VALUES (675,73,88768234,2);
INSERT INTO T_TelefoneContato (TTCont_ID, TTCont_DDD, TTCont_Telefone, TTEL_ID) VALUES (676,73,99627567,2);
INSERT INTO T_TelefoneContato (TTCont_ID, TTCont_DDD, TTCont_Telefone, TTEL_ID) VALUES (677,73,81846680,2);
INSERT INTO T_TelefoneContato (TTCont_ID, TTCont_DDD, TTCont_Telefone, TTEL_ID) VALUES (678,73,91966539,2);
INSERT INTO T_TelefoneContato (TTCont_ID, TTCont_DDD, TTCont_Telefone, TTEL_ID) VALUES (679,73,81348225,2);
INSERT INTO T_TelefoneContato (TTCont_ID, TTCont_DDD, TTCont_Telefone, TTEL_ID) VALUES (680,73,88479651,2);
INSERT INTO T_TelefoneContato (TTCont_ID, TTCont_DDD, TTCont_Telefone, TTEL_ID) VALUES (681,73,99455320,2);
INSERT INTO T_TelefoneContato (TTCont_ID, TTCont_DDD, TTCont_Telefone, TTEL_ID) VALUES (682,73,99903379,2);
INSERT INTO T_TelefoneContato (TTCont_ID, TTCont_DDD, TTCont_Telefone, TTEL_ID) VALUES (683,73,88322341,2);
INSERT INTO T_TelefoneContato (TTCont_ID, TTCont_DDD, TTCont_Telefone, TTEL_ID) VALUES (684,73,36567014,2);
INSERT INTO T_TelefoneContato (TTCont_ID, TTCont_DDD, TTCont_Telefone, TTEL_ID) VALUES (685,73,99235228,2);
INSERT INTO T_TelefoneContato (TTCont_ID, TTCont_DDD, TTCont_Telefone, TTEL_ID) VALUES (686,73,88165876,2);
INSERT INTO T_TelefoneContato (TTCont_ID, TTCont_DDD, TTCont_Telefone, TTEL_ID) VALUES (687,73,81897756,2);
INSERT INTO T_TelefoneContato (TTCont_ID, TTCont_DDD, TTCont_Telefone, TTEL_ID) VALUES (688,73,91919728,2);
INSERT INTO T_TelefoneContato (TTCont_ID, TTCont_DDD, TTCont_Telefone, TTEL_ID) VALUES (689,73,91540760,2);
INSERT INTO T_TelefoneContato (TTCont_ID, TTCont_DDD, TTCont_Telefone, TTEL_ID) VALUES (690,73,99321306,2);
INSERT INTO T_TelefoneContato (TTCont_ID, TTCont_DDD, TTCont_Telefone, TTEL_ID) VALUES (691,73,91150608,2);
INSERT INTO T_TelefoneContato (TTCont_ID, TTCont_DDD, TTCont_Telefone, TTEL_ID) VALUES (692,73,91207597,2);
INSERT INTO T_TelefoneContato (TTCont_ID, TTCont_DDD, TTCont_Telefone, TTEL_ID) VALUES (693,73,81053911,2);
INSERT INTO T_TelefoneContato (TTCont_ID, TTCont_DDD, TTCont_Telefone, TTEL_ID) VALUES (694,73,82086225,2);
INSERT INTO T_TelefoneContato (TTCont_ID, TTCont_DDD, TTCont_Telefone, TTEL_ID) VALUES (695,73,81431068,2);
INSERT INTO T_TelefoneContato (TTCont_ID, TTCont_DDD, TTCont_Telefone, TTEL_ID) VALUES (696,73,98131285,2);
INSERT INTO T_TelefoneContato (TTCont_ID, TTCont_DDD, TTCont_Telefone, TTEL_ID) VALUES (697,73,81346770,2);
INSERT INTO T_TelefoneContato (TTCont_ID, TTCont_DDD, TTCont_Telefone, TTEL_ID) VALUES (698,73,88093331,2);
INSERT INTO T_TelefoneContato (TTCont_ID, TTCont_DDD, TTCont_Telefone, TTEL_ID) VALUES (699,73,81462032,2);
INSERT INTO T_TelefoneContato (TTCont_ID, TTCont_DDD, TTCont_Telefone, TTEL_ID) VALUES (700,73,88258850,2);
INSERT INTO T_TelefoneContato (TTCont_ID, TTCont_DDD, TTCont_Telefone, TTEL_ID) VALUES (701,73,88214930,2);
INSERT INTO T_TelefoneContato (TTCont_ID, TTCont_DDD, TTCont_Telefone, TTEL_ID) VALUES (702,73,99424865,2);
INSERT INTO T_TelefoneContato (TTCont_ID, TTCont_DDD, TTCont_Telefone, TTEL_ID) VALUES (703,73,99048690,2);
INSERT INTO T_TelefoneContato (TTCont_ID, TTCont_DDD, TTCont_Telefone, TTEL_ID) VALUES (704,73,91573678,2);
INSERT INTO T_TelefoneContato (TTCont_ID, TTCont_DDD, TTCont_Telefone, TTEL_ID) VALUES (705,73,36569031,2);
INSERT INTO T_TelefoneContato (TTCont_ID, TTCont_DDD, TTCont_Telefone, TTEL_ID) VALUES (706,73,99297675,2);
INSERT INTO T_TelefoneContato (TTCont_ID, TTCont_DDD, TTCont_Telefone, TTEL_ID) VALUES (707,73,88264276,2);
INSERT INTO T_TelefoneContato (TTCont_ID, TTCont_DDD, TTCont_Telefone, TTEL_ID) VALUES (708,73,81333590,2);
INSERT INTO T_TelefoneContato (TTCont_ID, TTCont_DDD, TTCont_Telefone, TTEL_ID) VALUES (709,73,81212314,2);
INSERT INTO T_TelefoneContato (TTCont_ID, TTCont_DDD, TTCont_Telefone, TTEL_ID) VALUES (710,73,88729220,2);
INSERT INTO T_TelefoneContato (TTCont_ID, TTCont_DDD, TTCont_Telefone, TTEL_ID) VALUES (711,73,82119939,2);
INSERT INTO T_TelefoneContato (TTCont_ID, TTCont_DDD, TTCont_Telefone, TTEL_ID) VALUES (712,73,81719774,2);
INSERT INTO T_TelefoneContato (TTCont_ID, TTCont_DDD, TTCont_Telefone, TTEL_ID) VALUES (713,73,88067304,2);
INSERT INTO T_TelefoneContato (TTCont_ID, TTCont_DDD, TTCont_Telefone, TTEL_ID) VALUES (714,73,81852761,2);
INSERT INTO T_TelefoneContato (TTCont_ID, TTCont_DDD, TTCont_Telefone, TTEL_ID) VALUES (715,73,81169801,2);
INSERT INTO T_TelefoneContato (TTCont_ID, TTCont_DDD, TTCont_Telefone, TTEL_ID) VALUES (716,73,99752479,2);
INSERT INTO T_TelefoneContato (TTCont_ID, TTCont_DDD, TTCont_Telefone, TTEL_ID) VALUES (717,73,98288944,2);
INSERT INTO T_TelefoneContato (TTCont_ID, TTCont_DDD, TTCont_Telefone, TTEL_ID) VALUES (718,73,88478215,2);
INSERT INTO T_TelefoneContato (TTCont_ID, TTCont_DDD, TTCont_Telefone, TTEL_ID) VALUES (719,73,82502902,2);
INSERT INTO T_TelefoneContato (TTCont_ID, TTCont_DDD, TTCont_Telefone, TTEL_ID) VALUES (720,73,88313772,2);
INSERT INTO T_TelefoneContato (TTCont_ID, TTCont_DDD, TTCont_Telefone, TTEL_ID) VALUES (721,73,99860617,2);
INSERT INTO T_TelefoneContato (TTCont_ID, TTCont_DDD, TTCont_Telefone, TTEL_ID) VALUES (722,73,99670799,2);
INSERT INTO T_TelefoneContato (TTCont_ID, TTCont_DDD, TTCont_Telefone, TTEL_ID) VALUES (723,73,99384065,2);
INSERT INTO T_TelefoneContato (TTCont_ID, TTCont_DDD, TTCont_Telefone, TTEL_ID) VALUES (724,73,88095109,2);
INSERT INTO T_TelefoneContato (TTCont_ID, TTCont_DDD, TTCont_Telefone, TTEL_ID) VALUES (725,73,99420450,2);
INSERT INTO T_TelefoneContato (TTCont_ID, TTCont_DDD, TTCont_Telefone, TTEL_ID) VALUES (726,73,81587552,2);
INSERT INTO T_TelefoneContato (TTCont_ID, TTCont_DDD, TTCont_Telefone, TTEL_ID) VALUES (727,73,88144932,2);
INSERT INTO T_TelefoneContato (TTCont_ID, TTCont_DDD, TTCont_Telefone, TTEL_ID) VALUES (728,73,99048690,2);
INSERT INTO T_TelefoneContato (TTCont_ID, TTCont_DDD, TTCont_Telefone, TTEL_ID) VALUES (729,73,88152642,2);
INSERT INTO T_TelefoneContato (TTCont_ID, TTCont_DDD, TTCont_Telefone, TTEL_ID) VALUES (730,73,99712663,2);
INSERT INTO T_TelefoneContato (TTCont_ID, TTCont_DDD, TTCont_Telefone, TTEL_ID) VALUES (731,73,88284726,2);
INSERT INTO T_TelefoneContato (TTCont_ID, TTCont_DDD, TTCont_Telefone, TTEL_ID) VALUES (732,73,88153539,2);
INSERT INTO T_TelefoneContato (TTCont_ID, TTCont_DDD, TTCont_Telefone, TTEL_ID) VALUES (733,73,81084935,2);
INSERT INTO T_TelefoneContato (TTCont_ID, TTCont_DDD, TTCont_Telefone, TTEL_ID) VALUES (734,73,81484255,2);
INSERT INTO T_TelefoneContato (TTCont_ID, TTCont_DDD, TTCont_Telefone, TTEL_ID) VALUES (735,73,88267842,2);
INSERT INTO T_TelefoneContato (TTCont_ID, TTCont_DDD, TTCont_Telefone, TTEL_ID) VALUES (736,73,99825873,2);
INSERT INTO T_TelefoneContato (TTCont_ID, TTCont_DDD, TTCont_Telefone, TTEL_ID) VALUES (737,73,99610019,2);
INSERT INTO T_TelefoneContato (TTCont_ID, TTCont_DDD, TTCont_Telefone, TTEL_ID) VALUES (738,73,81472597,2);
INSERT INTO T_TelefoneContato (TTCont_ID, TTCont_DDD, TTCont_Telefone, TTEL_ID) VALUES (739,73,99924441,2);
INSERT INTO T_TelefoneContato (TTCont_ID, TTCont_DDD, TTCont_Telefone, TTEL_ID) VALUES (740,73,82155466,2);
INSERT INTO T_TelefoneContato (TTCont_ID, TTCont_DDD, TTCont_Telefone, TTEL_ID) VALUES (741,73,98324632,2);
INSERT INTO T_TelefoneContato (TTCont_ID, TTCont_DDD, TTCont_Telefone, TTEL_ID) VALUES (742,73,99611365,2);
INSERT INTO T_TelefoneContato (TTCont_ID, TTCont_DDD, TTCont_Telefone, TTEL_ID) VALUES (743,73,91273160,2);
INSERT INTO T_TelefoneContato (TTCont_ID, TTCont_DDD, TTCont_Telefone, TTEL_ID) VALUES (744,73,88536124,2);
INSERT INTO T_TelefoneContato (TTCont_ID, TTCont_DDD, TTCont_Telefone, TTEL_ID) VALUES (745,73,81779530,2);
INSERT INTO T_TelefoneContato (TTCont_ID, TTCont_DDD, TTCont_Telefone, TTEL_ID) VALUES (746,73,82136780,2);
INSERT INTO T_TelefoneContato (TTCont_ID, TTCont_DDD, TTCont_Telefone, TTEL_ID) VALUES (747,73,81171428,2);
INSERT INTO T_TelefoneContato (TTCont_ID, TTCont_DDD, TTCont_Telefone, TTEL_ID) VALUES (748,73,99906531,2);
INSERT INTO T_TelefoneContato (TTCont_ID, TTCont_DDD, TTCont_Telefone, TTEL_ID) VALUES (749,73,88513433,2);
INSERT INTO T_TelefoneContato (TTCont_ID, TTCont_DDD, TTCont_Telefone, TTEL_ID) VALUES (750,73,81994305,2);
INSERT INTO T_TelefoneContato (TTCont_ID, TTCont_DDD, TTCont_Telefone, TTEL_ID) VALUES (751,73,81511524,2);
INSERT INTO T_TelefoneContato (TTCont_ID, TTCont_DDD, TTCont_Telefone, TTEL_ID) VALUES (752,73,82302617,2);
INSERT INTO T_TelefoneContato (TTCont_ID, TTCont_DDD, TTCont_Telefone, TTEL_ID) VALUES (753,73,88131012,2);
INSERT INTO T_TelefoneContato (TTCont_ID, TTCont_DDD, TTCont_Telefone, TTEL_ID) VALUES (754,73,82089273,2);
INSERT INTO T_TelefoneContato (TTCont_ID, TTCont_DDD, TTCont_Telefone, TTEL_ID) VALUES (755,73,99370291,2);
INSERT INTO T_TelefoneContato (TTCont_ID, TTCont_DDD, TTCont_Telefone, TTEL_ID) VALUES (756,73,91681617,2);
INSERT INTO T_TelefoneContato (TTCont_ID, TTCont_DDD, TTCont_Telefone, TTEL_ID) VALUES (757,73,88636537,2);
INSERT INTO T_TelefoneContato (TTCont_ID, TTCont_DDD, TTCont_Telefone, TTEL_ID) VALUES (758,73,81959134,2);
INSERT INTO T_TelefoneContato (TTCont_ID, TTCont_DDD, TTCont_Telefone, TTEL_ID) VALUES (759,73,88178437,2);
INSERT INTO T_TelefoneContato (TTCont_ID, TTCont_DDD, TTCont_Telefone, TTEL_ID) VALUES (760,73,81496848,2);
INSERT INTO T_TelefoneContato (TTCont_ID, TTCont_DDD, TTCont_Telefone, TTEL_ID) VALUES (761,73,99460812,2);
INSERT INTO T_TelefoneContato (TTCont_ID, TTCont_DDD, TTCont_Telefone, TTEL_ID) VALUES (762,73,99514333,2);
INSERT INTO T_TelefoneContato (TTCont_ID, TTCont_DDD, TTCont_Telefone, TTEL_ID) VALUES (763,73,91313417,2);
INSERT INTO T_TelefoneContato (TTCont_ID, TTCont_DDD, TTCont_Telefone, TTEL_ID) VALUES (764,73,81928195,2);
INSERT INTO T_TelefoneContato (TTCont_ID, TTCont_DDD, TTCont_Telefone, TTEL_ID) VALUES (765,73,99473661,2);
INSERT INTO T_TelefoneContato (TTCont_ID, TTCont_DDD, TTCont_Telefone, TTEL_ID) VALUES (766,73,91245007,2);
INSERT INTO T_TelefoneContato (TTCont_ID, TTCont_DDD, TTCont_Telefone, TTEL_ID) VALUES (767,73,36342306,2);
INSERT INTO T_TelefoneContato (TTCont_ID, TTCont_DDD, TTCont_Telefone, TTEL_ID) VALUES (768,73,81670667,2);
INSERT INTO T_TelefoneContato (TTCont_ID, TTCont_DDD, TTCont_Telefone, TTEL_ID) VALUES (769,73,98042550,2);
INSERT INTO T_TelefoneContato (TTCont_ID, TTCont_DDD, TTCont_Telefone, TTEL_ID) VALUES (770,73,91138947,2);
INSERT INTO T_TelefoneContato (TTCont_ID, TTCont_DDD, TTCont_Telefone, TTEL_ID) VALUES (771,73,81359021,2);
INSERT INTO T_TelefoneContato (TTCont_ID, TTCont_DDD, TTCont_Telefone, TTEL_ID) VALUES (772,73,81680424,2);
INSERT INTO T_TelefoneContato (TTCont_ID, TTCont_DDD, TTCont_Telefone, TTEL_ID) VALUES (773,73,91986371,2);
INSERT INTO T_TelefoneContato (TTCont_ID, TTCont_DDD, TTCont_Telefone, TTEL_ID) VALUES (774,73,91796004,2);
INSERT INTO T_TelefoneContato (TTCont_ID, TTCont_DDD, TTCont_Telefone, TTEL_ID) VALUES (775,73,81014904,2);
INSERT INTO T_TelefoneContato (TTCont_ID, TTCont_DDD, TTCont_Telefone, TTEL_ID) VALUES (776,73,91351259,2);
INSERT INTO T_TelefoneContato (TTCont_ID, TTCont_DDD, TTCont_Telefone, TTEL_ID) VALUES (777,73,36562028,2);
INSERT INTO T_TelefoneContato (TTCont_ID, TTCont_DDD, TTCont_Telefone, TTEL_ID) VALUES (778,73,88139561,2);
INSERT INTO T_TelefoneContato (TTCont_ID, TTCont_DDD, TTCont_Telefone, TTEL_ID) VALUES (779,73,88033339,2);
INSERT INTO T_TelefoneContato (TTCont_ID, TTCont_DDD, TTCont_Telefone, TTEL_ID) VALUES (780,73,88445271,2);
INSERT INTO T_TelefoneContato (TTCont_ID, TTCont_DDD, TTCont_Telefone, TTEL_ID) VALUES (781,73,91701169,2);
INSERT INTO T_TelefoneContato (TTCont_ID, TTCont_DDD, TTCont_Telefone, TTEL_ID) VALUES (782,73,99505737,2);
INSERT INTO T_TelefoneContato (TTCont_ID, TTCont_DDD, TTCont_Telefone, TTEL_ID) VALUES (783,73,91224004,2);
INSERT INTO T_TelefoneContato (TTCont_ID, TTCont_DDD, TTCont_Telefone, TTEL_ID) VALUES (784,73,88730813,2);
INSERT INTO T_TelefoneContato (TTCont_ID, TTCont_DDD, TTCont_Telefone, TTEL_ID) VALUES (785,73,88730813,2);
INSERT INTO T_TelefoneContato (TTCont_ID, TTCont_DDD, TTCont_Telefone, TTEL_ID) VALUES (786,73,81543880,2);
INSERT INTO T_TelefoneContato (TTCont_ID, TTCont_DDD, TTCont_Telefone, TTEL_ID) VALUES (787,73,99603581,2);
INSERT INTO T_TelefoneContato (TTCont_ID, TTCont_DDD, TTCont_Telefone, TTEL_ID) VALUES (788,73,99868274,2);
INSERT INTO T_TelefoneContato (TTCont_ID, TTCont_DDD, TTCont_Telefone, TTEL_ID) VALUES (789,73,81313747,2);
INSERT INTO T_TelefoneContato (TTCont_ID, TTCont_DDD, TTCont_Telefone, TTEL_ID) VALUES (790,73,81069677,2);
INSERT INTO T_TelefoneContato (TTCont_ID, TTCont_DDD, TTCont_Telefone, TTEL_ID) VALUES (791,73,82370123,2);
INSERT INTO T_TelefoneContato (TTCont_ID, TTCont_DDD, TTCont_Telefone, TTEL_ID) VALUES (792,73,99018819,2);
INSERT INTO T_TelefoneContato (TTCont_ID, TTCont_DDD, TTCont_Telefone, TTEL_ID) VALUES (793,73,81432365,2);
INSERT INTO T_TelefoneContato (TTCont_ID, TTCont_DDD, TTCont_Telefone, TTEL_ID) VALUES (794,73,99730769,2);
INSERT INTO T_TelefoneContato (TTCont_ID, TTCont_DDD, TTCont_Telefone, TTEL_ID) VALUES (795,73,91040421,2);
INSERT INTO T_TelefoneContato (TTCont_ID, TTCont_DDD, TTCont_Telefone, TTEL_ID) VALUES (796,73,81880951,2);
INSERT INTO T_TelefoneContato (TTCont_ID, TTCont_DDD, TTCont_Telefone, TTEL_ID) VALUES (797,73,99534790,2);
INSERT INTO T_TelefoneContato (TTCont_ID, TTCont_DDD, TTCont_Telefone, TTEL_ID) VALUES (798,73,91428553,2);
INSERT INTO T_TelefoneContato (TTCont_ID, TTCont_DDD, TTCont_Telefone, TTEL_ID) VALUES (799,73,81971956,2);
INSERT INTO T_TelefoneContato (TTCont_ID, TTCont_DDD, TTCont_Telefone, TTEL_ID) VALUES (800,73,99730767,2);
INSERT INTO T_TelefoneContato (TTCont_ID, TTCont_DDD, TTCont_Telefone, TTEL_ID) VALUES (801,73,81180601,2);
INSERT INTO T_TelefoneContato (TTCont_ID, TTCont_DDD, TTCont_Telefone, TTEL_ID) VALUES (802,73,81327970,2);
INSERT INTO T_TelefoneContato (TTCont_ID, TTCont_DDD, TTCont_Telefone, TTEL_ID) VALUES (803,73,99631270,2);
INSERT INTO T_TelefoneContato (TTCont_ID, TTCont_DDD, TTCont_Telefone, TTEL_ID) VALUES (804,73,88493772,2);
INSERT INTO T_TelefoneContato (TTCont_ID, TTCont_DDD, TTCont_Telefone, TTEL_ID) VALUES (805,73,99798321,2);
INSERT INTO T_TelefoneContato (TTCont_ID, TTCont_DDD, TTCont_Telefone, TTEL_ID) VALUES (806,73,91439384,2);
INSERT INTO T_TelefoneContato (TTCont_ID, TTCont_DDD, TTCont_Telefone, TTEL_ID) VALUES (807,73,91540760,2);
INSERT INTO T_TelefoneContato (TTCont_ID, TTCont_DDD, TTCont_Telefone, TTEL_ID) VALUES (808,73,91287939,2);
INSERT INTO T_TelefoneContato (TTCont_ID, TTCont_DDD, TTCont_Telefone, TTEL_ID) VALUES (809,73,99263513,2);
INSERT INTO T_TelefoneContato (TTCont_ID, TTCont_DDD, TTCont_Telefone, TTEL_ID) VALUES (810,73,82226141,2);
INSERT INTO T_TelefoneContato (TTCont_ID, TTCont_DDD, TTCont_Telefone, TTEL_ID) VALUES (811,73,98286580,2);
INSERT INTO T_TelefoneContato (TTCont_ID, TTCont_DDD, TTCont_Telefone, TTEL_ID) VALUES (812,73,99147561,2);
INSERT INTO T_TelefoneContato (TTCont_ID, TTCont_DDD, TTCont_Telefone, TTEL_ID) VALUES (813,73,88283760,2);
INSERT INTO T_TelefoneContato (TTCont_ID, TTCont_DDD, TTCont_Telefone, TTEL_ID) VALUES (814,71,91090898,2);
INSERT INTO T_TelefoneContato (TTCont_ID, TTCont_DDD, TTCont_Telefone, TTEL_ID) VALUES (815,73,98061381,2);
INSERT INTO T_TelefoneContato (TTCont_ID, TTCont_DDD, TTCont_Telefone, TTEL_ID) VALUES (816,73,81273112,2);
INSERT INTO T_TelefoneContato (TTCont_ID, TTCont_DDD, TTCont_Telefone, TTEL_ID) VALUES (817,73,81568666,2);
INSERT INTO T_TelefoneContato (TTCont_ID, TTCont_DDD, TTCont_Telefone, TTEL_ID) VALUES (818,73,81454407,2);
INSERT INTO T_TelefoneContato (TTCont_ID, TTCont_DDD, TTCont_Telefone, TTEL_ID) VALUES (819,73,81268464,2);
INSERT INTO T_TelefoneContato (TTCont_ID, TTCont_DDD, TTCont_Telefone, TTEL_ID) VALUES (820,73,81655628,2);
INSERT INTO T_TelefoneContato (TTCont_ID, TTCont_DDD, TTCont_Telefone, TTEL_ID) VALUES (821,73,88955308,2);
INSERT INTO T_TelefoneContato (TTCont_ID, TTCont_DDD, TTCont_Telefone, TTEL_ID) VALUES (822,73,81272143,2);
INSERT INTO T_TelefoneContato (TTCont_ID, TTCont_DDD, TTCont_Telefone, TTEL_ID) VALUES (823,73,81135988,2);
INSERT INTO T_TelefoneContato (TTCont_ID, TTCont_DDD, TTCont_Telefone, TTEL_ID) VALUES (824,73,99315057,2);
INSERT INTO T_TelefoneContato (TTCont_ID, TTCont_DDD, TTCont_Telefone, TTEL_ID) VALUES (825,73,91035589,2);
INSERT INTO T_TelefoneContato (TTCont_ID, TTCont_DDD, TTCont_Telefone, TTEL_ID) VALUES (826,73,91796004,2);
INSERT INTO T_TelefoneContato (TTCont_ID, TTCont_DDD, TTCont_Telefone, TTEL_ID) VALUES (827,73,98155215,2);
INSERT INTO T_TelefoneContato (TTCont_ID, TTCont_DDD, TTCont_Telefone, TTEL_ID) VALUES (828,73,82371882,2);
INSERT INTO T_TelefoneContato (TTCont_ID, TTCont_DDD, TTCont_Telefone, TTEL_ID) VALUES (829,73,99953894,2);
INSERT INTO T_TelefoneContato (TTCont_ID, TTCont_DDD, TTCont_Telefone, TTEL_ID) VALUES (830,73,99301064,2);
INSERT INTO T_TelefoneContato (TTCont_ID, TTCont_DDD, TTCont_Telefone, TTEL_ID) VALUES (831,73,91314484,2);
INSERT INTO T_TelefoneContato (TTCont_ID, TTCont_DDD, TTCont_Telefone, TTEL_ID) VALUES (832,73,99717046,2);
INSERT INTO T_TelefoneContato (TTCont_ID, TTCont_DDD, TTCont_Telefone, TTEL_ID) VALUES (833,73,91226226,2);
INSERT INTO T_TelefoneContato (TTCont_ID, TTCont_DDD, TTCont_Telefone, TTEL_ID) VALUES (834,73,82197429,2);
INSERT INTO T_TelefoneContato (TTCont_ID, TTCont_DDD, TTCont_Telefone, TTEL_ID) VALUES (835,73,91040315,2);
INSERT INTO T_TelefoneContato (TTCont_ID, TTCont_DDD, TTCont_Telefone, TTEL_ID) VALUES (836,73,82318852,2);
INSERT INTO T_TelefoneContato (TTCont_ID, TTCont_DDD, TTCont_Telefone, TTEL_ID) VALUES (837,73,81185149,2);
INSERT INTO T_TelefoneContato (TTCont_ID, TTCont_DDD, TTCont_Telefone, TTEL_ID) VALUES (838,73,99554199,2);
INSERT INTO T_TelefoneContato (TTCont_ID, TTCont_DDD, TTCont_Telefone, TTEL_ID) VALUES (839,73,99908322,2);
INSERT INTO T_TelefoneContato (TTCont_ID, TTCont_DDD, TTCont_Telefone, TTEL_ID) VALUES (840,73,81853199,2);
INSERT INTO T_TelefoneContato (TTCont_ID, TTCont_DDD, TTCont_Telefone, TTEL_ID) VALUES (841,73,99129235,2);
INSERT INTO T_TelefoneContato (TTCont_ID, TTCont_DDD, TTCont_Telefone, TTEL_ID) VALUES (842,73,81041087,2);
INSERT INTO T_TelefoneContato (TTCont_ID, TTCont_DDD, TTCont_Telefone, TTEL_ID) VALUES (843,73,99554199,2);
INSERT INTO T_TelefoneContato (TTCont_ID, TTCont_DDD, TTCont_Telefone, TTEL_ID) VALUES (844,73,91452478,2);
INSERT INTO T_TelefoneContato (TTCont_ID, TTCont_DDD, TTCont_Telefone, TTEL_ID) VALUES (845,73,81160688,2);
INSERT INTO T_TelefoneContato (TTCont_ID, TTCont_DDD, TTCont_Telefone, TTEL_ID) VALUES (846,73,99832172,2);
INSERT INTO T_TelefoneContato (TTCont_ID, TTCont_DDD, TTCont_Telefone, TTEL_ID) VALUES (847,73,99074341,2);
INSERT INTO T_TelefoneContato (TTCont_ID, TTCont_DDD, TTCont_Telefone, TTEL_ID) VALUES (848,73,88420137,2);
INSERT INTO T_TelefoneContato (TTCont_ID, TTCont_DDD, TTCont_Telefone, TTEL_ID) VALUES (849,73,91154139,2);
INSERT INTO T_TelefoneContato (TTCont_ID, TTCont_DDD, TTCont_Telefone, TTEL_ID) VALUES (850,73,99306327,2);
INSERT INTO T_TelefoneContato (TTCont_ID, TTCont_DDD, TTCont_Telefone, TTEL_ID) VALUES (851,73,81870406,2);
INSERT INTO T_TelefoneContato (TTCont_ID, TTCont_DDD, TTCont_Telefone, TTEL_ID) VALUES (852,73,88153539,2);
INSERT INTO T_TelefoneContato (TTCont_ID, TTCont_DDD, TTCont_Telefone, TTEL_ID) VALUES (853,73,81305090,2);
INSERT INTO T_TelefoneContato (TTCont_ID, TTCont_DDD, TTCont_Telefone, TTEL_ID) VALUES (854,73,99533406,2);
INSERT INTO T_TelefoneContato (TTCont_ID, TTCont_DDD, TTCont_Telefone, TTEL_ID) VALUES (855,73,99862166,2);
INSERT INTO T_TelefoneContato (TTCont_ID, TTCont_DDD, TTCont_Telefone, TTEL_ID) VALUES (856,73,99590413,2);
INSERT INTO T_TelefoneContato (TTCont_ID, TTCont_DDD, TTCont_Telefone, TTEL_ID) VALUES (857,73,91166668,2);
INSERT INTO T_TelefoneContato (TTCont_ID, TTCont_DDD, TTCont_Telefone, TTEL_ID) VALUES (858,73,91395502,2);
INSERT INTO T_TelefoneContato (TTCont_ID, TTCont_DDD, TTCont_Telefone, TTEL_ID) VALUES (859,73,99687815,2);
INSERT INTO T_TelefoneContato (TTCont_ID, TTCont_DDD, TTCont_Telefone, TTEL_ID) VALUES (860,73,82814394,2);
INSERT INTO T_TelefoneContato (TTCont_ID, TTCont_DDD, TTCont_Telefone, TTEL_ID) VALUES (861,73,81339645,2);
INSERT INTO T_TelefoneContato (TTCont_ID, TTCont_DDD, TTCont_Telefone, TTEL_ID) VALUES (862,73,81546560,2);
INSERT INTO T_TelefoneContato (TTCont_ID, TTCont_DDD, TTCont_Telefone, TTEL_ID) VALUES (863,73,99557603,2);
INSERT INTO T_TelefoneContato (TTCont_ID, TTCont_DDD, TTCont_Telefone, TTEL_ID) VALUES (864,73,98207930,2);
INSERT INTO T_TelefoneContato (TTCont_ID, TTCont_DDD, TTCont_Telefone, TTEL_ID) VALUES (865,73,81530254,2);
INSERT INTO T_TelefoneContato (TTCont_ID, TTCont_DDD, TTCont_Telefone, TTEL_ID) VALUES (866,73,99623276,2);
INSERT INTO T_TelefoneContato (TTCont_ID, TTCont_DDD, TTCont_Telefone, TTEL_ID) VALUES (867,73,88765266,2);
INSERT INTO T_TelefoneContato (TTCont_ID, TTCont_DDD, TTCont_Telefone, TTEL_ID) VALUES (868,73,81216762,2);
INSERT INTO T_TelefoneContato (TTCont_ID, TTCont_DDD, TTCont_Telefone, TTEL_ID) VALUES (869,73,99158719,2);
INSERT INTO T_TelefoneContato (TTCont_ID, TTCont_DDD, TTCont_Telefone, TTEL_ID) VALUES (870,73,99386126,2);
INSERT INTO T_TelefoneContato (TTCont_ID, TTCont_DDD, TTCont_Telefone, TTEL_ID) VALUES (871,73,88347045,2);
INSERT INTO T_TelefoneContato (TTCont_ID, TTCont_DDD, TTCont_Telefone, TTEL_ID) VALUES (872,73,99696513,2);
INSERT INTO T_TelefoneContato (TTCont_ID, TTCont_DDD, TTCont_Telefone, TTEL_ID) VALUES (873,73,91587979,2);
INSERT INTO T_TelefoneContato (TTCont_ID, TTCont_DDD, TTCont_Telefone, TTEL_ID) VALUES (874,73,99644725,2);
INSERT INTO T_TelefoneContato (TTCont_ID, TTCont_DDD, TTCont_Telefone, TTEL_ID) VALUES (875,73,36562015,2);
INSERT INTO T_TelefoneContato (TTCont_ID, TTCont_DDD, TTCont_Telefone, TTEL_ID) VALUES (876,73,99968302,2);
INSERT INTO T_TelefoneContato (TTCont_ID, TTCont_DDD, TTCont_Telefone, TTEL_ID) VALUES (877,73,81891652,2);
INSERT INTO T_TelefoneContato (TTCont_ID, TTCont_DDD, TTCont_Telefone, TTEL_ID) VALUES (878,73,98163491,2);
INSERT INTO T_TelefoneContato (TTCont_ID, TTCont_DDD, TTCont_Telefone, TTEL_ID) VALUES (879,73,81401790,2);
INSERT INTO T_TelefoneContato (TTCont_ID, TTCont_DDD, TTCont_Telefone, TTEL_ID) VALUES (880,73,81887316,2);
INSERT INTO T_TelefoneContato (TTCont_ID, TTCont_DDD, TTCont_Telefone, TTEL_ID) VALUES (881,73,81657909,2);
INSERT INTO T_TelefoneContato (TTCont_ID, TTCont_DDD, TTCont_Telefone, TTEL_ID) VALUES (882,73,99841480,2);
INSERT INTO T_TelefoneContato (TTCont_ID, TTCont_DDD, TTCont_Telefone, TTEL_ID) VALUES (883,73,81789881,2);
INSERT INTO T_TelefoneContato (TTCont_ID, TTCont_DDD, TTCont_Telefone, TTEL_ID) VALUES (884,73,81847304,2);
INSERT INTO T_TelefoneContato (TTCont_ID, TTCont_DDD, TTCont_Telefone, TTEL_ID) VALUES (885,73,99340392,2);
INSERT INTO T_TelefoneContato (TTCont_ID, TTCont_DDD, TTCont_Telefone, TTEL_ID) VALUES (886,73,99681495,2);
INSERT INTO T_TelefoneContato (TTCont_ID, TTCont_DDD, TTCont_Telefone, TTEL_ID) VALUES (887,73,81041778,2);
INSERT INTO T_TelefoneContato (TTCont_ID, TTCont_DDD, TTCont_Telefone, TTEL_ID) VALUES (888,73,81012643,2);
INSERT INTO T_TelefoneContato (TTCont_ID, TTCont_DDD, TTCont_Telefone, TTEL_ID) VALUES (889,73,99307373,2);
INSERT INTO T_TelefoneContato (TTCont_ID, TTCont_DDD, TTCont_Telefone, TTEL_ID) VALUES (890,73,99050217,2);
INSERT INTO T_TelefoneContato (TTCont_ID, TTCont_DDD, TTCont_Telefone, TTEL_ID) VALUES (891,73,81764651,2);
INSERT INTO T_TelefoneContato (TTCont_ID, TTCont_DDD, TTCont_Telefone, TTEL_ID) VALUES (892,73,99684491,2);
INSERT INTO T_TelefoneContato (TTCont_ID, TTCont_DDD, TTCont_Telefone, TTEL_ID) VALUES (893,73,81305090,2);
INSERT INTO T_TelefoneContato (TTCont_ID, TTCont_DDD, TTCont_Telefone, TTEL_ID) VALUES (894,73,81997457,2);
INSERT INTO T_TelefoneContato (TTCont_ID, TTCont_DDD, TTCont_Telefone, TTEL_ID) VALUES (895,73,91679402,2);
INSERT INTO T_TelefoneContato (TTCont_ID, TTCont_DDD, TTCont_Telefone, TTEL_ID) VALUES (896,73,88127610,2);
INSERT INTO T_TelefoneContato (TTCont_ID, TTCont_DDD, TTCont_Telefone, TTEL_ID) VALUES (897,73,81738698,2);
INSERT INTO T_TelefoneContato (TTCont_ID, TTCont_DDD, TTCont_Telefone, TTEL_ID) VALUES (898,73,82133279,2);
INSERT INTO T_TelefoneContato (TTCont_ID, TTCont_DDD, TTCont_Telefone, TTEL_ID) VALUES (899,73,82177263,2);
INSERT INTO T_TelefoneContato (TTCont_ID, TTCont_DDD, TTCont_Telefone, TTEL_ID) VALUES (900,73,99417764,2);
INSERT INTO T_TelefoneContato (TTCont_ID, TTCont_DDD, TTCont_Telefone, TTEL_ID) VALUES (901,73,91439472,2);
INSERT INTO T_TelefoneContato (TTCont_ID, TTCont_DDD, TTCont_Telefone, TTEL_ID) VALUES (902,73,91547128,2);
INSERT INTO T_TelefoneContato (TTCont_ID, TTCont_DDD, TTCont_Telefone, TTEL_ID) VALUES (903,73,81207221,2);
INSERT INTO T_TelefoneContato (TTCont_ID, TTCont_DDD, TTCont_Telefone, TTEL_ID) VALUES (904,73,88053626,2);
INSERT INTO T_TelefoneContato (TTCont_ID, TTCont_DDD, TTCont_Telefone, TTEL_ID) VALUES (905,73,81592684,2);
INSERT INTO T_TelefoneContato (TTCont_ID, TTCont_DDD, TTCont_Telefone, TTEL_ID) VALUES (906,73,81823048,2);
INSERT INTO T_TelefoneContato (TTCont_ID, TTCont_DDD, TTCont_Telefone, TTEL_ID) VALUES (907,73,99898984,2);
INSERT INTO T_TelefoneContato (TTCont_ID, TTCont_DDD, TTCont_Telefone, TTEL_ID) VALUES (908,73,81295934,2);
INSERT INTO T_TelefoneContato (TTCont_ID, TTCont_DDD, TTCont_Telefone, TTEL_ID) VALUES (909,73,98290259,2);
INSERT INTO T_TelefoneContato (TTCont_ID, TTCont_DDD, TTCont_Telefone, TTEL_ID) VALUES (910,73,81286729,2);
INSERT INTO T_TelefoneContato (TTCont_ID, TTCont_DDD, TTCont_Telefone, TTEL_ID) VALUES (911,73,88955308,2);
INSERT INTO T_TelefoneContato (TTCont_ID, TTCont_DDD, TTCont_Telefone, TTEL_ID) VALUES (912,73,88258738,2);
INSERT INTO T_TelefoneContato (TTCont_ID, TTCont_DDD, TTCont_Telefone, TTEL_ID) VALUES (913,73,36333854,2);
INSERT INTO T_TelefoneContato (TTCont_ID, TTCont_DDD, TTCont_Telefone, TTEL_ID) VALUES (914,73,99373980,2);
INSERT INTO T_TelefoneContato (TTCont_ID, TTCont_DDD, TTCont_Telefone, TTEL_ID) VALUES (915,73,81386415,2);
INSERT INTO T_TelefoneContato (TTCont_ID, TTCont_DDD, TTCont_Telefone, TTEL_ID) VALUES (916,73,81702635,2);
INSERT INTO T_TelefoneContato (TTCont_ID, TTCont_DDD, TTCont_Telefone, TTEL_ID) VALUES (917,73,81102214,2);
INSERT INTO T_TelefoneContato (TTCont_ID, TTCont_DDD, TTCont_Telefone, TTEL_ID) VALUES (918,73,91320491,2);
INSERT INTO T_TelefoneContato (TTCont_ID, TTCont_DDD, TTCont_Telefone, TTEL_ID) VALUES (919,73,81874761,2);
INSERT INTO T_TelefoneContato (TTCont_ID, TTCont_DDD, TTCont_Telefone, TTEL_ID) VALUES (920,73,81237003,2);
INSERT INTO T_TelefoneContato (TTCont_ID, TTCont_DDD, TTCont_Telefone, TTEL_ID) VALUES (921,73,99154122,2);
INSERT INTO T_TelefoneContato (TTCont_ID, TTCont_DDD, TTCont_Telefone, TTEL_ID) VALUES (922,73,81664449,2);
INSERT INTO T_TelefoneContato (TTCont_ID, TTCont_DDD, TTCont_Telefone, TTEL_ID) VALUES (923,73,81660445,2);
INSERT INTO T_TelefoneContato (TTCont_ID, TTCont_DDD, TTCont_Telefone, TTEL_ID) VALUES (924,73,81567074,2);
INSERT INTO T_TelefoneContato (TTCont_ID, TTCont_DDD, TTCont_Telefone, TTEL_ID) VALUES (925,73,88741885,2);
INSERT INTO T_TelefoneContato (TTCont_ID, TTCont_DDD, TTCont_Telefone, TTEL_ID) VALUES (926,73,91941241,2);
INSERT INTO T_TelefoneContato (TTCont_ID, TTCont_DDD, TTCont_Telefone, TTEL_ID) VALUES (927,73,81186225,2);
INSERT INTO T_TelefoneContato (TTCont_ID, TTCont_DDD, TTCont_Telefone, TTEL_ID) VALUES (928,73,91275411,2);
INSERT INTO T_TelefoneContato (TTCont_ID, TTCont_DDD, TTCont_Telefone, TTEL_ID) VALUES (929,73,99516388,2);
INSERT INTO T_TelefoneContato (TTCont_ID, TTCont_DDD, TTCont_Telefone, TTEL_ID) VALUES (930,73,81511524,2);
INSERT INTO T_TelefoneContato (TTCont_ID, TTCont_DDD, TTCont_Telefone, TTEL_ID) VALUES (931,73,82089273,2);
INSERT INTO T_TelefoneContato (TTCont_ID, TTCont_DDD, TTCont_Telefone, TTEL_ID) VALUES (932,73,99634934,2);
INSERT INTO T_TelefoneContato (TTCont_ID, TTCont_DDD, TTCont_Telefone, TTEL_ID) VALUES (933,73,88313772,2);
INSERT INTO T_TelefoneContato (TTCont_ID, TTCont_DDD, TTCont_Telefone, TTEL_ID) VALUES (934,73,81134278,2);
INSERT INTO T_TelefoneContato (TTCont_ID, TTCont_DDD, TTCont_Telefone, TTEL_ID) VALUES (935,73,81613296,2);
INSERT INTO T_TelefoneContato (TTCont_ID, TTCont_DDD, TTCont_Telefone, TTEL_ID) VALUES (936,73,98237685,2);
INSERT INTO T_TelefoneContato (TTCont_ID, TTCont_DDD, TTCont_Telefone, TTEL_ID) VALUES (937,73,91091173,2);
INSERT INTO T_TelefoneContato (TTCont_ID, TTCont_DDD, TTCont_Telefone, TTEL_ID) VALUES (938,73,98078188,2);
INSERT INTO T_TelefoneContato (TTCont_ID, TTCont_DDD, TTCont_Telefone, TTEL_ID) VALUES (939,73,91618889,2);
INSERT INTO T_TelefoneContato (TTCont_ID, TTCont_DDD, TTCont_Telefone, TTEL_ID) VALUES (940,73,91191914,2);
INSERT INTO T_TelefoneContato (TTCont_ID, TTCont_DDD, TTCont_Telefone, TTEL_ID) VALUES (941,73,98728810,2);
INSERT INTO T_TelefoneContato (TTCont_ID, TTCont_DDD, TTCont_Telefone, TTEL_ID) VALUES (942,73,81121705,2);
INSERT INTO T_TelefoneContato (TTCont_ID, TTCont_DDD, TTCont_Telefone, TTEL_ID) VALUES (943,73,81373593,2);
INSERT INTO T_TelefoneContato (TTCont_ID, TTCont_DDD, TTCont_Telefone, TTEL_ID) VALUES (944,73,81590314,2);
INSERT INTO T_TelefoneContato (TTCont_ID, TTCont_DDD, TTCont_Telefone, TTEL_ID) VALUES (945,73,91618889,2);
INSERT INTO T_TelefoneContato (TTCont_ID, TTCont_DDD, TTCont_Telefone, TTEL_ID) VALUES (946,73,82131131,2);
INSERT INTO T_TelefoneContato (TTCont_ID, TTCont_DDD, TTCont_Telefone, TTEL_ID) VALUES (947,73,91366503,2);
INSERT INTO T_TelefoneContato (TTCont_ID, TTCont_DDD, TTCont_Telefone, TTEL_ID) VALUES (948,73,91565546,2);
INSERT INTO T_TelefoneContato (TTCont_ID, TTCont_DDD, TTCont_Telefone, TTEL_ID) VALUES (949,73,99315057,2);
INSERT INTO T_TelefoneContato (TTCont_ID, TTCont_DDD, TTCont_Telefone, TTEL_ID) VALUES (950,73,99651921,2);
INSERT INTO T_TelefoneContato (TTCont_ID, TTCont_DDD, TTCont_Telefone, TTEL_ID) VALUES (951,73,81189034,2);
INSERT INTO T_TelefoneContato (TTCont_ID, TTCont_DDD, TTCont_Telefone, TTEL_ID) VALUES (952,73,91796972,2);
INSERT INTO T_TelefoneContato (TTCont_ID, TTCont_DDD, TTCont_Telefone, TTEL_ID) VALUES (953,73,81219133,2);
INSERT INTO T_TelefoneContato (TTCont_ID, TTCont_DDD, TTCont_Telefone, TTEL_ID) VALUES (954,73,99731894,2);
INSERT INTO T_TelefoneContato (TTCont_ID, TTCont_DDD, TTCont_Telefone, TTEL_ID) VALUES (955,71,81540466,2);
INSERT INTO T_TelefoneContato (TTCont_ID, TTCont_DDD, TTCont_Telefone, TTEL_ID) VALUES (956,73,82106907,2);
INSERT INTO T_TelefoneContato (TTCont_ID, TTCont_DDD, TTCont_Telefone, TTEL_ID) VALUES (957,73,88267842,2);
INSERT INTO T_TelefoneContato (TTCont_ID, TTCont_DDD, TTCont_Telefone, TTEL_ID) VALUES (958,73,98143531,2);
INSERT INTO T_TelefoneContato (TTCont_ID, TTCont_DDD, TTCont_Telefone, TTEL_ID) VALUES (959,73,81154800,2);
INSERT INTO T_TelefoneContato (TTCont_ID, TTCont_DDD, TTCont_Telefone, TTEL_ID) VALUES (960,73,81355457,2);
INSERT INTO T_TelefoneContato (TTCont_ID, TTCont_DDD, TTCont_Telefone, TTEL_ID) VALUES (961,73,99765266,2);
INSERT INTO T_TelefoneContato (TTCont_ID, TTCont_DDD, TTCont_Telefone, TTEL_ID) VALUES (962,73,82050152,2);
INSERT INTO T_TelefoneContato (TTCont_ID, TTCont_DDD, TTCont_Telefone, TTEL_ID) VALUES (963,73,98136740,2);
INSERT INTO T_TelefoneContato (TTCont_ID, TTCont_DDD, TTCont_Telefone, TTEL_ID) VALUES (964,73,88588210,2);
INSERT INTO T_TelefoneContato (TTCont_ID, TTCont_DDD, TTCont_Telefone, TTEL_ID) VALUES (965,73,91207531,2);
INSERT INTO T_TelefoneContato (TTCont_ID, TTCont_DDD, TTCont_Telefone, TTEL_ID) VALUES (966,73,98276277,2);
INSERT INTO T_TelefoneContato (TTCont_ID, TTCont_DDD, TTCont_Telefone, TTEL_ID) VALUES (967,73,81273013,2);
INSERT INTO T_TelefoneContato (TTCont_ID, TTCont_DDD, TTCont_Telefone, TTEL_ID) VALUES (968,73,82012805,2);
INSERT INTO T_TelefoneContato (TTCont_ID, TTCont_DDD, TTCont_Telefone, TTEL_ID) VALUES (969,73,81628540,2);
INSERT INTO T_TelefoneContato (TTCont_ID, TTCont_DDD, TTCont_Telefone, TTEL_ID) VALUES (970,73,88532511,2);
INSERT INTO T_TelefoneContato (TTCont_ID, TTCont_DDD, TTCont_Telefone, TTEL_ID) VALUES (971,73,91311216,2);
INSERT INTO T_TelefoneContato (TTCont_ID, TTCont_DDD, TTCont_Telefone, TTEL_ID) VALUES (972,73,99396383,2);
INSERT INTO T_TelefoneContato (TTCont_ID, TTCont_DDD, TTCont_Telefone, TTEL_ID) VALUES (973,73,81795211,2);
INSERT INTO T_TelefoneContato (TTCont_ID, TTCont_DDD, TTCont_Telefone, TTEL_ID) VALUES (974,73,81070173,2);
INSERT INTO T_TelefoneContato (TTCont_ID, TTCont_DDD, TTCont_Telefone, TTEL_ID) VALUES (975,73,88151037,2);
INSERT INTO T_TelefoneContato (TTCont_ID, TTCont_DDD, TTCont_Telefone, TTEL_ID) VALUES (976,73,88885859,2);
INSERT INTO T_TelefoneContato (TTCont_ID, TTCont_DDD, TTCont_Telefone, TTEL_ID) VALUES (977,73,81116823,2);
INSERT INTO T_TelefoneContato (TTCont_ID, TTCont_DDD, TTCont_Telefone, TTEL_ID) VALUES (978,73,98288985,2);
INSERT INTO T_TelefoneContato (TTCont_ID, TTCont_DDD, TTCont_Telefone, TTEL_ID) VALUES (979,73,81831363,2);
INSERT INTO T_TelefoneContato (TTCont_ID, TTCont_DDD, TTCont_Telefone, TTEL_ID) VALUES (980,73,98169509,2);
INSERT INTO T_TelefoneContato (TTCont_ID, TTCont_DDD, TTCont_Telefone, TTEL_ID) VALUES (981,73,88741703,2);
INSERT INTO T_TelefoneContato (TTCont_ID, TTCont_DDD, TTCont_Telefone, TTEL_ID) VALUES (982,73,88716083,2);
INSERT INTO T_TelefoneContato (TTCont_ID, TTCont_DDD, TTCont_Telefone, TTEL_ID) VALUES (983,73,99499366,2);
INSERT INTO T_TelefoneContato (TTCont_ID, TTCont_DDD, TTCont_Telefone, TTEL_ID) VALUES (984,73,81088844,2);
INSERT INTO T_TelefoneContato (TTCont_ID, TTCont_DDD, TTCont_Telefone, TTEL_ID) VALUES (985,73,82350809,2);
INSERT INTO T_TelefoneContato (TTCont_ID, TTCont_DDD, TTCont_Telefone, TTEL_ID) VALUES (986,73,82400392,2);
INSERT INTO T_TelefoneContato (TTCont_ID, TTCont_DDD, TTCont_Telefone, TTEL_ID) VALUES (987,73,91125741,2);
INSERT INTO T_TelefoneContato (TTCont_ID, TTCont_DDD, TTCont_Telefone, TTEL_ID) VALUES (988,73,36566144,2);
INSERT INTO T_TelefoneContato (TTCont_ID, TTCont_DDD, TTCont_Telefone, TTEL_ID) VALUES (989,73,81099722,2);
INSERT INTO T_TelefoneContato (TTCont_ID, TTCont_DDD, TTCont_Telefone, TTEL_ID) VALUES (990,73,99979830,2);
INSERT INTO T_TelefoneContato (TTCont_ID, TTCont_DDD, TTCont_Telefone, TTEL_ID) VALUES (991,73,88114806,2);
INSERT INTO T_TelefoneContato (TTCont_ID, TTCont_DDD, TTCont_Telefone, TTEL_ID) VALUES (992,73,91912940,2);
INSERT INTO T_TelefoneContato (TTCont_ID, TTCont_DDD, TTCont_Telefone, TTEL_ID) VALUES (993,73,99392125,2);
INSERT INTO T_TelefoneContato (TTCont_ID, TTCont_DDD, TTCont_Telefone, TTEL_ID) VALUES (994,73,91525982,2);
INSERT INTO T_TelefoneContato (TTCont_ID, TTCont_DDD, TTCont_Telefone, TTEL_ID) VALUES (995,71,82843618,2);
INSERT INTO T_TelefoneContato (TTCont_ID, TTCont_DDD, TTCont_Telefone, TTEL_ID) VALUES (996,73,88335881,2);
INSERT INTO T_TelefoneContato (TTCont_ID, TTCont_DDD, TTCont_Telefone, TTEL_ID) VALUES (997,73,81194164,2);
INSERT INTO T_TelefoneContato (TTCont_ID, TTCont_DDD, TTCont_Telefone, TTEL_ID) VALUES (998,73,99142863,2);
INSERT INTO T_TelefoneContato (TTCont_ID, TTCont_DDD, TTCont_Telefone, TTEL_ID) VALUES (999,73,81454064,2);
INSERT INTO T_TelefoneContato (TTCont_ID, TTCont_DDD, TTCont_Telefone, TTEL_ID) VALUES (1000,73,81454064,2);
INSERT INTO T_TelefoneContato (TTCont_ID, TTCont_DDD, TTCont_Telefone, TTEL_ID) VALUES (1001,73,88419688,2);
INSERT INTO T_TelefoneContato (TTCont_ID, TTCont_DDD, TTCont_Telefone, TTEL_ID) VALUES (1002,73,81512649,2);
INSERT INTO T_TelefoneContato (TTCont_ID, TTCont_DDD, TTCont_Telefone, TTEL_ID) VALUES (1003,73,82035928,2);
INSERT INTO T_TelefoneContato (TTCont_ID, TTCont_DDD, TTCont_Telefone, TTEL_ID) VALUES (1004,73,91590261,2);
INSERT INTO T_TelefoneContato (TTCont_ID, TTCont_DDD, TTCont_Telefone, TTEL_ID) VALUES (1005,73,81185149,2);
INSERT INTO T_TelefoneContato (TTCont_ID, TTCont_DDD, TTCont_Telefone, TTEL_ID) VALUES (1006,73,99372199,2);
INSERT INTO T_TelefoneContato (TTCont_ID, TTCont_DDD, TTCont_Telefone, TTEL_ID) VALUES (1007,73,81212347,2);
INSERT INTO T_TelefoneContato (TTCont_ID, TTCont_DDD, TTCont_Telefone, TTEL_ID) VALUES (1008,73,91036432,2);
INSERT INTO T_TelefoneContato (TTCont_ID, TTCont_DDD, TTCont_Telefone, TTEL_ID) VALUES (1009,73,98131285,2);
INSERT INTO T_TelefoneContato (TTCont_ID, TTCont_DDD, TTCont_Telefone, TTEL_ID) VALUES (1010,73,82078461,2);
INSERT INTO T_TelefoneContato (TTCont_ID, TTCont_DDD, TTCont_Telefone, TTEL_ID) VALUES (1011,73,81833770,2);
INSERT INTO T_TelefoneContato (TTCont_ID, TTCont_DDD, TTCont_Telefone, TTEL_ID) VALUES (1012,73,88695207,2);
INSERT INTO T_TelefoneContato (TTCont_ID, TTCont_DDD, TTCont_Telefone, TTEL_ID) VALUES (1013,73,36567166,2);
INSERT INTO T_TelefoneContato (TTCont_ID, TTCont_DDD, TTCont_Telefone, TTEL_ID) VALUES (1014,73,81307949,2);
INSERT INTO T_TelefoneContato (TTCont_ID, TTCont_DDD, TTCont_Telefone, TTEL_ID) VALUES (1015,73,81294844,2);
INSERT INTO T_TelefoneContato (TTCont_ID, TTCont_DDD, TTCont_Telefone, TTEL_ID) VALUES (1016,73,81756693,2);
INSERT INTO T_TelefoneContato (TTCont_ID, TTCont_DDD, TTCont_Telefone, TTEL_ID) VALUES (1017,71,81305090,2);
INSERT INTO T_TelefoneContato (TTCont_ID, TTCont_DDD, TTCont_Telefone, TTEL_ID) VALUES (1018,73,36566364,2);
INSERT INTO T_TelefoneContato (TTCont_ID, TTCont_DDD, TTCont_Telefone, TTEL_ID) VALUES (1019,73,91337907,2);
INSERT INTO T_TelefoneContato (TTCont_ID, TTCont_DDD, TTCont_Telefone, TTEL_ID) VALUES (1020,73,88388110,2);
INSERT INTO T_TelefoneContato (TTCont_ID, TTCont_DDD, TTCont_Telefone, TTEL_ID) VALUES (1021,73,81394455,2);
INSERT INTO T_TelefoneContato (TTCont_ID, TTCont_DDD, TTCont_Telefone, TTEL_ID) VALUES (1022,73,82215889,2);
INSERT INTO T_TelefoneContato (TTCont_ID, TTCont_DDD, TTCont_Telefone, TTEL_ID) VALUES (1023,73,81606540,2);
INSERT INTO T_TelefoneContato (TTCont_ID, TTCont_DDD, TTCont_Telefone, TTEL_ID) VALUES (1024,73,81880512,2);
INSERT INTO T_TelefoneContato (TTCont_ID, TTCont_DDD, TTCont_Telefone, TTEL_ID) VALUES (1025,73,91403070,2);
INSERT INTO T_TelefoneContato (TTCont_ID, TTCont_DDD, TTCont_Telefone, TTEL_ID) VALUES (1026,73,91403070,2);
INSERT INTO T_TelefoneContato (TTCont_ID, TTCont_DDD, TTCont_Telefone, TTEL_ID) VALUES (1027,73,81472155,2);
INSERT INTO T_TelefoneContato (TTCont_ID, TTCont_DDD, TTCont_Telefone, TTEL_ID) VALUES (1028,73,82090955,2);
INSERT INTO T_TelefoneContato (TTCont_ID, TTCont_DDD, TTCont_Telefone, TTEL_ID) VALUES (1029,73,98068945,2);
INSERT INTO T_TelefoneContato (TTCont_ID, TTCont_DDD, TTCont_Telefone, TTEL_ID) VALUES (1030,73,99270968,2);
INSERT INTO T_TelefoneContato (TTCont_ID, TTCont_DDD, TTCont_Telefone, TTEL_ID) VALUES (1031,73,88387636,2);
INSERT INTO T_TelefoneContato (TTCont_ID, TTCont_DDD, TTCont_Telefone, TTEL_ID) VALUES (1032,73,99615315,2);
INSERT INTO T_TelefoneContato (TTCont_ID, TTCont_DDD, TTCont_Telefone, TTEL_ID) VALUES (1033,73,82256651,2);
INSERT INTO T_TelefoneContato (TTCont_ID, TTCont_DDD, TTCont_Telefone, TTEL_ID) VALUES (1034,73,91223040,2);
INSERT INTO T_TelefoneContato (TTCont_ID, TTCont_DDD, TTCont_Telefone, TTEL_ID) VALUES (1035,73,81286729,2);
INSERT INTO T_TelefoneContato (TTCont_ID, TTCont_DDD, TTCont_Telefone, TTEL_ID) VALUES (1036,73,99021455,2);
INSERT INTO T_TelefoneContato (TTCont_ID, TTCont_DDD, TTCont_Telefone, TTEL_ID) VALUES (1037,73,88273690,2);
INSERT INTO T_TelefoneContato (TTCont_ID, TTCont_DDD, TTCont_Telefone, TTEL_ID) VALUES (1038,73,81051757,2);
INSERT INTO T_TelefoneContato (TTCont_ID, TTCont_DDD, TTCont_Telefone, TTEL_ID) VALUES (1039,73,81236951,2);
INSERT INTO T_TelefoneContato (TTCont_ID, TTCont_DDD, TTCont_Telefone, TTEL_ID) VALUES (1040,73,81472155,2);
INSERT INTO T_TelefoneContato (TTCont_ID, TTCont_DDD, TTCont_Telefone, TTEL_ID) VALUES (1041,73,82367669,2);
INSERT INTO T_TelefoneContato (TTCont_ID, TTCont_DDD, TTCont_Telefone, TTEL_ID) VALUES (1042,73,81225385,2);
INSERT INTO T_TelefoneContato (TTCont_ID, TTCont_DDD, TTCont_Telefone, TTEL_ID) VALUES (1043,73,88229824,2);
INSERT INTO T_TelefoneContato (TTCont_ID, TTCont_DDD, TTCont_Telefone, TTEL_ID) VALUES (1044,73,99890665,2);
INSERT INTO T_TelefoneContato (TTCont_ID, TTCont_DDD, TTCont_Telefone, TTEL_ID) VALUES (1045,73,32127778,2);
INSERT INTO T_TelefoneContato (TTCont_ID, TTCont_DDD, TTCont_Telefone, TTEL_ID) VALUES (1046,73,88224127,2);
INSERT INTO T_TelefoneContato (TTCont_ID, TTCont_DDD, TTCont_Telefone, TTEL_ID) VALUES (1047,73,81905732,2);
INSERT INTO T_TelefoneContato (TTCont_ID, TTCont_DDD, TTCont_Telefone, TTEL_ID) VALUES (1048,73,81085664,2);
INSERT INTO T_TelefoneContato (TTCont_ID, TTCont_DDD, TTCont_Telefone, TTEL_ID) VALUES (1049,73,99534508,2);
INSERT INTO T_TelefoneContato (TTCont_ID, TTCont_DDD, TTCont_Telefone, TTEL_ID) VALUES (1050,73,91565546,2);
INSERT INTO T_TelefoneContato (TTCont_ID, TTCont_DDD, TTCont_Telefone, TTEL_ID) VALUES (1051,73,88068695,2);
INSERT INTO T_TelefoneContato (TTCont_ID, TTCont_DDD, TTCont_Telefone, TTEL_ID) VALUES (1052,73,82237017,2);
INSERT INTO T_TelefoneContato (TTCont_ID, TTCont_DDD, TTCont_Telefone, TTEL_ID) VALUES (1053,73,88577138,2);
INSERT INTO T_TelefoneContato (TTCont_ID, TTCont_DDD, TTCont_Telefone, TTEL_ID) VALUES (1054,73,88258851,2);
INSERT INTO T_TelefoneContato (TTCont_ID, TTCont_DDD, TTCont_Telefone, TTEL_ID) VALUES (1055,73,88566129,2);
INSERT INTO T_TelefoneContato (TTCont_ID, TTCont_DDD, TTCont_Telefone, TTEL_ID) VALUES (1056,73,88395867,2);
INSERT INTO T_TelefoneContato (TTCont_ID, TTCont_DDD, TTCont_Telefone, TTEL_ID) VALUES (1057,73,81209995,2);
INSERT INTO T_TelefoneContato (TTCont_ID, TTCont_DDD, TTCont_Telefone, TTEL_ID) VALUES (1058,73,88893788,2);
INSERT INTO T_TelefoneContato (TTCont_ID, TTCont_DDD, TTCont_Telefone, TTEL_ID) VALUES (1059,73,98088238,2);
INSERT INTO T_TelefoneContato (TTCont_ID, TTCont_DDD, TTCont_Telefone, TTEL_ID) VALUES (1060,73,98088238,2);
INSERT INTO T_TelefoneContato (TTCont_ID, TTCont_DDD, TTCont_Telefone, TTEL_ID) VALUES (1061,73,81000015,2);
INSERT INTO T_TelefoneContato (TTCont_ID, TTCont_DDD, TTCont_Telefone, TTEL_ID) VALUES (1062,73,81631282,2);
INSERT INTO T_TelefoneContato (TTCont_ID, TTCont_DDD, TTCont_Telefone, TTEL_ID) VALUES (1063,73,81148989,2);
INSERT INTO T_TelefoneContato (TTCont_ID, TTCont_DDD, TTCont_Telefone, TTEL_ID) VALUES (1064,73,88060283,2);


--Pescador Has Telefones
INSERT INTO T_Pescador_has_T_TelefoneContato (TP_ID, TTCont_ID) VALUES (1604,309);
INSERT INTO T_Pescador_has_T_TelefoneContato (TP_ID, TTCont_ID) VALUES (1094,310);
INSERT INTO T_Pescador_has_T_TelefoneContato (TP_ID, TTCont_ID) VALUES (1005,1);
INSERT INTO T_Pescador_has_T_TelefoneContato (TP_ID, TTCont_ID) VALUES (959,2);
INSERT INTO T_Pescador_has_T_TelefoneContato (TP_ID, TTCont_ID) VALUES (979,3);
INSERT INTO T_Pescador_has_T_TelefoneContato (TP_ID, TTCont_ID) VALUES (1848,311);
INSERT INTO T_Pescador_has_T_TelefoneContato (TP_ID, TTCont_ID) VALUES (1883,312);
INSERT INTO T_Pescador_has_T_TelefoneContato (TP_ID, TTCont_ID) VALUES (1955,4);
INSERT INTO T_Pescador_has_T_TelefoneContato (TP_ID, TTCont_ID) VALUES (1955,313);
INSERT INTO T_Pescador_has_T_TelefoneContato (TP_ID, TTCont_ID) VALUES (815,314);
INSERT INTO T_Pescador_has_T_TelefoneContato (TP_ID, TTCont_ID) VALUES (976,5);
INSERT INTO T_Pescador_has_T_TelefoneContato (TP_ID, TTCont_ID) VALUES (482,315);
INSERT INTO T_Pescador_has_T_TelefoneContato (TP_ID, TTCont_ID) VALUES (1462,316);
INSERT INTO T_Pescador_has_T_TelefoneContato (TP_ID, TTCont_ID) VALUES (1390,317);
INSERT INTO T_Pescador_has_T_TelefoneContato (TP_ID, TTCont_ID) VALUES (804,6);
INSERT INTO T_Pescador_has_T_TelefoneContato (TP_ID, TTCont_ID) VALUES (1952,7);
INSERT INTO T_Pescador_has_T_TelefoneContato (TP_ID, TTCont_ID) VALUES (1952,318);
INSERT INTO T_Pescador_has_T_TelefoneContato (TP_ID, TTCont_ID) VALUES (768,319);
INSERT INTO T_Pescador_has_T_TelefoneContato (TP_ID, TTCont_ID) VALUES (904,320);
INSERT INTO T_Pescador_has_T_TelefoneContato (TP_ID, TTCont_ID) VALUES (1438,321);
INSERT INTO T_Pescador_has_T_TelefoneContato (TP_ID, TTCont_ID) VALUES (1048,8);
INSERT INTO T_Pescador_has_T_TelefoneContato (TP_ID, TTCont_ID) VALUES (1048,322);
INSERT INTO T_Pescador_has_T_TelefoneContato (TP_ID, TTCont_ID) VALUES (1721,323);
INSERT INTO T_Pescador_has_T_TelefoneContato (TP_ID, TTCont_ID) VALUES (1776,324);
INSERT INTO T_Pescador_has_T_TelefoneContato (TP_ID, TTCont_ID) VALUES (1835,325);
INSERT INTO T_Pescador_has_T_TelefoneContato (TP_ID, TTCont_ID) VALUES (1787,9);
INSERT INTO T_Pescador_has_T_TelefoneContato (TP_ID, TTCont_ID) VALUES (1787,326);
INSERT INTO T_Pescador_has_T_TelefoneContato (TP_ID, TTCont_ID) VALUES (1281,10);
INSERT INTO T_Pescador_has_T_TelefoneContato (TP_ID, TTCont_ID) VALUES (1281,327);
INSERT INTO T_Pescador_has_T_TelefoneContato (TP_ID, TTCont_ID) VALUES (646,11);
INSERT INTO T_Pescador_has_T_TelefoneContato (TP_ID, TTCont_ID) VALUES (1940,328);
INSERT INTO T_Pescador_has_T_TelefoneContato (TP_ID, TTCont_ID) VALUES (1785,12);
INSERT INTO T_Pescador_has_T_TelefoneContato (TP_ID, TTCont_ID) VALUES (1785,329);
INSERT INTO T_Pescador_has_T_TelefoneContato (TP_ID, TTCont_ID) VALUES (1272,330);
INSERT INTO T_Pescador_has_T_TelefoneContato (TP_ID, TTCont_ID) VALUES (2047,13);
INSERT INTO T_Pescador_has_T_TelefoneContato (TP_ID, TTCont_ID) VALUES (2047,331);
INSERT INTO T_Pescador_has_T_TelefoneContato (TP_ID, TTCont_ID) VALUES (1747,332);
INSERT INTO T_Pescador_has_T_TelefoneContato (TP_ID, TTCont_ID) VALUES (1815,333);
INSERT INTO T_Pescador_has_T_TelefoneContato (TP_ID, TTCont_ID) VALUES (1280,14);
INSERT INTO T_Pescador_has_T_TelefoneContato (TP_ID, TTCont_ID) VALUES (1280,334);
INSERT INTO T_Pescador_has_T_TelefoneContato (TP_ID, TTCont_ID) VALUES (516,335);
INSERT INTO T_Pescador_has_T_TelefoneContato (TP_ID, TTCont_ID) VALUES (1070,336);
INSERT INTO T_Pescador_has_T_TelefoneContato (TP_ID, TTCont_ID) VALUES (1967,15);
INSERT INTO T_Pescador_has_T_TelefoneContato (TP_ID, TTCont_ID) VALUES (1967,337);
INSERT INTO T_Pescador_has_T_TelefoneContato (TP_ID, TTCont_ID) VALUES (1977,338);
INSERT INTO T_Pescador_has_T_TelefoneContato (TP_ID, TTCont_ID) VALUES (2004,339);
INSERT INTO T_Pescador_has_T_TelefoneContato (TP_ID, TTCont_ID) VALUES (1974,340);
INSERT INTO T_Pescador_has_T_TelefoneContato (TP_ID, TTCont_ID) VALUES (1790,341);
INSERT INTO T_Pescador_has_T_TelefoneContato (TP_ID, TTCont_ID) VALUES (1984,342);
INSERT INTO T_Pescador_has_T_TelefoneContato (TP_ID, TTCont_ID) VALUES (1976,343);
INSERT INTO T_Pescador_has_T_TelefoneContato (TP_ID, TTCont_ID) VALUES (737,344);
INSERT INTO T_Pescador_has_T_TelefoneContato (TP_ID, TTCont_ID) VALUES (1484,345);
INSERT INTO T_Pescador_has_T_TelefoneContato (TP_ID, TTCont_ID) VALUES (648,16);
INSERT INTO T_Pescador_has_T_TelefoneContato (TP_ID, TTCont_ID) VALUES (648,346);
INSERT INTO T_Pescador_has_T_TelefoneContato (TP_ID, TTCont_ID) VALUES (1363,347);
INSERT INTO T_Pescador_has_T_TelefoneContato (TP_ID, TTCont_ID) VALUES (1711,348);
INSERT INTO T_Pescador_has_T_TelefoneContato (TP_ID, TTCont_ID) VALUES (899,349);
INSERT INTO T_Pescador_has_T_TelefoneContato (TP_ID, TTCont_ID) VALUES (855,350);
INSERT INTO T_Pescador_has_T_TelefoneContato (TP_ID, TTCont_ID) VALUES (1605,351);
INSERT INTO T_Pescador_has_T_TelefoneContato (TP_ID, TTCont_ID) VALUES (1851,352);
INSERT INTO T_Pescador_has_T_TelefoneContato (TP_ID, TTCont_ID) VALUES (1817,353);
INSERT INTO T_Pescador_has_T_TelefoneContato (TP_ID, TTCont_ID) VALUES (1853,354);
INSERT INTO T_Pescador_has_T_TelefoneContato (TP_ID, TTCont_ID) VALUES (1413,355);
INSERT INTO T_Pescador_has_T_TelefoneContato (TP_ID, TTCont_ID) VALUES (2002,356);
INSERT INTO T_Pescador_has_T_TelefoneContato (TP_ID, TTCont_ID) VALUES (1937,357);
INSERT INTO T_Pescador_has_T_TelefoneContato (TP_ID, TTCont_ID) VALUES (1027,358);
INSERT INTO T_Pescador_has_T_TelefoneContato (TP_ID, TTCont_ID) VALUES (1428,359);
INSERT INTO T_Pescador_has_T_TelefoneContato (TP_ID, TTCont_ID) VALUES (1980,360);
INSERT INTO T_Pescador_has_T_TelefoneContato (TP_ID, TTCont_ID) VALUES (1987,361);
INSERT INTO T_Pescador_has_T_TelefoneContato (TP_ID, TTCont_ID) VALUES (1970,362);
INSERT INTO T_Pescador_has_T_TelefoneContato (TP_ID, TTCont_ID) VALUES (1982,363);
INSERT INTO T_Pescador_has_T_TelefoneContato (TP_ID, TTCont_ID) VALUES (1032,364);
INSERT INTO T_Pescador_has_T_TelefoneContato (TP_ID, TTCont_ID) VALUES (1060,365);
INSERT INTO T_Pescador_has_T_TelefoneContato (TP_ID, TTCont_ID) VALUES (607,17);
INSERT INTO T_Pescador_has_T_TelefoneContato (TP_ID, TTCont_ID) VALUES (607,366);
INSERT INTO T_Pescador_has_T_TelefoneContato (TP_ID, TTCont_ID) VALUES (1431,367);
INSERT INTO T_Pescador_has_T_TelefoneContato (TP_ID, TTCont_ID) VALUES (875,18);
INSERT INTO T_Pescador_has_T_TelefoneContato (TP_ID, TTCont_ID) VALUES (1278,368);
INSERT INTO T_Pescador_has_T_TelefoneContato (TP_ID, TTCont_ID) VALUES (1858,369);
INSERT INTO T_Pescador_has_T_TelefoneContato (TP_ID, TTCont_ID) VALUES (255,370);
INSERT INTO T_Pescador_has_T_TelefoneContato (TP_ID, TTCont_ID) VALUES (1332,19);
INSERT INTO T_Pescador_has_T_TelefoneContato (TP_ID, TTCont_ID) VALUES (874,20);
INSERT INTO T_Pescador_has_T_TelefoneContato (TP_ID, TTCont_ID) VALUES (1151,371);
INSERT INTO T_Pescador_has_T_TelefoneContato (TP_ID, TTCont_ID) VALUES (1704,372);
INSERT INTO T_Pescador_has_T_TelefoneContato (TP_ID, TTCont_ID) VALUES (1836,373);
INSERT INTO T_Pescador_has_T_TelefoneContato (TP_ID, TTCont_ID) VALUES (581,374);
INSERT INTO T_Pescador_has_T_TelefoneContato (TP_ID, TTCont_ID) VALUES (703,21);
INSERT INTO T_Pescador_has_T_TelefoneContato (TP_ID, TTCont_ID) VALUES (465,375);
INSERT INTO T_Pescador_has_T_TelefoneContato (TP_ID, TTCont_ID) VALUES (30,22);
INSERT INTO T_Pescador_has_T_TelefoneContato (TP_ID, TTCont_ID) VALUES (1202,23);
INSERT INTO T_Pescador_has_T_TelefoneContato (TP_ID, TTCont_ID) VALUES (1202,376);
INSERT INTO T_Pescador_has_T_TelefoneContato (TP_ID, TTCont_ID) VALUES (1729,24);
INSERT INTO T_Pescador_has_T_TelefoneContato (TP_ID, TTCont_ID) VALUES (1729,377);
INSERT INTO T_Pescador_has_T_TelefoneContato (TP_ID, TTCont_ID) VALUES (1469,378);
INSERT INTO T_Pescador_has_T_TelefoneContato (TP_ID, TTCont_ID) VALUES (1953,25);
INSERT INTO T_Pescador_has_T_TelefoneContato (TP_ID, TTCont_ID) VALUES (173,379);
INSERT INTO T_Pescador_has_T_TelefoneContato (TP_ID, TTCont_ID) VALUES (1061,380);
INSERT INTO T_Pescador_has_T_TelefoneContato (TP_ID, TTCont_ID) VALUES (55,26);
INSERT INTO T_Pescador_has_T_TelefoneContato (TP_ID, TTCont_ID) VALUES (1386,27);
INSERT INTO T_Pescador_has_T_TelefoneContato (TP_ID, TTCont_ID) VALUES (1386,381);
INSERT INTO T_Pescador_has_T_TelefoneContato (TP_ID, TTCont_ID) VALUES (1699,382);
INSERT INTO T_Pescador_has_T_TelefoneContato (TP_ID, TTCont_ID) VALUES (1834,383);
INSERT INTO T_Pescador_has_T_TelefoneContato (TP_ID, TTCont_ID) VALUES (1826,28);
INSERT INTO T_Pescador_has_T_TelefoneContato (TP_ID, TTCont_ID) VALUES (2026,384);
INSERT INTO T_Pescador_has_T_TelefoneContato (TP_ID, TTCont_ID) VALUES (1025,385);
INSERT INTO T_Pescador_has_T_TelefoneContato (TP_ID, TTCont_ID) VALUES (1985,386);
INSERT INTO T_Pescador_has_T_TelefoneContato (TP_ID, TTCont_ID) VALUES (1465,387);
INSERT INTO T_Pescador_has_T_TelefoneContato (TP_ID, TTCont_ID) VALUES (1448,388);
INSERT INTO T_Pescador_has_T_TelefoneContato (TP_ID, TTCont_ID) VALUES (1812,389);
INSERT INTO T_Pescador_has_T_TelefoneContato (TP_ID, TTCont_ID) VALUES (1270,390);
INSERT INTO T_Pescador_has_T_TelefoneContato (TP_ID, TTCont_ID) VALUES (944,391);
INSERT INTO T_Pescador_has_T_TelefoneContato (TP_ID, TTCont_ID) VALUES (1800,29);
INSERT INTO T_Pescador_has_T_TelefoneContato (TP_ID, TTCont_ID) VALUES (1692,30);
INSERT INTO T_Pescador_has_T_TelefoneContato (TP_ID, TTCont_ID) VALUES (1712,392);
INSERT INTO T_Pescador_has_T_TelefoneContato (TP_ID, TTCont_ID) VALUES (443,31);
INSERT INTO T_Pescador_has_T_TelefoneContato (TP_ID, TTCont_ID) VALUES (1646,393);
INSERT INTO T_Pescador_has_T_TelefoneContato (TP_ID, TTCont_ID) VALUES (917,394);
INSERT INTO T_Pescador_has_T_TelefoneContato (TP_ID, TTCont_ID) VALUES (1269,395);
INSERT INTO T_Pescador_has_T_TelefoneContato (TP_ID, TTCont_ID) VALUES (705,396);
INSERT INTO T_Pescador_has_T_TelefoneContato (TP_ID, TTCont_ID) VALUES (699,397);
INSERT INTO T_Pescador_has_T_TelefoneContato (TP_ID, TTCont_ID) VALUES (429,32);
INSERT INTO T_Pescador_has_T_TelefoneContato (TP_ID, TTCont_ID) VALUES (1979,398);
INSERT INTO T_Pescador_has_T_TelefoneContato (TP_ID, TTCont_ID) VALUES (390,399);
INSERT INTO T_Pescador_has_T_TelefoneContato (TP_ID, TTCont_ID) VALUES (771,400);
INSERT INTO T_Pescador_has_T_TelefoneContato (TP_ID, TTCont_ID) VALUES (511,33);
INSERT INTO T_Pescador_has_T_TelefoneContato (TP_ID, TTCont_ID) VALUES (511,401);
INSERT INTO T_Pescador_has_T_TelefoneContato (TP_ID, TTCont_ID) VALUES (1988,402);
INSERT INTO T_Pescador_has_T_TelefoneContato (TP_ID, TTCont_ID) VALUES (957,34);
INSERT INTO T_Pescador_has_T_TelefoneContato (TP_ID, TTCont_ID) VALUES (1286,403);
INSERT INTO T_Pescador_has_T_TelefoneContato (TP_ID, TTCont_ID) VALUES (1996,404);
INSERT INTO T_Pescador_has_T_TelefoneContato (TP_ID, TTCont_ID) VALUES (1149,405);
INSERT INTO T_Pescador_has_T_TelefoneContato (TP_ID, TTCont_ID) VALUES (766,406);
INSERT INTO T_Pescador_has_T_TelefoneContato (TP_ID, TTCont_ID) VALUES (1993,407);
INSERT INTO T_Pescador_has_T_TelefoneContato (TP_ID, TTCont_ID) VALUES (1801,408);
INSERT INTO T_Pescador_has_T_TelefoneContato (TP_ID, TTCont_ID) VALUES (1805,409);
INSERT INTO T_Pescador_has_T_TelefoneContato (TP_ID, TTCont_ID) VALUES (1072,410);
INSERT INTO T_Pescador_has_T_TelefoneContato (TP_ID, TTCont_ID) VALUES (463,35);
INSERT INTO T_Pescador_has_T_TelefoneContato (TP_ID, TTCont_ID) VALUES (954,411);
INSERT INTO T_Pescador_has_T_TelefoneContato (TP_ID, TTCont_ID) VALUES (300,412);
INSERT INTO T_Pescador_has_T_TelefoneContato (TP_ID, TTCont_ID) VALUES (1991,413);
INSERT INTO T_Pescador_has_T_TelefoneContato (TP_ID, TTCont_ID) VALUES (1284,414);
INSERT INTO T_Pescador_has_T_TelefoneContato (TP_ID, TTCont_ID) VALUES (1859,36);
INSERT INTO T_Pescador_has_T_TelefoneContato (TP_ID, TTCont_ID) VALUES (1205,415);
INSERT INTO T_Pescador_has_T_TelefoneContato (TP_ID, TTCont_ID) VALUES (1994,416);
INSERT INTO T_Pescador_has_T_TelefoneContato (TP_ID, TTCont_ID) VALUES (1990,417);
INSERT INTO T_Pescador_has_T_TelefoneContato (TP_ID, TTCont_ID) VALUES (99,418);
INSERT INTO T_Pescador_has_T_TelefoneContato (TP_ID, TTCont_ID) VALUES (1096,37);
INSERT INTO T_Pescador_has_T_TelefoneContato (TP_ID, TTCont_ID) VALUES (1096,419);
INSERT INTO T_Pescador_has_T_TelefoneContato (TP_ID, TTCont_ID) VALUES (2010,420);
INSERT INTO T_Pescador_has_T_TelefoneContato (TP_ID, TTCont_ID) VALUES (1573,421);
INSERT INTO T_Pescador_has_T_TelefoneContato (TP_ID, TTCont_ID) VALUES (1822,422);
INSERT INTO T_Pescador_has_T_TelefoneContato (TP_ID, TTCont_ID) VALUES (707,38);
INSERT INTO T_Pescador_has_T_TelefoneContato (TP_ID, TTCont_ID) VALUES (707,423);
INSERT INTO T_Pescador_has_T_TelefoneContato (TP_ID, TTCont_ID) VALUES (1821,39);
INSERT INTO T_Pescador_has_T_TelefoneContato (TP_ID, TTCont_ID) VALUES (487,40);
INSERT INTO T_Pescador_has_T_TelefoneContato (TP_ID, TTCont_ID) VALUES (1244,424);
INSERT INTO T_Pescador_has_T_TelefoneContato (TP_ID, TTCont_ID) VALUES (909,41);
INSERT INTO T_Pescador_has_T_TelefoneContato (TP_ID, TTCont_ID) VALUES (909,425);
INSERT INTO T_Pescador_has_T_TelefoneContato (TP_ID, TTCont_ID) VALUES (861,426);
INSERT INTO T_Pescador_has_T_TelefoneContato (TP_ID, TTCont_ID) VALUES (691,427);
INSERT INTO T_Pescador_has_T_TelefoneContato (TP_ID, TTCont_ID) VALUES (1512,428);
INSERT INTO T_Pescador_has_T_TelefoneContato (TP_ID, TTCont_ID) VALUES (1400,429);
INSERT INTO T_Pescador_has_T_TelefoneContato (TP_ID, TTCont_ID) VALUES (1020,430);
INSERT INTO T_Pescador_has_T_TelefoneContato (TP_ID, TTCont_ID) VALUES (378,431);
INSERT INTO T_Pescador_has_T_TelefoneContato (TP_ID, TTCont_ID) VALUES (654,42);
INSERT INTO T_Pescador_has_T_TelefoneContato (TP_ID, TTCont_ID) VALUES (584,432);
INSERT INTO T_Pescador_has_T_TelefoneContato (TP_ID, TTCont_ID) VALUES (937,43);
INSERT INTO T_Pescador_has_T_TelefoneContato (TP_ID, TTCont_ID) VALUES (1607,433);
INSERT INTO T_Pescador_has_T_TelefoneContato (TP_ID, TTCont_ID) VALUES (1999,44);
INSERT INTO T_Pescador_has_T_TelefoneContato (TP_ID, TTCont_ID) VALUES (1999,434);
INSERT INTO T_Pescador_has_T_TelefoneContato (TP_ID, TTCont_ID) VALUES (1441,435);
INSERT INTO T_Pescador_has_T_TelefoneContato (TP_ID, TTCont_ID) VALUES (2042,45);
INSERT INTO T_Pescador_has_T_TelefoneContato (TP_ID, TTCont_ID) VALUES (2042,436);
INSERT INTO T_Pescador_has_T_TelefoneContato (TP_ID, TTCont_ID) VALUES (644,46);
INSERT INTO T_Pescador_has_T_TelefoneContato (TP_ID, TTCont_ID) VALUES (2039,47);
INSERT INTO T_Pescador_has_T_TelefoneContato (TP_ID, TTCont_ID) VALUES (2039,437);
INSERT INTO T_Pescador_has_T_TelefoneContato (TP_ID, TTCont_ID) VALUES (1995,438);
INSERT INTO T_Pescador_has_T_TelefoneContato (TP_ID, TTCont_ID) VALUES (1946,48);
INSERT INTO T_Pescador_has_T_TelefoneContato (TP_ID, TTCont_ID) VALUES (1946,439);
INSERT INTO T_Pescador_has_T_TelefoneContato (TP_ID, TTCont_ID) VALUES (1426,49);
INSERT INTO T_Pescador_has_T_TelefoneContato (TP_ID, TTCont_ID) VALUES (1426,440);
INSERT INTO T_Pescador_has_T_TelefoneContato (TP_ID, TTCont_ID) VALUES (1011,441);
INSERT INTO T_Pescador_has_T_TelefoneContato (TP_ID, TTCont_ID) VALUES (389,442);
INSERT INTO T_Pescador_has_T_TelefoneContato (TP_ID, TTCont_ID) VALUES (1283,443);
INSERT INTO T_Pescador_has_T_TelefoneContato (TP_ID, TTCont_ID) VALUES (1235,444);
INSERT INTO T_Pescador_has_T_TelefoneContato (TP_ID, TTCont_ID) VALUES (997,50);
INSERT INTO T_Pescador_has_T_TelefoneContato (TP_ID, TTCont_ID) VALUES (1097,445);
INSERT INTO T_Pescador_has_T_TelefoneContato (TP_ID, TTCont_ID) VALUES (1387,446);
INSERT INTO T_Pescador_has_T_TelefoneContato (TP_ID, TTCont_ID) VALUES (1997,447);
INSERT INTO T_Pescador_has_T_TelefoneContato (TP_ID, TTCont_ID) VALUES (1123,51);
INSERT INTO T_Pescador_has_T_TelefoneContato (TP_ID, TTCont_ID) VALUES (1710,448);
INSERT INTO T_Pescador_has_T_TelefoneContato (TP_ID, TTCont_ID) VALUES (1947,449);
INSERT INTO T_Pescador_has_T_TelefoneContato (TP_ID, TTCont_ID) VALUES (136,450);
INSERT INTO T_Pescador_has_T_TelefoneContato (TP_ID, TTCont_ID) VALUES (582,52);
INSERT INTO T_Pescador_has_T_TelefoneContato (TP_ID, TTCont_ID) VALUES (1098,451);
INSERT INTO T_Pescador_has_T_TelefoneContato (TP_ID, TTCont_ID) VALUES (599,452);
INSERT INTO T_Pescador_has_T_TelefoneContato (TP_ID, TTCont_ID) VALUES (709,453);
INSERT INTO T_Pescador_has_T_TelefoneContato (TP_ID, TTCont_ID) VALUES (1574,454);
INSERT INTO T_Pescador_has_T_TelefoneContato (TP_ID, TTCont_ID) VALUES (1019,53);
INSERT INTO T_Pescador_has_T_TelefoneContato (TP_ID, TTCont_ID) VALUES (592,455);
INSERT INTO T_Pescador_has_T_TelefoneContato (TP_ID, TTCont_ID) VALUES (1888,456);
INSERT INTO T_Pescador_has_T_TelefoneContato (TP_ID, TTCont_ID) VALUES (1399,457);
INSERT INTO T_Pescador_has_T_TelefoneContato (TP_ID, TTCont_ID) VALUES (1156,54);
INSERT INTO T_Pescador_has_T_TelefoneContato (TP_ID, TTCont_ID) VALUES (1156,458);
INSERT INTO T_Pescador_has_T_TelefoneContato (TP_ID, TTCont_ID) VALUES (2001,459);
INSERT INTO T_Pescador_has_T_TelefoneContato (TP_ID, TTCont_ID) VALUES (769,460);
INSERT INTO T_Pescador_has_T_TelefoneContato (TP_ID, TTCont_ID) VALUES (1677,461);
INSERT INTO T_Pescador_has_T_TelefoneContato (TP_ID, TTCont_ID) VALUES (479,462);
INSERT INTO T_Pescador_has_T_TelefoneContato (TP_ID, TTCont_ID) VALUES (1073,463);
INSERT INTO T_Pescador_has_T_TelefoneContato (TP_ID, TTCont_ID) VALUES (710,464);
INSERT INTO T_Pescador_has_T_TelefoneContato (TP_ID, TTCont_ID) VALUES (1920,465);
INSERT INTO T_Pescador_has_T_TelefoneContato (TP_ID, TTCont_ID) VALUES (625,466);
INSERT INTO T_Pescador_has_T_TelefoneContato (TP_ID, TTCont_ID) VALUES (1100,467);
INSERT INTO T_Pescador_has_T_TelefoneContato (TP_ID, TTCont_ID) VALUES (388,55);
INSERT INTO T_Pescador_has_T_TelefoneContato (TP_ID, TTCont_ID) VALUES (1359,468);
INSERT INTO T_Pescador_has_T_TelefoneContato (TP_ID, TTCont_ID) VALUES (958,56);
INSERT INTO T_Pescador_has_T_TelefoneContato (TP_ID, TTCont_ID) VALUES (2022,469);
INSERT INTO T_Pescador_has_T_TelefoneContato (TP_ID, TTCont_ID) VALUES (1756,470);
INSERT INTO T_Pescador_has_T_TelefoneContato (TP_ID, TTCont_ID) VALUES (1018,471);
INSERT INTO T_Pescador_has_T_TelefoneContato (TP_ID, TTCont_ID) VALUES (1467,57);
INSERT INTO T_Pescador_has_T_TelefoneContato (TP_ID, TTCont_ID) VALUES (1576,472);
INSERT INTO T_Pescador_has_T_TelefoneContato (TP_ID, TTCont_ID) VALUES (796,58);
INSERT INTO T_Pescador_has_T_TelefoneContato (TP_ID, TTCont_ID) VALUES (796,473);
INSERT INTO T_Pescador_has_T_TelefoneContato (TP_ID, TTCont_ID) VALUES (1828,474);
INSERT INTO T_Pescador_has_T_TelefoneContato (TP_ID, TTCont_ID) VALUES (1728,59);
INSERT INTO T_Pescador_has_T_TelefoneContato (TP_ID, TTCont_ID) VALUES (2023,475);
INSERT INTO T_Pescador_has_T_TelefoneContato (TP_ID, TTCont_ID) VALUES (1793,60);
INSERT INTO T_Pescador_has_T_TelefoneContato (TP_ID, TTCont_ID) VALUES (209,476);
INSERT INTO T_Pescador_has_T_TelefoneContato (TP_ID, TTCont_ID) VALUES (1350,477);
INSERT INTO T_Pescador_has_T_TelefoneContato (TP_ID, TTCont_ID) VALUES (1099,478);
INSERT INTO T_Pescador_has_T_TelefoneContato (TP_ID, TTCont_ID) VALUES (860,479);
INSERT INTO T_Pescador_has_T_TelefoneContato (TP_ID, TTCont_ID) VALUES (1271,480);
INSERT INTO T_Pescador_has_T_TelefoneContato (TP_ID, TTCont_ID) VALUES (1794,481);
INSERT INTO T_Pescador_has_T_TelefoneContato (TP_ID, TTCont_ID) VALUES (778,61);
INSERT INTO T_Pescador_has_T_TelefoneContato (TP_ID, TTCont_ID) VALUES (1928,482);
INSERT INTO T_Pescador_has_T_TelefoneContato (TP_ID, TTCont_ID) VALUES (1333,483);
INSERT INTO T_Pescador_has_T_TelefoneContato (TP_ID, TTCont_ID) VALUES (921,484);
INSERT INTO T_Pescador_has_T_TelefoneContato (TP_ID, TTCont_ID) VALUES (1609,485);
INSERT INTO T_Pescador_has_T_TelefoneContato (TP_ID, TTCont_ID) VALUES (1939,486);
INSERT INTO T_Pescador_has_T_TelefoneContato (TP_ID, TTCont_ID) VALUES (1433,487);
INSERT INTO T_Pescador_has_T_TelefoneContato (TP_ID, TTCont_ID) VALUES (456,488);
INSERT INTO T_Pescador_has_T_TelefoneContato (TP_ID, TTCont_ID) VALUES (221,62);
INSERT INTO T_Pescador_has_T_TelefoneContato (TP_ID, TTCont_ID) VALUES (221,489);
INSERT INTO T_Pescador_has_T_TelefoneContato (TP_ID, TTCont_ID) VALUES (94,490);
INSERT INTO T_Pescador_has_T_TelefoneContato (TP_ID, TTCont_ID) VALUES (765,491);
INSERT INTO T_Pescador_has_T_TelefoneContato (TP_ID, TTCont_ID) VALUES (1293,492);
INSERT INTO T_Pescador_has_T_TelefoneContato (TP_ID, TTCont_ID) VALUES (1076,493);
INSERT INTO T_Pescador_has_T_TelefoneContato (TP_ID, TTCont_ID) VALUES (1482,494);
INSERT INTO T_Pescador_has_T_TelefoneContato (TP_ID, TTCont_ID) VALUES (1010,495);
INSERT INTO T_Pescador_has_T_TelefoneContato (TP_ID, TTCont_ID) VALUES (1328,496);
INSERT INTO T_Pescador_has_T_TelefoneContato (TP_ID, TTCont_ID) VALUES (346,497);
INSERT INTO T_Pescador_has_T_TelefoneContato (TP_ID, TTCont_ID) VALUES (1598,498);
INSERT INTO T_Pescador_has_T_TelefoneContato (TP_ID, TTCont_ID) VALUES (460,499);
INSERT INTO T_Pescador_has_T_TelefoneContato (TP_ID, TTCont_ID) VALUES (6,63);
INSERT INTO T_Pescador_has_T_TelefoneContato (TP_ID, TTCont_ID) VALUES (1777,500);
INSERT INTO T_Pescador_has_T_TelefoneContato (TP_ID, TTCont_ID) VALUES (1200,64);
INSERT INTO T_Pescador_has_T_TelefoneContato (TP_ID, TTCont_ID) VALUES (1200,501);
INSERT INTO T_Pescador_has_T_TelefoneContato (TP_ID, TTCont_ID) VALUES (1062,502);
INSERT INTO T_Pescador_has_T_TelefoneContato (TP_ID, TTCont_ID) VALUES (2041,65);
INSERT INTO T_Pescador_has_T_TelefoneContato (TP_ID, TTCont_ID) VALUES (1395,503);
INSERT INTO T_Pescador_has_T_TelefoneContato (TP_ID, TTCont_ID) VALUES (923,504);
INSERT INTO T_Pescador_has_T_TelefoneContato (TP_ID, TTCont_ID) VALUES (1263,505);
INSERT INTO T_Pescador_has_T_TelefoneContato (TP_ID, TTCont_ID) VALUES (580,66);
INSERT INTO T_Pescador_has_T_TelefoneContato (TP_ID, TTCont_ID) VALUES (1892,506);
INSERT INTO T_Pescador_has_T_TelefoneContato (TP_ID, TTCont_ID) VALUES (1238,507);
INSERT INTO T_Pescador_has_T_TelefoneContato (TP_ID, TTCont_ID) VALUES (2011,508);
INSERT INTO T_Pescador_has_T_TelefoneContato (TP_ID, TTCont_ID) VALUES (1265,509);
INSERT INTO T_Pescador_has_T_TelefoneContato (TP_ID, TTCont_ID) VALUES (1968,510);
INSERT INTO T_Pescador_has_T_TelefoneContato (TP_ID, TTCont_ID) VALUES (1384,67);
INSERT INTO T_Pescador_has_T_TelefoneContato (TP_ID, TTCont_ID) VALUES (1746,511);
INSERT INTO T_Pescador_has_T_TelefoneContato (TP_ID, TTCont_ID) VALUES (1695,68);
INSERT INTO T_Pescador_has_T_TelefoneContato (TP_ID, TTCont_ID) VALUES (1245,512);
INSERT INTO T_Pescador_has_T_TelefoneContato (TP_ID, TTCont_ID) VALUES (1464,513);
INSERT INTO T_Pescador_has_T_TelefoneContato (TP_ID, TTCont_ID) VALUES (1778,514);
INSERT INTO T_Pescador_has_T_TelefoneContato (TP_ID, TTCont_ID) VALUES (639,69);
INSERT INTO T_Pescador_has_T_TelefoneContato (TP_ID, TTCont_ID) VALUES (780,515);
INSERT INTO T_Pescador_has_T_TelefoneContato (TP_ID, TTCont_ID) VALUES (1078,516);
INSERT INTO T_Pescador_has_T_TelefoneContato (TP_ID, TTCont_ID) VALUES (656,70);
INSERT INTO T_Pescador_has_T_TelefoneContato (TP_ID, TTCont_ID) VALUES (1758,517);
INSERT INTO T_Pescador_has_T_TelefoneContato (TP_ID, TTCont_ID) VALUES (1017,518);
INSERT INTO T_Pescador_has_T_TelefoneContato (TP_ID, TTCont_ID) VALUES (1366,519);
INSERT INTO T_Pescador_has_T_TelefoneContato (TP_ID, TTCont_ID) VALUES (1816,520);
INSERT INTO T_Pescador_has_T_TelefoneContato (TP_ID, TTCont_ID) VALUES (538,521);
INSERT INTO T_Pescador_has_T_TelefoneContato (TP_ID, TTCont_ID) VALUES (522,522);
INSERT INTO T_Pescador_has_T_TelefoneContato (TP_ID, TTCont_ID) VALUES (435,71);
INSERT INTO T_Pescador_has_T_TelefoneContato (TP_ID, TTCont_ID) VALUES (1182,523);
INSERT INTO T_Pescador_has_T_TelefoneContato (TP_ID, TTCont_ID) VALUES (1904,524);
INSERT INTO T_Pescador_has_T_TelefoneContato (TP_ID, TTCont_ID) VALUES (1818,525);
INSERT INTO T_Pescador_has_T_TelefoneContato (TP_ID, TTCont_ID) VALUES (442,72);
INSERT INTO T_Pescador_has_T_TelefoneContato (TP_ID, TTCont_ID) VALUES (2028,526);
INSERT INTO T_Pescador_has_T_TelefoneContato (TP_ID, TTCont_ID) VALUES (758,527);
INSERT INTO T_Pescador_has_T_TelefoneContato (TP_ID, TTCont_ID) VALUES (1891,528);
INSERT INTO T_Pescador_has_T_TelefoneContato (TP_ID, TTCont_ID) VALUES (1759,529);
INSERT INTO T_Pescador_has_T_TelefoneContato (TP_ID, TTCont_ID) VALUES (1929,530);
INSERT INTO T_Pescador_has_T_TelefoneContato (TP_ID, TTCont_ID) VALUES (2027,73);
INSERT INTO T_Pescador_has_T_TelefoneContato (TP_ID, TTCont_ID) VALUES (1044,531);
INSERT INTO T_Pescador_has_T_TelefoneContato (TP_ID, TTCont_ID) VALUES (1890,532);
INSERT INTO T_Pescador_has_T_TelefoneContato (TP_ID, TTCont_ID) VALUES (1916,533);
INSERT INTO T_Pescador_has_T_TelefoneContato (TP_ID, TTCont_ID) VALUES (188,74);
INSERT INTO T_Pescador_has_T_TelefoneContato (TP_ID, TTCont_ID) VALUES (1772,75);
INSERT INTO T_Pescador_has_T_TelefoneContato (TP_ID, TTCont_ID) VALUES (1698,534);
INSERT INTO T_Pescador_has_T_TelefoneContato (TP_ID, TTCont_ID) VALUES (695,535);
INSERT INTO T_Pescador_has_T_TelefoneContato (TP_ID, TTCont_ID) VALUES (1957,536);
INSERT INTO T_Pescador_has_T_TelefoneContato (TP_ID, TTCont_ID) VALUES (36,76);
INSERT INTO T_Pescador_has_T_TelefoneContato (TP_ID, TTCont_ID) VALUES (568,537);
INSERT INTO T_Pescador_has_T_TelefoneContato (TP_ID, TTCont_ID) VALUES (1101,538);
INSERT INTO T_Pescador_has_T_TelefoneContato (TP_ID, TTCont_ID) VALUES (711,77);
INSERT INTO T_Pescador_has_T_TelefoneContato (TP_ID, TTCont_ID) VALUES (2025,539);
INSERT INTO T_Pescador_has_T_TelefoneContato (TP_ID, TTCont_ID) VALUES (764,78);
INSERT INTO T_Pescador_has_T_TelefoneContato (TP_ID, TTCont_ID) VALUES (1903,540);
INSERT INTO T_Pescador_has_T_TelefoneContato (TP_ID, TTCont_ID) VALUES (1762,541);
INSERT INTO T_Pescador_has_T_TelefoneContato (TP_ID, TTCont_ID) VALUES (763,542);
INSERT INTO T_Pescador_has_T_TelefoneContato (TP_ID, TTCont_ID) VALUES (459,79);
INSERT INTO T_Pescador_has_T_TelefoneContato (TP_ID, TTCont_ID) VALUES (459,543);
INSERT INTO T_Pescador_has_T_TelefoneContato (TP_ID, TTCont_ID) VALUES (1849,544);
INSERT INTO T_Pescador_has_T_TelefoneContato (TP_ID, TTCont_ID) VALUES (1889,545);
INSERT INTO T_Pescador_has_T_TelefoneContato (TP_ID, TTCont_ID) VALUES (458,546);
INSERT INTO T_Pescador_has_T_TelefoneContato (TP_ID, TTCont_ID) VALUES (1763,547);
INSERT INTO T_Pescador_has_T_TelefoneContato (TP_ID, TTCont_ID) VALUES (2003,548);
INSERT INTO T_Pescador_has_T_TelefoneContato (TP_ID, TTCont_ID) VALUES (1315,80);
INSERT INTO T_Pescador_has_T_TelefoneContato (TP_ID, TTCont_ID) VALUES (585,549);
INSERT INTO T_Pescador_has_T_TelefoneContato (TP_ID, TTCont_ID) VALUES (1259,550);
INSERT INTO T_Pescador_has_T_TelefoneContato (TP_ID, TTCont_ID) VALUES (284,551);
INSERT INTO T_Pescador_has_T_TelefoneContato (TP_ID, TTCont_ID) VALUES (1028,552);
INSERT INTO T_Pescador_has_T_TelefoneContato (TP_ID, TTCont_ID) VALUES (761,81);
INSERT INTO T_Pescador_has_T_TelefoneContato (TP_ID, TTCont_ID) VALUES (261,553);
INSERT INTO T_Pescador_has_T_TelefoneContato (TP_ID, TTCont_ID) VALUES (514,554);
INSERT INTO T_Pescador_has_T_TelefoneContato (TP_ID, TTCont_ID) VALUES (840,555);
INSERT INTO T_Pescador_has_T_TelefoneContato (TP_ID, TTCont_ID) VALUES (1008,556);
INSERT INTO T_Pescador_has_T_TelefoneContato (TP_ID, TTCont_ID) VALUES (1001,82);
INSERT INTO T_Pescador_has_T_TelefoneContato (TP_ID, TTCont_ID) VALUES (1419,83);
INSERT INTO T_Pescador_has_T_TelefoneContato (TP_ID, TTCont_ID) VALUES (1419,557);
INSERT INTO T_Pescador_has_T_TelefoneContato (TP_ID, TTCont_ID) VALUES (621,558);
INSERT INTO T_Pescador_has_T_TelefoneContato (TP_ID, TTCont_ID) VALUES (1260,559);
INSERT INTO T_Pescador_has_T_TelefoneContato (TP_ID, TTCont_ID) VALUES (953,84);
INSERT INTO T_Pescador_has_T_TelefoneContato (TP_ID, TTCont_ID) VALUES (953,560);
INSERT INTO T_Pescador_has_T_TelefoneContato (TP_ID, TTCont_ID) VALUES (1314,85);
INSERT INTO T_Pescador_has_T_TelefoneContato (TP_ID, TTCont_ID) VALUES (1314,561);
INSERT INTO T_Pescador_has_T_TelefoneContato (TP_ID, TTCont_ID) VALUES (1285,562);
INSERT INTO T_Pescador_has_T_TelefoneContato (TP_ID, TTCont_ID) VALUES (1911,86);
INSERT INTO T_Pescador_has_T_TelefoneContato (TP_ID, TTCont_ID) VALUES (1911,563);
INSERT INTO T_Pescador_has_T_TelefoneContato (TP_ID, TTCont_ID) VALUES (2049,564);
INSERT INTO T_Pescador_has_T_TelefoneContato (TP_ID, TTCont_ID) VALUES (971,87);
INSERT INTO T_Pescador_has_T_TelefoneContato (TP_ID, TTCont_ID) VALUES (971,565);
INSERT INTO T_Pescador_has_T_TelefoneContato (TP_ID, TTCont_ID) VALUES (1240,88);
INSERT INTO T_Pescador_has_T_TelefoneContato (TP_ID, TTCont_ID) VALUES (1240,566);
INSERT INTO T_Pescador_has_T_TelefoneContato (TP_ID, TTCont_ID) VALUES (1771,89);
INSERT INTO T_Pescador_has_T_TelefoneContato (TP_ID, TTCont_ID) VALUES (1511,567);
INSERT INTO T_Pescador_has_T_TelefoneContato (TP_ID, TTCont_ID) VALUES (1004,568);
INSERT INTO T_Pescador_has_T_TelefoneContato (TP_ID, TTCont_ID) VALUES (1921,569);
INSERT INTO T_Pescador_has_T_TelefoneContato (TP_ID, TTCont_ID) VALUES (1938,90);
INSERT INTO T_Pescador_has_T_TelefoneContato (TP_ID, TTCont_ID) VALUES (45,570);
INSERT INTO T_Pescador_has_T_TelefoneContato (TP_ID, TTCont_ID) VALUES (1006,571);
INSERT INTO T_Pescador_has_T_TelefoneContato (TP_ID, TTCont_ID) VALUES (767,91);
INSERT INTO T_Pescador_has_T_TelefoneContato (TP_ID, TTCont_ID) VALUES (1369,572);
INSERT INTO T_Pescador_has_T_TelefoneContato (TP_ID, TTCont_ID) VALUES (891,573);
INSERT INTO T_Pescador_has_T_TelefoneContato (TP_ID, TTCont_ID) VALUES (587,92);
INSERT INTO T_Pescador_has_T_TelefoneContato (TP_ID, TTCont_ID) VALUES (774,574);
INSERT INTO T_Pescador_has_T_TelefoneContato (TP_ID, TTCont_ID) VALUES (1981,93);
INSERT INTO T_Pescador_has_T_TelefoneContato (TP_ID, TTCont_ID) VALUES (1981,575);
INSERT INTO T_Pescador_has_T_TelefoneContato (TP_ID, TTCont_ID) VALUES (595,576);
INSERT INTO T_Pescador_has_T_TelefoneContato (TP_ID, TTCont_ID) VALUES (739,577);
INSERT INTO T_Pescador_has_T_TelefoneContato (TP_ID, TTCont_ID) VALUES (1814,578);
INSERT INTO T_Pescador_has_T_TelefoneContato (TP_ID, TTCont_ID) VALUES (1273,579);
INSERT INTO T_Pescador_has_T_TelefoneContato (TP_ID, TTCont_ID) VALUES (566,580);
INSERT INTO T_Pescador_has_T_TelefoneContato (TP_ID, TTCont_ID) VALUES (1463,94);
INSERT INTO T_Pescador_has_T_TelefoneContato (TP_ID, TTCont_ID) VALUES (759,95);
INSERT INTO T_Pescador_has_T_TelefoneContato (TP_ID, TTCont_ID) VALUES (1820,581);
INSERT INTO T_Pescador_has_T_TelefoneContato (TP_ID, TTCont_ID) VALUES (1887,582);
INSERT INTO T_Pescador_has_T_TelefoneContato (TP_ID, TTCont_ID) VALUES (2007,583);
INSERT INTO T_Pescador_has_T_TelefoneContato (TP_ID, TTCont_ID) VALUES (734,584);
INSERT INTO T_Pescador_has_T_TelefoneContato (TP_ID, TTCont_ID) VALUES (1700,585);
INSERT INTO T_Pescador_has_T_TelefoneContato (TP_ID, TTCont_ID) VALUES (816,586);
INSERT INTO T_Pescador_has_T_TelefoneContato (TP_ID, TTCont_ID) VALUES (2005,587);
INSERT INTO T_Pescador_has_T_TelefoneContato (TP_ID, TTCont_ID) VALUES (946,588);
INSERT INTO T_Pescador_has_T_TelefoneContato (TP_ID, TTCont_ID) VALUES (1614,589);
INSERT INTO T_Pescador_has_T_TelefoneContato (TP_ID, TTCont_ID) VALUES (941,590);
INSERT INTO T_Pescador_has_T_TelefoneContato (TP_ID, TTCont_ID) VALUES (712,591);
INSERT INTO T_Pescador_has_T_TelefoneContato (TP_ID, TTCont_ID) VALUES (1196,592);
INSERT INTO T_Pescador_has_T_TelefoneContato (TP_ID, TTCont_ID) VALUES (597,96);
INSERT INTO T_Pescador_has_T_TelefoneContato (TP_ID, TTCont_ID) VALUES (1882,593);
INSERT INTO T_Pescador_has_T_TelefoneContato (TP_ID, TTCont_ID) VALUES (938,97);
INSERT INTO T_Pescador_has_T_TelefoneContato (TP_ID, TTCont_ID) VALUES (938,594);
INSERT INTO T_Pescador_has_T_TelefoneContato (TP_ID, TTCont_ID) VALUES (1893,595);
INSERT INTO T_Pescador_has_T_TelefoneContato (TP_ID, TTCont_ID) VALUES (837,596);
INSERT INTO T_Pescador_has_T_TelefoneContato (TP_ID, TTCont_ID) VALUES (1726,98);
INSERT INTO T_Pescador_has_T_TelefoneContato (TP_ID, TTCont_ID) VALUES (1391,597);
INSERT INTO T_Pescador_has_T_TelefoneContato (TP_ID, TTCont_ID) VALUES (1791,598);
INSERT INTO T_Pescador_has_T_TelefoneContato (TP_ID, TTCont_ID) VALUES (1430,599);
INSERT INTO T_Pescador_has_T_TelefoneContato (TP_ID, TTCont_ID) VALUES (161,99);
INSERT INTO T_Pescador_has_T_TelefoneContato (TP_ID, TTCont_ID) VALUES (161,600);
INSERT INTO T_Pescador_has_T_TelefoneContato (TP_ID, TTCont_ID) VALUES (1102,601);
INSERT INTO T_Pescador_has_T_TelefoneContato (TP_ID, TTCont_ID) VALUES (1637,100);
INSERT INTO T_Pescador_has_T_TelefoneContato (TP_ID, TTCont_ID) VALUES (1637,602);
INSERT INTO T_Pescador_has_T_TelefoneContato (TP_ID, TTCont_ID) VALUES (1905,603);
INSERT INTO T_Pescador_has_T_TelefoneContato (TP_ID, TTCont_ID) VALUES (1381,101);
INSERT INTO T_Pescador_has_T_TelefoneContato (TP_ID, TTCont_ID) VALUES (1381,604);
INSERT INTO T_Pescador_has_T_TelefoneContato (TP_ID, TTCont_ID) VALUES (531,605);
INSERT INTO T_Pescador_has_T_TelefoneContato (TP_ID, TTCont_ID) VALUES (134,102);
INSERT INTO T_Pescador_has_T_TelefoneContato (TP_ID, TTCont_ID) VALUES (1779,606);
INSERT INTO T_Pescador_has_T_TelefoneContato (TP_ID, TTCont_ID) VALUES (1942,607);
INSERT INTO T_Pescador_has_T_TelefoneContato (TP_ID, TTCont_ID) VALUES (947,608);
INSERT INTO T_Pescador_has_T_TelefoneContato (TP_ID, TTCont_ID) VALUES (620,609);
INSERT INTO T_Pescador_has_T_TelefoneContato (TP_ID, TTCont_ID) VALUES (1499,610);
INSERT INTO T_Pescador_has_T_TelefoneContato (TP_ID, TTCont_ID) VALUES (611,611);
INSERT INTO T_Pescador_has_T_TelefoneContato (TP_ID, TTCont_ID) VALUES (660,103);
INSERT INTO T_Pescador_has_T_TelefoneContato (TP_ID, TTCont_ID) VALUES (313,104);
INSERT INTO T_Pescador_has_T_TelefoneContato (TP_ID, TTCont_ID) VALUES (1773,612);
INSERT INTO T_Pescador_has_T_TelefoneContato (TP_ID, TTCont_ID) VALUES (741,105);
INSERT INTO T_Pescador_has_T_TelefoneContato (TP_ID, TTCont_ID) VALUES (736,106);
INSERT INTO T_Pescador_has_T_TelefoneContato (TP_ID, TTCont_ID) VALUES (1262,613);
INSERT INTO T_Pescador_has_T_TelefoneContato (TP_ID, TTCont_ID) VALUES (1233,107);
INSERT INTO T_Pescador_has_T_TelefoneContato (TP_ID, TTCont_ID) VALUES (422,614);
INSERT INTO T_Pescador_has_T_TelefoneContato (TP_ID, TTCont_ID) VALUES (1472,108);
INSERT INTO T_Pescador_has_T_TelefoneContato (TP_ID, TTCont_ID) VALUES (1435,615);
INSERT INTO T_Pescador_has_T_TelefoneContato (TP_ID, TTCont_ID) VALUES (1961,616);
INSERT INTO T_Pescador_has_T_TelefoneContato (TP_ID, TTCont_ID) VALUES (1192,109);
INSERT INTO T_Pescador_has_T_TelefoneContato (TP_ID, TTCont_ID) VALUES (642,110);
INSERT INTO T_Pescador_has_T_TelefoneContato (TP_ID, TTCont_ID) VALUES (147,111);
INSERT INTO T_Pescador_has_T_TelefoneContato (TP_ID, TTCont_ID) VALUES (1956,617);
INSERT INTO T_Pescador_has_T_TelefoneContato (TP_ID, TTCont_ID) VALUES (1163,112);
INSERT INTO T_Pescador_has_T_TelefoneContato (TP_ID, TTCont_ID) VALUES (1002,618);
INSERT INTO T_Pescador_has_T_TelefoneContato (TP_ID, TTCont_ID) VALUES (1951,619);
INSERT INTO T_Pescador_has_T_TelefoneContato (TP_ID, TTCont_ID) VALUES (1344,620);
INSERT INTO T_Pescador_has_T_TelefoneContato (TP_ID, TTCont_ID) VALUES (1906,621);
INSERT INTO T_Pescador_has_T_TelefoneContato (TP_ID, TTCont_ID) VALUES (1599,113);
INSERT INTO T_Pescador_has_T_TelefoneContato (TP_ID, TTCont_ID) VALUES (478,114);
INSERT INTO T_Pescador_has_T_TelefoneContato (TP_ID, TTCont_ID) VALUES (1064,622);
INSERT INTO T_Pescador_has_T_TelefoneContato (TP_ID, TTCont_ID) VALUES (1105,623);
INSERT INTO T_Pescador_has_T_TelefoneContato (TP_ID, TTCont_ID) VALUES (1719,624);
INSERT INTO T_Pescador_has_T_TelefoneContato (TP_ID, TTCont_ID) VALUES (565,625);
INSERT INTO T_Pescador_has_T_TelefoneContato (TP_ID, TTCont_ID) VALUES (1663,626);
INSERT INTO T_Pescador_has_T_TelefoneContato (TP_ID, TTCont_ID) VALUES (290,627);
INSERT INTO T_Pescador_has_T_TelefoneContato (TP_ID, TTCont_ID) VALUES (149,115);
INSERT INTO T_Pescador_has_T_TelefoneContato (TP_ID, TTCont_ID) VALUES (1089,628);
INSERT INTO T_Pescador_has_T_TelefoneContato (TP_ID, TTCont_ID) VALUES (784,116);
INSERT INTO T_Pescador_has_T_TelefoneContato (TP_ID, TTCont_ID) VALUES (570,117);
INSERT INTO T_Pescador_has_T_TelefoneContato (TP_ID, TTCont_ID) VALUES (1330,629);
INSERT INTO T_Pescador_has_T_TelefoneContato (TP_ID, TTCont_ID) VALUES (1832,630);
INSERT INTO T_Pescador_has_T_TelefoneContato (TP_ID, TTCont_ID) VALUES (858,118);
INSERT INTO T_Pescador_has_T_TelefoneContato (TP_ID, TTCont_ID) VALUES (1630,631);
INSERT INTO T_Pescador_has_T_TelefoneContato (TP_ID, TTCont_ID) VALUES (1003,119);
INSERT INTO T_Pescador_has_T_TelefoneContato (TP_ID, TTCont_ID) VALUES (1941,120);
INSERT INTO T_Pescador_has_T_TelefoneContato (TP_ID, TTCont_ID) VALUES (1941,632);
INSERT INTO T_Pescador_has_T_TelefoneContato (TP_ID, TTCont_ID) VALUES (1035,633);
INSERT INTO T_Pescador_has_T_TelefoneContato (TP_ID, TTCont_ID) VALUES (340,634);
INSERT INTO T_Pescador_has_T_TelefoneContato (TP_ID, TTCont_ID) VALUES (1068,635);
INSERT INTO T_Pescador_has_T_TelefoneContato (TP_ID, TTCont_ID) VALUES (982,636);
INSERT INTO T_Pescador_has_T_TelefoneContato (TP_ID, TTCont_ID) VALUES (1393,121);
INSERT INTO T_Pescador_has_T_TelefoneContato (TP_ID, TTCont_ID) VALUES (742,122);
INSERT INTO T_Pescador_has_T_TelefoneContato (TP_ID, TTCont_ID) VALUES (1795,123);
INSERT INTO T_Pescador_has_T_TelefoneContato (TP_ID, TTCont_ID) VALUES (2046,124);
INSERT INTO T_Pescador_has_T_TelefoneContato (TP_ID, TTCont_ID) VALUES (2046,637);
INSERT INTO T_Pescador_has_T_TelefoneContato (TP_ID, TTCont_ID) VALUES (1173,638);
INSERT INTO T_Pescador_has_T_TelefoneContato (TP_ID, TTCont_ID) VALUES (716,639);
INSERT INTO T_Pescador_has_T_TelefoneContato (TP_ID, TTCont_ID) VALUES (802,125);
INSERT INTO T_Pescador_has_T_TelefoneContato (TP_ID, TTCont_ID) VALUES (802,640);
INSERT INTO T_Pescador_has_T_TelefoneContato (TP_ID, TTCont_ID) VALUES (1926,126);
INSERT INTO T_Pescador_has_T_TelefoneContato (TP_ID, TTCont_ID) VALUES (1926,641);
INSERT INTO T_Pescador_has_T_TelefoneContato (TP_ID, TTCont_ID) VALUES (454,642);
INSERT INTO T_Pescador_has_T_TelefoneContato (TP_ID, TTCont_ID) VALUES (843,643);
INSERT INTO T_Pescador_has_T_TelefoneContato (TP_ID, TTCont_ID) VALUES (1895,644);
INSERT INTO T_Pescador_has_T_TelefoneContato (TP_ID, TTCont_ID) VALUES (999,645);
INSERT INTO T_Pescador_has_T_TelefoneContato (TP_ID, TTCont_ID) VALUES (2000,127);
INSERT INTO T_Pescador_has_T_TelefoneContato (TP_ID, TTCont_ID) VALUES (2000,646);
INSERT INTO T_Pescador_has_T_TelefoneContato (TP_ID, TTCont_ID) VALUES (1111,647);
INSERT INTO T_Pescador_has_T_TelefoneContato (TP_ID, TTCont_ID) VALUES (1451,648);
INSERT INTO T_Pescador_has_T_TelefoneContato (TP_ID, TTCont_ID) VALUES (1145,649);
INSERT INTO T_Pescador_has_T_TelefoneContato (TP_ID, TTCont_ID) VALUES (1141,650);
INSERT INTO T_Pescador_has_T_TelefoneContato (TP_ID, TTCont_ID) VALUES (993,128);
INSERT INTO T_Pescador_has_T_TelefoneContato (TP_ID, TTCont_ID) VALUES (2018,129);
INSERT INTO T_Pescador_has_T_TelefoneContato (TP_ID, TTCont_ID) VALUES (1059,651);
INSERT INTO T_Pescador_has_T_TelefoneContato (TP_ID, TTCont_ID) VALUES (1403,130);
INSERT INTO T_Pescador_has_T_TelefoneContato (TP_ID, TTCont_ID) VALUES (1403,652);
INSERT INTO T_Pescador_has_T_TelefoneContato (TP_ID, TTCont_ID) VALUES (1964,653);
INSERT INTO T_Pescador_has_T_TelefoneContato (TP_ID, TTCont_ID) VALUES (75,131);
INSERT INTO T_Pescador_has_T_TelefoneContato (TP_ID, TTCont_ID) VALUES (1348,654);
INSERT INTO T_Pescador_has_T_TelefoneContato (TP_ID, TTCont_ID) VALUES (1012,655);
INSERT INTO T_Pescador_has_T_TelefoneContato (TP_ID, TTCont_ID) VALUES (714,132);
INSERT INTO T_Pescador_has_T_TelefoneContato (TP_ID, TTCont_ID) VALUES (994,656);
INSERT INTO T_Pescador_has_T_TelefoneContato (TP_ID, TTCont_ID) VALUES (1447,133);
INSERT INTO T_Pescador_has_T_TelefoneContato (TP_ID, TTCont_ID) VALUES (1447,657);
INSERT INTO T_Pescador_has_T_TelefoneContato (TP_ID, TTCont_ID) VALUES (424,134);
INSERT INTO T_Pescador_has_T_TelefoneContato (TP_ID, TTCont_ID) VALUES (2021,658);
INSERT INTO T_Pescador_has_T_TelefoneContato (TP_ID, TTCont_ID) VALUES (1943,659);
INSERT INTO T_Pescador_has_T_TelefoneContato (TP_ID, TTCont_ID) VALUES (158,135);
INSERT INTO T_Pescador_has_T_TelefoneContato (TP_ID, TTCont_ID) VALUES (425,660);
INSERT INTO T_Pescador_has_T_TelefoneContato (TP_ID, TTCont_ID) VALUES (1478,661);
INSERT INTO T_Pescador_has_T_TelefoneContato (TP_ID, TTCont_ID) VALUES (992,662);
INSERT INTO T_Pescador_has_T_TelefoneContato (TP_ID, TTCont_ID) VALUES (717,663);
INSERT INTO T_Pescador_has_T_TelefoneContato (TP_ID, TTCont_ID) VALUES (1610,664);
INSERT INTO T_Pescador_has_T_TelefoneContato (TP_ID, TTCont_ID) VALUES (2020,665);
INSERT INTO T_Pescador_has_T_TelefoneContato (TP_ID, TTCont_ID) VALUES (1611,136);
INSERT INTO T_Pescador_has_T_TelefoneContato (TP_ID, TTCont_ID) VALUES (1000,666);
INSERT INTO T_Pescador_has_T_TelefoneContato (TP_ID, TTCont_ID) VALUES (738,137);
INSERT INTO T_Pescador_has_T_TelefoneContato (TP_ID, TTCont_ID) VALUES (829,138);
INSERT INTO T_Pescador_has_T_TelefoneContato (TP_ID, TTCont_ID) VALUES (1220,139);
INSERT INTO T_Pescador_has_T_TelefoneContato (TP_ID, TTCont_ID) VALUES (1220,667);
INSERT INTO T_Pescador_has_T_TelefoneContato (TP_ID, TTCont_ID) VALUES (1038,668);
INSERT INTO T_Pescador_has_T_TelefoneContato (TP_ID, TTCont_ID) VALUES (1337,140);
INSERT INTO T_Pescador_has_T_TelefoneContato (TP_ID, TTCont_ID) VALUES (2040,141);
INSERT INTO T_Pescador_has_T_TelefoneContato (TP_ID, TTCont_ID) VALUES (1427,669);
INSERT INTO T_Pescador_has_T_TelefoneContato (TP_ID, TTCont_ID) VALUES (931,670);
INSERT INTO T_Pescador_has_T_TelefoneContato (TP_ID, TTCont_ID) VALUES (197,671);
INSERT INTO T_Pescador_has_T_TelefoneContato (TP_ID, TTCont_ID) VALUES (1446,672);
INSERT INTO T_Pescador_has_T_TelefoneContato (TP_ID, TTCont_ID) VALUES (26,673);
INSERT INTO T_Pescador_has_T_TelefoneContato (TP_ID, TTCont_ID) VALUES (2017,674);
INSERT INTO T_Pescador_has_T_TelefoneContato (TP_ID, TTCont_ID) VALUES (914,675);
INSERT INTO T_Pescador_has_T_TelefoneContato (TP_ID, TTCont_ID) VALUES (970,142);
INSERT INTO T_Pescador_has_T_TelefoneContato (TP_ID, TTCont_ID) VALUES (911,143);
INSERT INTO T_Pescador_has_T_TelefoneContato (TP_ID, TTCont_ID) VALUES (911,676);
INSERT INTO T_Pescador_has_T_TelefoneContato (TP_ID, TTCont_ID) VALUES (1792,144);
INSERT INTO T_Pescador_has_T_TelefoneContato (TP_ID, TTCont_ID) VALUES (1792,677);
INSERT INTO T_Pescador_has_T_TelefoneContato (TP_ID, TTCont_ID) VALUES (1325,678);
INSERT INTO T_Pescador_has_T_TelefoneContato (TP_ID, TTCont_ID) VALUES (1927,679);
INSERT INTO T_Pescador_has_T_TelefoneContato (TP_ID, TTCont_ID) VALUES (996,680);
INSERT INTO T_Pescador_has_T_TelefoneContato (TP_ID, TTCont_ID) VALUES (1652,145);
INSERT INTO T_Pescador_has_T_TelefoneContato (TP_ID, TTCont_ID) VALUES (1652,681);
INSERT INTO T_Pescador_has_T_TelefoneContato (TP_ID, TTCont_ID) VALUES (156,682);
INSERT INTO T_Pescador_has_T_TelefoneContato (TP_ID, TTCont_ID) VALUES (1540,146);
INSERT INTO T_Pescador_has_T_TelefoneContato (TP_ID, TTCont_ID) VALUES (1364,683);
INSERT INTO T_Pescador_has_T_TelefoneContato (TP_ID, TTCont_ID) VALUES (1754,147);
INSERT INTO T_Pescador_has_T_TelefoneContato (TP_ID, TTCont_ID) VALUES (681,684);
INSERT INTO T_Pescador_has_T_TelefoneContato (TP_ID, TTCont_ID) VALUES (144,148);
INSERT INTO T_Pescador_has_T_TelefoneContato (TP_ID, TTCont_ID) VALUES (1894,685);
INSERT INTO T_Pescador_has_T_TelefoneContato (TP_ID, TTCont_ID) VALUES (1246,686);
INSERT INTO T_Pescador_has_T_TelefoneContato (TP_ID, TTCont_ID) VALUES (1358,687);
INSERT INTO T_Pescador_has_T_TelefoneContato (TP_ID, TTCont_ID) VALUES (877,149);
INSERT INTO T_Pescador_has_T_TelefoneContato (TP_ID, TTCont_ID) VALUES (1661,150);
INSERT INTO T_Pescador_has_T_TelefoneContato (TP_ID, TTCont_ID) VALUES (1705,151);
INSERT INTO T_Pescador_has_T_TelefoneContato (TP_ID, TTCont_ID) VALUES (1705,688);
INSERT INTO T_Pescador_has_T_TelefoneContato (TP_ID, TTCont_ID) VALUES (1693,152);
INSERT INTO T_Pescador_has_T_TelefoneContato (TP_ID, TTCont_ID) VALUES (853,153);
INSERT INTO T_Pescador_has_T_TelefoneContato (TP_ID, TTCont_ID) VALUES (78,689);
INSERT INTO T_Pescador_has_T_TelefoneContato (TP_ID, TTCont_ID) VALUES (102,690);
INSERT INTO T_Pescador_has_T_TelefoneContato (TP_ID, TTCont_ID) VALUES (614,154);
INSERT INTO T_Pescador_has_T_TelefoneContato (TP_ID, TTCont_ID) VALUES (88,691);
INSERT INTO T_Pescador_has_T_TelefoneContato (TP_ID, TTCont_ID) VALUES (132,155);
INSERT INTO T_Pescador_has_T_TelefoneContato (TP_ID, TTCont_ID) VALUES (645,692);
INSERT INTO T_Pescador_has_T_TelefoneContato (TP_ID, TTCont_ID) VALUES (1415,693);
INSERT INTO T_Pescador_has_T_TelefoneContato (TP_ID, TTCont_ID) VALUES (1341,156);
INSERT INTO T_Pescador_has_T_TelefoneContato (TP_ID, TTCont_ID) VALUES (1480,694);
INSERT INTO T_Pescador_has_T_TelefoneContato (TP_ID, TTCont_ID) VALUES (1239,695);
INSERT INTO T_Pescador_has_T_TelefoneContato (TP_ID, TTCont_ID) VALUES (1024,157);
INSERT INTO T_Pescador_has_T_TelefoneContato (TP_ID, TTCont_ID) VALUES (432,696);
INSERT INTO T_Pescador_has_T_TelefoneContato (TP_ID, TTCont_ID) VALUES (1007,158);
INSERT INTO T_Pescador_has_T_TelefoneContato (TP_ID, TTCont_ID) VALUES (571,697);
INSERT INTO T_Pescador_has_T_TelefoneContato (TP_ID, TTCont_ID) VALUES (1081,698);
INSERT INTO T_Pescador_has_T_TelefoneContato (TP_ID, TTCont_ID) VALUES (912,699);
INSERT INTO T_Pescador_has_T_TelefoneContato (TP_ID, TTCont_ID) VALUES (1444,700);
INSERT INTO T_Pescador_has_T_TelefoneContato (TP_ID, TTCont_ID) VALUES (1252,701);
INSERT INTO T_Pescador_has_T_TelefoneContato (TP_ID, TTCont_ID) VALUES (628,702);
INSERT INTO T_Pescador_has_T_TelefoneContato (TP_ID, TTCont_ID) VALUES (1162,159);
INSERT INTO T_Pescador_has_T_TelefoneContato (TP_ID, TTCont_ID) VALUES (2016,703);
INSERT INTO T_Pescador_has_T_TelefoneContato (TP_ID, TTCont_ID) VALUES (841,160);
INSERT INTO T_Pescador_has_T_TelefoneContato (TP_ID, TTCont_ID) VALUES (1324,704);
INSERT INTO T_Pescador_has_T_TelefoneContato (TP_ID, TTCont_ID) VALUES (1718,705);
INSERT INTO T_Pescador_has_T_TelefoneContato (TP_ID, TTCont_ID) VALUES (1131,706);
INSERT INTO T_Pescador_has_T_TelefoneContato (TP_ID, TTCont_ID) VALUES (1713,707);
INSERT INTO T_Pescador_has_T_TelefoneContato (TP_ID, TTCont_ID) VALUES (696,708);
INSERT INTO T_Pescador_has_T_TelefoneContato (TP_ID, TTCont_ID) VALUES (1437,161);
INSERT INTO T_Pescador_has_T_TelefoneContato (TP_ID, TTCont_ID) VALUES (307,162);
INSERT INTO T_Pescador_has_T_TelefoneContato (TP_ID, TTCont_ID) VALUES (1287,709);
INSERT INTO T_Pescador_has_T_TelefoneContato (TP_ID, TTCont_ID) VALUES (1461,710);
INSERT INTO T_Pescador_has_T_TelefoneContato (TP_ID, TTCont_ID) VALUES (1397,711);
INSERT INTO T_Pescador_has_T_TelefoneContato (TP_ID, TTCont_ID) VALUES (175,712);
INSERT INTO T_Pescador_has_T_TelefoneContato (TP_ID, TTCont_ID) VALUES (1808,163);
INSERT INTO T_Pescador_has_T_TelefoneContato (TP_ID, TTCont_ID) VALUES (1808,713);
INSERT INTO T_Pescador_has_T_TelefoneContato (TP_ID, TTCont_ID) VALUES (1282,714);
INSERT INTO T_Pescador_has_T_TelefoneContato (TP_ID, TTCont_ID) VALUES (1983,715);
INSERT INTO T_Pescador_has_T_TelefoneContato (TP_ID, TTCont_ID) VALUES (1592,164);
INSERT INTO T_Pescador_has_T_TelefoneContato (TP_ID, TTCont_ID) VALUES (1592,716);
INSERT INTO T_Pescador_has_T_TelefoneContato (TP_ID, TTCont_ID) VALUES (1809,165);
INSERT INTO T_Pescador_has_T_TelefoneContato (TP_ID, TTCont_ID) VALUES (1809,717);
INSERT INTO T_Pescador_has_T_TelefoneContato (TP_ID, TTCont_ID) VALUES (1881,718);
INSERT INTO T_Pescador_has_T_TelefoneContato (TP_ID, TTCont_ID) VALUES (1612,719);
INSERT INTO T_Pescador_has_T_TelefoneContato (TP_ID, TTCont_ID) VALUES (1743,720);
INSERT INTO T_Pescador_has_T_TelefoneContato (TP_ID, TTCont_ID) VALUES (1636,721);
INSERT INTO T_Pescador_has_T_TelefoneContato (TP_ID, TTCont_ID) VALUES (831,722);
INSERT INTO T_Pescador_has_T_TelefoneContato (TP_ID, TTCont_ID) VALUES (786,723);
INSERT INTO T_Pescador_has_T_TelefoneContato (TP_ID, TTCont_ID) VALUES (1079,724);
INSERT INTO T_Pescador_has_T_TelefoneContato (TP_ID, TTCont_ID) VALUES (1618,725);
INSERT INTO T_Pescador_has_T_TelefoneContato (TP_ID, TTCont_ID) VALUES (1781,726);
INSERT INTO T_Pescador_has_T_TelefoneContato (TP_ID, TTCont_ID) VALUES (1317,727);
INSERT INTO T_Pescador_has_T_TelefoneContato (TP_ID, TTCont_ID) VALUES (1440,728);
INSERT INTO T_Pescador_has_T_TelefoneContato (TP_ID, TTCont_ID) VALUES (509,729);
INSERT INTO T_Pescador_has_T_TelefoneContato (TP_ID, TTCont_ID) VALUES (575,166);
INSERT INTO T_Pescador_has_T_TelefoneContato (TP_ID, TTCont_ID) VALUES (575,730);
INSERT INTO T_Pescador_has_T_TelefoneContato (TP_ID, TTCont_ID) VALUES (1318,731);
INSERT INTO T_Pescador_has_T_TelefoneContato (TP_ID, TTCont_ID) VALUES (1165,732);
INSERT INTO T_Pescador_has_T_TelefoneContato (TP_ID, TTCont_ID) VALUES (760,733);
INSERT INTO T_Pescador_has_T_TelefoneContato (TP_ID, TTCont_ID) VALUES (1342,734);
INSERT INTO T_Pescador_has_T_TelefoneContato (TP_ID, TTCont_ID) VALUES (1082,735);
INSERT INTO T_Pescador_has_T_TelefoneContato (TP_ID, TTCont_ID) VALUES (414,736);
INSERT INTO T_Pescador_has_T_TelefoneContato (TP_ID, TTCont_ID) VALUES (1541,167);
INSERT INTO T_Pescador_has_T_TelefoneContato (TP_ID, TTCont_ID) VALUES (1541,737);
INSERT INTO T_Pescador_has_T_TelefoneContato (TP_ID, TTCont_ID) VALUES (1335,738);
INSERT INTO T_Pescador_has_T_TelefoneContato (TP_ID, TTCont_ID) VALUES (1525,739);
INSERT INTO T_Pescador_has_T_TelefoneContato (TP_ID, TTCont_ID) VALUES (1629,740);
INSERT INTO T_Pescador_has_T_TelefoneContato (TP_ID, TTCont_ID) VALUES (915,168);
INSERT INTO T_Pescador_has_T_TelefoneContato (TP_ID, TTCont_ID) VALUES (1355,741);
INSERT INTO T_Pescador_has_T_TelefoneContato (TP_ID, TTCont_ID) VALUES (1701,169);
INSERT INTO T_Pescador_has_T_TelefoneContato (TP_ID, TTCont_ID) VALUES (1701,742);
INSERT INTO T_Pescador_has_T_TelefoneContato (TP_ID, TTCont_ID) VALUES (1691,170);
INSERT INTO T_Pescador_has_T_TelefoneContato (TP_ID, TTCont_ID) VALUES (572,171);
INSERT INTO T_Pescador_has_T_TelefoneContato (TP_ID, TTCont_ID) VALUES (528,743);
INSERT INTO T_Pescador_has_T_TelefoneContato (TP_ID, TTCont_ID) VALUES (888,744);
INSERT INTO T_Pescador_has_T_TelefoneContato (TP_ID, TTCont_ID) VALUES (444,745);
INSERT INTO T_Pescador_has_T_TelefoneContato (TP_ID, TTCont_ID) VALUES (448,746);
INSERT INTO T_Pescador_has_T_TelefoneContato (TP_ID, TTCont_ID) VALUES (1802,747);
INSERT INTO T_Pescador_has_T_TelefoneContato (TP_ID, TTCont_ID) VALUES (301,748);
INSERT INTO T_Pescador_has_T_TelefoneContato (TP_ID, TTCont_ID) VALUES (573,172);
INSERT INTO T_Pescador_has_T_TelefoneContato (TP_ID, TTCont_ID) VALUES (573,749);
INSERT INTO T_Pescador_has_T_TelefoneContato (TP_ID, TTCont_ID) VALUES (1761,173);
INSERT INTO T_Pescador_has_T_TelefoneContato (TP_ID, TTCont_ID) VALUES (678,174);
INSERT INTO T_Pescador_has_T_TelefoneContato (TP_ID, TTCont_ID) VALUES (1396,750);
INSERT INTO T_Pescador_has_T_TelefoneContato (TP_ID, TTCont_ID) VALUES (983,175);
INSERT INTO T_Pescador_has_T_TelefoneContato (TP_ID, TTCont_ID) VALUES (1264,751);
INSERT INTO T_Pescador_has_T_TelefoneContato (TP_ID, TTCont_ID) VALUES (507,752);
INSERT INTO T_Pescador_has_T_TelefoneContato (TP_ID, TTCont_ID) VALUES (452,176);
INSERT INTO T_Pescador_has_T_TelefoneContato (TP_ID, TTCont_ID) VALUES (916,753);
INSERT INTO T_Pescador_has_T_TelefoneContato (TP_ID, TTCont_ID) VALUES (1738,177);
INSERT INTO T_Pescador_has_T_TelefoneContato (TP_ID, TTCont_ID) VALUES (1434,754);
INSERT INTO T_Pescador_has_T_TelefoneContato (TP_ID, TTCont_ID) VALUES (1655,755);
INSERT INTO T_Pescador_has_T_TelefoneContato (TP_ID, TTCont_ID) VALUES (623,178);
INSERT INTO T_Pescador_has_T_TelefoneContato (TP_ID, TTCont_ID) VALUES (782,179);
INSERT INTO T_Pescador_has_T_TelefoneContato (TP_ID, TTCont_ID) VALUES (1429,756);
INSERT INTO T_Pescador_has_T_TelefoneContato (TP_ID, TTCont_ID) VALUES (1498,180);
INSERT INTO T_Pescador_has_T_TelefoneContato (TP_ID, TTCont_ID) VALUES (387,181);
INSERT INTO T_Pescador_has_T_TelefoneContato (TP_ID, TTCont_ID) VALUES (1135,757);
INSERT INTO T_Pescador_has_T_TelefoneContato (TP_ID, TTCont_ID) VALUES (1134,758);
INSERT INTO T_Pescador_has_T_TelefoneContato (TP_ID, TTCont_ID) VALUES (1936,182);
INSERT INTO T_Pescador_has_T_TelefoneContato (TP_ID, TTCont_ID) VALUES (1338,183);
INSERT INTO T_Pescador_has_T_TelefoneContato (TP_ID, TTCont_ID) VALUES (1338,759);
INSERT INTO T_Pescador_has_T_TelefoneContato (TP_ID, TTCont_ID) VALUES (1510,184);
INSERT INTO T_Pescador_has_T_TelefoneContato (TP_ID, TTCont_ID) VALUES (1510,760);
INSERT INTO T_Pescador_has_T_TelefoneContato (TP_ID, TTCont_ID) VALUES (1603,761);
INSERT INTO T_Pescador_has_T_TelefoneContato (TP_ID, TTCont_ID) VALUES (1631,762);
INSERT INTO T_Pescador_has_T_TelefoneContato (TP_ID, TTCont_ID) VALUES (508,185);
INSERT INTO T_Pescador_has_T_TelefoneContato (TP_ID, TTCont_ID) VALUES (1288,763);
INSERT INTO T_Pescador_has_T_TelefoneContato (TP_ID, TTCont_ID) VALUES (1594,764);
INSERT INTO T_Pescador_has_T_TelefoneContato (TP_ID, TTCont_ID) VALUES (1885,765);
INSERT INTO T_Pescador_has_T_TelefoneContato (TP_ID, TTCont_ID) VALUES (462,766);
INSERT INTO T_Pescador_has_T_TelefoneContato (TP_ID, TTCont_ID) VALUES (1542,186);
INSERT INTO T_Pescador_has_T_TelefoneContato (TP_ID, TTCont_ID) VALUES (349,187);
INSERT INTO T_Pescador_has_T_TelefoneContato (TP_ID, TTCont_ID) VALUES (872,767);
INSERT INTO T_Pescador_has_T_TelefoneContato (TP_ID, TTCont_ID) VALUES (506,188);
INSERT INTO T_Pescador_has_T_TelefoneContato (TP_ID, TTCont_ID) VALUES (441,768);
INSERT INTO T_Pescador_has_T_TelefoneContato (TP_ID, TTCont_ID) VALUES (1529,769);
INSERT INTO T_Pescador_has_T_TelefoneContato (TP_ID, TTCont_ID) VALUES (1193,770);
INSERT INTO T_Pescador_has_T_TelefoneContato (TP_ID, TTCont_ID) VALUES (1247,771);
INSERT INTO T_Pescador_has_T_TelefoneContato (TP_ID, TTCont_ID) VALUES (825,772);
INSERT INTO T_Pescador_has_T_TelefoneContato (TP_ID, TTCont_ID) VALUES (1095,773);
INSERT INTO T_Pescador_has_T_TelefoneContato (TP_ID, TTCont_ID) VALUES (1424,774);
INSERT INTO T_Pescador_has_T_TelefoneContato (TP_ID, TTCont_ID) VALUES (1418,775);
INSERT INTO T_Pescador_has_T_TelefoneContato (TP_ID, TTCont_ID) VALUES (2009,189);
INSERT INTO T_Pescador_has_T_TelefoneContato (TP_ID, TTCont_ID) VALUES (183,776);
INSERT INTO T_Pescador_has_T_TelefoneContato (TP_ID, TTCont_ID) VALUES (1346,777);
INSERT INTO T_Pescador_has_T_TelefoneContato (TP_ID, TTCont_ID) VALUES (702,190);
INSERT INTO T_Pescador_has_T_TelefoneContato (TP_ID, TTCont_ID) VALUES (1500,191);
INSERT INTO T_Pescador_has_T_TelefoneContato (TP_ID, TTCont_ID) VALUES (1500,778);
INSERT INTO T_Pescador_has_T_TelefoneContato (TP_ID, TTCont_ID) VALUES (1248,779);
INSERT INTO T_Pescador_has_T_TelefoneContato (TP_ID, TTCont_ID) VALUES (1290,780);
INSERT INTO T_Pescador_has_T_TelefoneContato (TP_ID, TTCont_ID) VALUES (856,192);
INSERT INTO T_Pescador_has_T_TelefoneContato (TP_ID, TTCont_ID) VALUES (698,781);
INSERT INTO T_Pescador_has_T_TelefoneContato (TP_ID, TTCont_ID) VALUES (1392,782);
INSERT INTO T_Pescador_has_T_TelefoneContato (TP_ID, TTCont_ID) VALUES (1919,783);
INSERT INTO T_Pescador_has_T_TelefoneContato (TP_ID, TTCont_ID) VALUES (172,784);
INSERT INTO T_Pescador_has_T_TelefoneContato (TP_ID, TTCont_ID) VALUES (1978,785);
INSERT INTO T_Pescador_has_T_TelefoneContato (TP_ID, TTCont_ID) VALUES (806,786);
INSERT INTO T_Pescador_has_T_TelefoneContato (TP_ID, TTCont_ID) VALUES (724,787);
INSERT INTO T_Pescador_has_T_TelefoneContato (TP_ID, TTCont_ID) VALUES (254,788);
INSERT INTO T_Pescador_has_T_TelefoneContato (TP_ID, TTCont_ID) VALUES (1368,789);
INSERT INTO T_Pescador_has_T_TelefoneContato (TP_ID, TTCont_ID) VALUES (890,790);
INSERT INTO T_Pescador_has_T_TelefoneContato (TP_ID, TTCont_ID) VALUES (887,791);
INSERT INTO T_Pescador_has_T_TelefoneContato (TP_ID, TTCont_ID) VALUES (1090,792);
INSERT INTO T_Pescador_has_T_TelefoneContato (TP_ID, TTCont_ID) VALUES (1744,793);
INSERT INTO T_Pescador_has_T_TelefoneContato (TP_ID, TTCont_ID) VALUES (191,794);
INSERT INTO T_Pescador_has_T_TelefoneContato (TP_ID, TTCont_ID) VALUES (885,193);
INSERT INTO T_Pescador_has_T_TelefoneContato (TP_ID, TTCont_ID) VALUES (1601,194);
INSERT INTO T_Pescador_has_T_TelefoneContato (TP_ID, TTCont_ID) VALUES (1601,795);
INSERT INTO T_Pescador_has_T_TelefoneContato (TP_ID, TTCont_ID) VALUES (344,195);
INSERT INTO T_Pescador_has_T_TelefoneContato (TP_ID, TTCont_ID) VALUES (1091,796);
INSERT INTO T_Pescador_has_T_TelefoneContato (TP_ID, TTCont_ID) VALUES (1266,797);
INSERT INTO T_Pescador_has_T_TelefoneContato (TP_ID, TTCont_ID) VALUES (1813,798);
INSERT INTO T_Pescador_has_T_TelefoneContato (TP_ID, TTCont_ID) VALUES (1783,196);
INSERT INTO T_Pescador_has_T_TelefoneContato (TP_ID, TTCont_ID) VALUES (1388,799);
INSERT INTO T_Pescador_has_T_TelefoneContato (TP_ID, TTCont_ID) VALUES (1782,197);
INSERT INTO T_Pescador_has_T_TelefoneContato (TP_ID, TTCont_ID) VALUES (1782,800);
INSERT INTO T_Pescador_has_T_TelefoneContato (TP_ID, TTCont_ID) VALUES (744,198);
INSERT INTO T_Pescador_has_T_TelefoneContato (TP_ID, TTCont_ID) VALUES (729,801);
INSERT INTO T_Pescador_has_T_TelefoneContato (TP_ID, TTCont_ID) VALUES (1912,199);
INSERT INTO T_Pescador_has_T_TelefoneContato (TP_ID, TTCont_ID) VALUES (1912,802);
INSERT INTO T_Pescador_has_T_TelefoneContato (TP_ID, TTCont_ID) VALUES (948,200);
INSERT INTO T_Pescador_has_T_TelefoneContato (TP_ID, TTCont_ID) VALUES (1633,803);
INSERT INTO T_Pescador_has_T_TelefoneContato (TP_ID, TTCont_ID) VALUES (1177,804);
INSERT INTO T_Pescador_has_T_TelefoneContato (TP_ID, TTCont_ID) VALUES (777,201);
INSERT INTO T_Pescador_has_T_TelefoneContato (TP_ID, TTCont_ID) VALUES (1367,805);
INSERT INTO T_Pescador_has_T_TelefoneContato (TP_ID, TTCont_ID) VALUES (500,806);
INSERT INTO T_Pescador_has_T_TelefoneContato (TP_ID, TTCont_ID) VALUES (104,807);
INSERT INTO T_Pescador_has_T_TelefoneContato (TP_ID, TTCont_ID) VALUES (832,808);
INSERT INTO T_Pescador_has_T_TelefoneContato (TP_ID, TTCont_ID) VALUES (577,809);
INSERT INTO T_Pescador_has_T_TelefoneContato (TP_ID, TTCont_ID) VALUES (1199,202);
INSERT INTO T_Pescador_has_T_TelefoneContato (TP_ID, TTCont_ID) VALUES (1748,810);
INSERT INTO T_Pescador_has_T_TelefoneContato (TP_ID, TTCont_ID) VALUES (1884,811);
INSERT INTO T_Pescador_has_T_TelefoneContato (TP_ID, TTCont_ID) VALUES (1823,812);
INSERT INTO T_Pescador_has_T_TelefoneContato (TP_ID, TTCont_ID) VALUES (1357,813);
INSERT INTO T_Pescador_has_T_TelefoneContato (TP_ID, TTCont_ID) VALUES (834,203);
INSERT INTO T_Pescador_has_T_TelefoneContato (TP_ID, TTCont_ID) VALUES (722,814);
INSERT INTO T_Pescador_has_T_TelefoneContato (TP_ID, TTCont_ID) VALUES (517,815);
INSERT INTO T_Pescador_has_T_TelefoneContato (TP_ID, TTCont_ID) VALUES (1481,816);
INSERT INTO T_Pescador_has_T_TelefoneContato (TP_ID, TTCont_ID) VALUES (1086,817);
INSERT INTO T_Pescador_has_T_TelefoneContato (TP_ID, TTCont_ID) VALUES (1470,818);
INSERT INTO T_Pescador_has_T_TelefoneContato (TP_ID, TTCont_ID) VALUES (427,204);
INSERT INTO T_Pescador_has_T_TelefoneContato (TP_ID, TTCont_ID) VALUES (464,205);
INSERT INTO T_Pescador_has_T_TelefoneContato (TP_ID, TTCont_ID) VALUES (1234,819);
INSERT INTO T_Pescador_has_T_TelefoneContato (TP_ID, TTCont_ID) VALUES (1753,820);
INSERT INTO T_Pescador_has_T_TelefoneContato (TP_ID, TTCont_ID) VALUES (1750,821);
INSERT INTO T_Pescador_has_T_TelefoneContato (TP_ID, TTCont_ID) VALUES (1659,822);
INSERT INTO T_Pescador_has_T_TelefoneContato (TP_ID, TTCont_ID) VALUES (844,206);
INSERT INTO T_Pescador_has_T_TelefoneContato (TP_ID, TTCont_ID) VALUES (1914,207);
INSERT INTO T_Pescador_has_T_TelefoneContato (TP_ID, TTCont_ID) VALUES (1774,208);
INSERT INTO T_Pescador_has_T_TelefoneContato (TP_ID, TTCont_ID) VALUES (1774,823);
INSERT INTO T_Pescador_has_T_TelefoneContato (TP_ID, TTCont_ID) VALUES (740,824);
INSERT INTO T_Pescador_has_T_TelefoneContato (TP_ID, TTCont_ID) VALUES (194,825);
INSERT INTO T_Pescador_has_T_TelefoneContato (TP_ID, TTCont_ID) VALUES (421,209);
INSERT INTO T_Pescador_has_T_TelefoneContato (TP_ID, TTCont_ID) VALUES (1425,826);
INSERT INTO T_Pescador_has_T_TelefoneContato (TP_ID, TTCont_ID) VALUES (1443,827);
INSERT INTO T_Pescador_has_T_TelefoneContato (TP_ID, TTCont_ID) VALUES (1382,828);
INSERT INTO T_Pescador_has_T_TelefoneContato (TP_ID, TTCont_ID) VALUES (583,829);
INSERT INTO T_Pescador_has_T_TelefoneContato (TP_ID, TTCont_ID) VALUES (1619,830);
INSERT INTO T_Pescador_has_T_TelefoneContato (TP_ID, TTCont_ID) VALUES (665,831);
INSERT INTO T_Pescador_has_T_TelefoneContato (TP_ID, TTCont_ID) VALUES (1450,832);
INSERT INTO T_Pescador_has_T_TelefoneContato (TP_ID, TTCont_ID) VALUES (687,833);
INSERT INTO T_Pescador_has_T_TelefoneContato (TP_ID, TTCont_ID) VALUES (2045,834);
INSERT INTO T_Pescador_has_T_TelefoneContato (TP_ID, TTCont_ID) VALUES (371,835);
INSERT INTO T_Pescador_has_T_TelefoneContato (TP_ID, TTCont_ID) VALUES (732,836);
INSERT INTO T_Pescador_has_T_TelefoneContato (TP_ID, TTCont_ID) VALUES (1179,837);
INSERT INTO T_Pescador_has_T_TelefoneContato (TP_ID, TTCont_ID) VALUES (785,210);
INSERT INTO T_Pescador_has_T_TelefoneContato (TP_ID, TTCont_ID) VALUES (377,211);
INSERT INTO T_Pescador_has_T_TelefoneContato (TP_ID, TTCont_ID) VALUES (676,838);
INSERT INTO T_Pescador_has_T_TelefoneContato (TP_ID, TTCont_ID) VALUES (2032,839);
INSERT INTO T_Pescador_has_T_TelefoneContato (TP_ID, TTCont_ID) VALUES (2030,840);
INSERT INTO T_Pescador_has_T_TelefoneContato (TP_ID, TTCont_ID) VALUES (723,841);
INSERT INTO T_Pescador_has_T_TelefoneContato (TP_ID, TTCont_ID) VALUES (1411,842);
INSERT INTO T_Pescador_has_T_TelefoneContato (TP_ID, TTCont_ID) VALUES (677,843);
INSERT INTO T_Pescador_has_T_TelefoneContato (TP_ID, TTCont_ID) VALUES (721,844);
INSERT INTO T_Pescador_has_T_TelefoneContato (TP_ID, TTCont_ID) VALUES (667,212);
INSERT INTO T_Pescador_has_T_TelefoneContato (TP_ID, TTCont_ID) VALUES (892,845);
INSERT INTO T_Pescador_has_T_TelefoneContato (TP_ID, TTCont_ID) VALUES (708,846);
INSERT INTO T_Pescador_has_T_TelefoneContato (TP_ID, TTCont_ID) VALUES (505,847);
INSERT INTO T_Pescador_has_T_TelefoneContato (TP_ID, TTCont_ID) VALUES (481,213);
INSERT INTO T_Pescador_has_T_TelefoneContato (TP_ID, TTCont_ID) VALUES (1898,848);
INSERT INTO T_Pescador_has_T_TelefoneContato (TP_ID, TTCont_ID) VALUES (1458,849);
INSERT INTO T_Pescador_has_T_TelefoneContato (TP_ID, TTCont_ID) VALUES (412,850);
INSERT INTO T_Pescador_has_T_TelefoneContato (TP_ID, TTCont_ID) VALUES (1724,214);
INSERT INTO T_Pescador_has_T_TelefoneContato (TP_ID, TTCont_ID) VALUES (1830,851);
INSERT INTO T_Pescador_has_T_TelefoneContato (TP_ID, TTCont_ID) VALUES (1168,852);
INSERT INTO T_Pescador_has_T_TelefoneContato (TP_ID, TTCont_ID) VALUES (1442,215);
INSERT INTO T_Pescador_has_T_TelefoneContato (TP_ID, TTCont_ID) VALUES (1242,216);
INSERT INTO T_Pescador_has_T_TelefoneContato (TP_ID, TTCont_ID) VALUES (1242,853);
INSERT INTO T_Pescador_has_T_TelefoneContato (TP_ID, TTCont_ID) VALUES (1401,854);
INSERT INTO T_Pescador_has_T_TelefoneContato (TP_ID, TTCont_ID) VALUES (1634,855);
INSERT INTO T_Pescador_has_T_TelefoneContato (TP_ID, TTCont_ID) VALUES (720,856);
INSERT INTO T_Pescador_has_T_TelefoneContato (TP_ID, TTCont_ID) VALUES (1595,217);
INSERT INTO T_Pescador_has_T_TelefoneContato (TP_ID, TTCont_ID) VALUES (1811,218);
INSERT INTO T_Pescador_has_T_TelefoneContato (TP_ID, TTCont_ID) VALUES (1811,857);
INSERT INTO T_Pescador_has_T_TelefoneContato (TP_ID, TTCont_ID) VALUES (455,858);
INSERT INTO T_Pescador_has_T_TelefoneContato (TP_ID, TTCont_ID) VALUES (986,219);
INSERT INTO T_Pescador_has_T_TelefoneContato (TP_ID, TTCont_ID) VALUES (1535,859);
INSERT INTO T_Pescador_has_T_TelefoneContato (TP_ID, TTCont_ID) VALUES (1934,220);
INSERT INTO T_Pescador_has_T_TelefoneContato (TP_ID, TTCont_ID) VALUES (1934,860);
INSERT INTO T_Pescador_has_T_TelefoneContato (TP_ID, TTCont_ID) VALUES (1897,221);
INSERT INTO T_Pescador_has_T_TelefoneContato (TP_ID, TTCont_ID) VALUES (1897,861);
INSERT INTO T_Pescador_has_T_TelefoneContato (TP_ID, TTCont_ID) VALUES (939,862);
INSERT INTO T_Pescador_has_T_TelefoneContato (TP_ID, TTCont_ID) VALUES (1347,863);
INSERT INTO T_Pescador_has_T_TelefoneContato (TP_ID, TTCont_ID) VALUES (578,864);
INSERT INTO T_Pescador_has_T_TelefoneContato (TP_ID, TTCont_ID) VALUES (80,865);
INSERT INTO T_Pescador_has_T_TelefoneContato (TP_ID, TTCont_ID) VALUES (1319,866);
INSERT INTO T_Pescador_has_T_TelefoneContato (TP_ID, TTCont_ID) VALUES (618,222);
INSERT INTO T_Pescador_has_T_TelefoneContato (TP_ID, TTCont_ID) VALUES (618,867);
INSERT INTO T_Pescador_has_T_TelefoneContato (TP_ID, TTCont_ID) VALUES (1796,868);
INSERT INTO T_Pescador_has_T_TelefoneContato (TP_ID, TTCont_ID) VALUES (650,869);
INSERT INTO T_Pescador_has_T_TelefoneContato (TP_ID, TTCont_ID) VALUES (1539,870);
INSERT INTO T_Pescador_has_T_TelefoneContato (TP_ID, TTCont_ID) VALUES (1497,871);
INSERT INTO T_Pescador_has_T_TelefoneContato (TP_ID, TTCont_ID) VALUES (1453,223);
INSERT INTO T_Pescador_has_T_TelefoneContato (TP_ID, TTCont_ID) VALUES (1453,872);
INSERT INTO T_Pescador_has_T_TelefoneContato (TP_ID, TTCont_ID) VALUES (1752,873);
INSERT INTO T_Pescador_has_T_TelefoneContato (TP_ID, TTCont_ID) VALUES (1445,874);
INSERT INTO T_Pescador_has_T_TelefoneContato (TP_ID, TTCont_ID) VALUES (93,875);
INSERT INTO T_Pescador_has_T_TelefoneContato (TP_ID, TTCont_ID) VALUES (685,876);
INSERT INTO T_Pescador_has_T_TelefoneContato (TP_ID, TTCont_ID) VALUES (989,224);
INSERT INTO T_Pescador_has_T_TelefoneContato (TP_ID, TTCont_ID) VALUES (385,225);
INSERT INTO T_Pescador_has_T_TelefoneContato (TP_ID, TTCont_ID) VALUES (1896,877);
INSERT INTO T_Pescador_has_T_TelefoneContato (TP_ID, TTCont_ID) VALUES (634,878);
INSERT INTO T_Pescador_has_T_TelefoneContato (TP_ID, TTCont_ID) VALUES (988,879);
INSERT INTO T_Pescador_has_T_TelefoneContato (TP_ID, TTCont_ID) VALUES (879,880);
INSERT INTO T_Pescador_has_T_TelefoneContato (TP_ID, TTCont_ID) VALUES (2034,881);
INSERT INTO T_Pescador_has_T_TelefoneContato (TP_ID, TTCont_ID) VALUES (1656,882);
INSERT INTO T_Pescador_has_T_TelefoneContato (TP_ID, TTCont_ID) VALUES (214,883);
INSERT INTO T_Pescador_has_T_TelefoneContato (TP_ID, TTCont_ID) VALUES (1935,884);
INSERT INTO T_Pescador_has_T_TelefoneContato (TP_ID, TTCont_ID) VALUES (1554,885);
INSERT INTO T_Pescador_has_T_TelefoneContato (TP_ID, TTCont_ID) VALUES (1420,226);
INSERT INTO T_Pescador_has_T_TelefoneContato (TP_ID, TTCont_ID) VALUES (1343,886);
INSERT INTO T_Pescador_has_T_TelefoneContato (TP_ID, TTCont_ID) VALUES (1289,227);
INSERT INTO T_Pescador_has_T_TelefoneContato (TP_ID, TTCont_ID) VALUES (1289,887);
INSERT INTO T_Pescador_has_T_TelefoneContato (TP_ID, TTCont_ID) VALUES (750,888);
INSERT INTO T_Pescador_has_T_TelefoneContato (TP_ID, TTCont_ID) VALUES (1336,228);
INSERT INTO T_Pescador_has_T_TelefoneContato (TP_ID, TTCont_ID) VALUES (1635,889);
INSERT INTO T_Pescador_has_T_TelefoneContato (TP_ID, TTCont_ID) VALUES (828,890);
INSERT INTO T_Pescador_has_T_TelefoneContato (TP_ID, TTCont_ID) VALUES (814,891);
INSERT INTO T_Pescador_has_T_TelefoneContato (TP_ID, TTCont_ID) VALUES (384,892);
INSERT INTO T_Pescador_has_T_TelefoneContato (TP_ID, TTCont_ID) VALUES (1824,229);
INSERT INTO T_Pescador_has_T_TelefoneContato (TP_ID, TTCont_ID) VALUES (1824,893);
INSERT INTO T_Pescador_has_T_TelefoneContato (TP_ID, TTCont_ID) VALUES (704,894);
INSERT INTO T_Pescador_has_T_TelefoneContato (TP_ID, TTCont_ID) VALUES (496,895);
INSERT INTO T_Pescador_has_T_TelefoneContato (TP_ID, TTCont_ID) VALUES (1969,896);
INSERT INTO T_Pescador_has_T_TelefoneContato (TP_ID, TTCont_ID) VALUES (1256,897);
INSERT INTO T_Pescador_has_T_TelefoneContato (TP_ID, TTCont_ID) VALUES (2008,230);
INSERT INTO T_Pescador_has_T_TelefoneContato (TP_ID, TTCont_ID) VALUES (2008,898);
INSERT INTO T_Pescador_has_T_TelefoneContato (TP_ID, TTCont_ID) VALUES (809,899);
INSERT INTO T_Pescador_has_T_TelefoneContato (TP_ID, TTCont_ID) VALUES (1030,900);
INSERT INTO T_Pescador_has_T_TelefoneContato (TP_ID, TTCont_ID) VALUES (567,901);
INSERT INTO T_Pescador_has_T_TelefoneContato (TP_ID, TTCont_ID) VALUES (1944,902);
INSERT INTO T_Pescador_has_T_TelefoneContato (TP_ID, TTCont_ID) VALUES (752,231);
INSERT INTO T_Pescador_has_T_TelefoneContato (TP_ID, TTCont_ID) VALUES (1717,232);
INSERT INTO T_Pescador_has_T_TelefoneContato (TP_ID, TTCont_ID) VALUES (1195,903);
INSERT INTO T_Pescador_has_T_TelefoneContato (TP_ID, TTCont_ID) VALUES (604,233);
INSERT INTO T_Pescador_has_T_TelefoneContato (TP_ID, TTCont_ID) VALUES (604,904);
INSERT INTO T_Pescador_has_T_TelefoneContato (TP_ID, TTCont_ID) VALUES (1702,234);
INSERT INTO T_Pescador_has_T_TelefoneContato (TP_ID, TTCont_ID) VALUES (83,235);
INSERT INTO T_Pescador_has_T_TelefoneContato (TP_ID, TTCont_ID) VALUES (83,905);
INSERT INTO T_Pescador_has_T_TelefoneContato (TP_ID, TTCont_ID) VALUES (476,236);
INSERT INTO T_Pescador_has_T_TelefoneContato (TP_ID, TTCont_ID) VALUES (949,237);
INSERT INTO T_Pescador_has_T_TelefoneContato (TP_ID, TTCont_ID) VALUES (1142,906);
INSERT INTO T_Pescador_has_T_TelefoneContato (TP_ID, TTCont_ID) VALUES (450,907);
INSERT INTO T_Pescador_has_T_TelefoneContato (TP_ID, TTCont_ID) VALUES (603,238);
INSERT INTO T_Pescador_has_T_TelefoneContato (TP_ID, TTCont_ID) VALUES (2044,908);
INSERT INTO T_Pescador_has_T_TelefoneContato (TP_ID, TTCont_ID) VALUES (405,909);
INSERT INTO T_Pescador_has_T_TelefoneContato (TP_ID, TTCont_ID) VALUES (119,910);
INSERT INTO T_Pescador_has_T_TelefoneContato (TP_ID, TTCont_ID) VALUES (1751,911);
INSERT INTO T_Pescador_has_T_TelefoneContato (TP_ID, TTCont_ID) VALUES (770,239);
INSERT INTO T_Pescador_has_T_TelefoneContato (TP_ID, TTCont_ID) VALUES (688,240);
INSERT INTO T_Pescador_has_T_TelefoneContato (TP_ID, TTCont_ID) VALUES (1760,912);
INSERT INTO T_Pescador_has_T_TelefoneContato (TP_ID, TTCont_ID) VALUES (942,241);
INSERT INTO T_Pescador_has_T_TelefoneContato (TP_ID, TTCont_ID) VALUES (942,913);
INSERT INTO T_Pescador_has_T_TelefoneContato (TP_ID, TTCont_ID) VALUES (1198,914);
INSERT INTO T_Pescador_has_T_TelefoneContato (TP_ID, TTCont_ID) VALUES (1810,915);
INSERT INTO T_Pescador_has_T_TelefoneContato (TP_ID, TTCont_ID) VALUES (1638,916);
INSERT INTO T_Pescador_has_T_TelefoneContato (TP_ID, TTCont_ID) VALUES (973,242);
INSERT INTO T_Pescador_has_T_TelefoneContato (TP_ID, TTCont_ID) VALUES (1320,917);
INSERT INTO T_Pescador_has_T_TelefoneContato (TP_ID, TTCont_ID) VALUES (1279,918);
INSERT INTO T_Pescador_has_T_TelefoneContato (TP_ID, TTCont_ID) VALUES (1327,919);
INSERT INTO T_Pescador_has_T_TelefoneContato (TP_ID, TTCont_ID) VALUES (1277,920);
INSERT INTO T_Pescador_has_T_TelefoneContato (TP_ID, TTCont_ID) VALUES (515,921);
INSERT INTO T_Pescador_has_T_TelefoneContato (TP_ID, TTCont_ID) VALUES (1176,922);
INSERT INTO T_Pescador_has_T_TelefoneContato (TP_ID, TTCont_ID) VALUES (910,243);
INSERT INTO T_Pescador_has_T_TelefoneContato (TP_ID, TTCont_ID) VALUES (910,923);
INSERT INTO T_Pescador_has_T_TelefoneContato (TP_ID, TTCont_ID) VALUES (1932,244);
INSERT INTO T_Pescador_has_T_TelefoneContato (TP_ID, TTCont_ID) VALUES (1932,924);
INSERT INTO T_Pescador_has_T_TelefoneContato (TP_ID, TTCont_ID) VALUES (849,245);
INSERT INTO T_Pescador_has_T_TelefoneContato (TP_ID, TTCont_ID) VALUES (849,925);
INSERT INTO T_Pescador_has_T_TelefoneContato (TP_ID, TTCont_ID) VALUES (615,926);
INSERT INTO T_Pescador_has_T_TelefoneContato (TP_ID, TTCont_ID) VALUES (1476,927);
INSERT INTO T_Pescador_has_T_TelefoneContato (TP_ID, TTCont_ID) VALUES (493,246);
INSERT INTO T_Pescador_has_T_TelefoneContato (TP_ID, TTCont_ID) VALUES (495,928);
INSERT INTO T_Pescador_has_T_TelefoneContato (TP_ID, TTCont_ID) VALUES (612,929);
INSERT INTO T_Pescador_has_T_TelefoneContato (TP_ID, TTCont_ID) VALUES (1254,930);
INSERT INTO T_Pescador_has_T_TelefoneContato (TP_ID, TTCont_ID) VALUES (1432,931);
INSERT INTO T_Pescador_has_T_TelefoneContato (TP_ID, TTCont_ID) VALUES (1083,932);
INSERT INTO T_Pescador_has_T_TelefoneContato (TP_ID, TTCont_ID) VALUES (1742,933);
INSERT INTO T_Pescador_has_T_TelefoneContato (TP_ID, TTCont_ID) VALUES (1065,934);
INSERT INTO T_Pescador_has_T_TelefoneContato (TP_ID, TTCont_ID) VALUES (871,935);
INSERT INTO T_Pescador_has_T_TelefoneContato (TP_ID, TTCont_ID) VALUES (1033,247);
INSERT INTO T_Pescador_has_T_TelefoneContato (TP_ID, TTCont_ID) VALUES (1559,936);
INSERT INTO T_Pescador_has_T_TelefoneContato (TP_ID, TTCont_ID) VALUES (1356,937);
INSERT INTO T_Pescador_has_T_TelefoneContato (TP_ID, TTCont_ID) VALUES (694,248);
INSERT INTO T_Pescador_has_T_TelefoneContato (TP_ID, TTCont_ID) VALUES (636,938);
INSERT INTO T_Pescador_has_T_TelefoneContato (TP_ID, TTCont_ID) VALUES (201,939);
INSERT INTO T_Pescador_has_T_TelefoneContato (TP_ID, TTCont_ID) VALUES (1852,940);
INSERT INTO T_Pescador_has_T_TelefoneContato (TP_ID, TTCont_ID) VALUES (520,941);
INSERT INTO T_Pescador_has_T_TelefoneContato (TP_ID, TTCont_ID) VALUES (1745,942);
INSERT INTO T_Pescador_has_T_TelefoneContato (TP_ID, TTCont_ID) VALUES (1639,943);
INSERT INTO T_Pescador_has_T_TelefoneContato (TP_ID, TTCont_ID) VALUES (1918,944);
INSERT INTO T_Pescador_has_T_TelefoneContato (TP_ID, TTCont_ID) VALUES (693,945);
INSERT INTO T_Pescador_has_T_TelefoneContato (TP_ID, TTCont_ID) VALUES (1798,946);
INSERT INTO T_Pescador_has_T_TelefoneContato (TP_ID, TTCont_ID) VALUES (1706,947);
INSERT INTO T_Pescador_has_T_TelefoneContato (TP_ID, TTCont_ID) VALUES (1543,249);
INSERT INTO T_Pescador_has_T_TelefoneContato (TP_ID, TTCont_ID) VALUES (743,948);
INSERT INTO T_Pescador_has_T_TelefoneContato (TP_ID, TTCont_ID) VALUES (701,949);
INSERT INTO T_Pescador_has_T_TelefoneContato (TP_ID, TTCont_ID) VALUES (668,250);
INSERT INTO T_Pescador_has_T_TelefoneContato (TP_ID, TTCont_ID) VALUES (668,950);
INSERT INTO T_Pescador_has_T_TelefoneContato (TP_ID, TTCont_ID) VALUES (745,251);
INSERT INTO T_Pescador_has_T_TelefoneContato (TP_ID, TTCont_ID) VALUES (1640,252);
INSERT INTO T_Pescador_has_T_TelefoneContato (TP_ID, TTCont_ID) VALUES (1775,951);
INSERT INTO T_Pescador_has_T_TelefoneContato (TP_ID, TTCont_ID) VALUES (1041,253);
INSERT INTO T_Pescador_has_T_TelefoneContato (TP_ID, TTCont_ID) VALUES (728,952);
INSERT INTO T_Pescador_has_T_TelefoneContato (TP_ID, TTCont_ID) VALUES (328,953);
INSERT INTO T_Pescador_has_T_TelefoneContato (TP_ID, TTCont_ID) VALUES (870,254);
INSERT INTO T_Pescador_has_T_TelefoneContato (TP_ID, TTCont_ID) VALUES (870,954);
INSERT INTO T_Pescador_has_T_TelefoneContato (TP_ID, TTCont_ID) VALUES (1723,255);
INSERT INTO T_Pescador_has_T_TelefoneContato (TP_ID, TTCont_ID) VALUES (1080,955);
INSERT INTO T_Pescador_has_T_TelefoneContato (TP_ID, TTCont_ID) VALUES (800,956);
INSERT INTO T_Pescador_has_T_TelefoneContato (TP_ID, TTCont_ID) VALUES (1365,256);
INSERT INTO T_Pescador_has_T_TelefoneContato (TP_ID, TTCont_ID) VALUES (1049,957);
INSERT INTO T_Pescador_has_T_TelefoneContato (TP_ID, TTCont_ID) VALUES (1545,958);
INSERT INTO T_Pescador_has_T_TelefoneContato (TP_ID, TTCont_ID) VALUES (1860,959);
INSERT INTO T_Pescador_has_T_TelefoneContato (TP_ID, TTCont_ID) VALUES (1473,960);
INSERT INTO T_Pescador_has_T_TelefoneContato (TP_ID, TTCont_ID) VALUES (1694,961);
INSERT INTO T_Pescador_has_T_TelefoneContato (TP_ID, TTCont_ID) VALUES (1962,962);
INSERT INTO T_Pescador_has_T_TelefoneContato (TP_ID, TTCont_ID) VALUES (1544,963);
INSERT INTO T_Pescador_has_T_TelefoneContato (TP_ID, TTCont_ID) VALUES (940,964);
INSERT INTO T_Pescador_has_T_TelefoneContato (TP_ID, TTCont_ID) VALUES (1716,257);
INSERT INTO T_Pescador_has_T_TelefoneContato (TP_ID, TTCont_ID) VALUES (1716,965);
INSERT INTO T_Pescador_has_T_TelefoneContato (TP_ID, TTCont_ID) VALUES (1143,966);
INSERT INTO T_Pescador_has_T_TelefoneContato (TP_ID, TTCont_ID) VALUES (1788,967);
INSERT INTO T_Pescador_has_T_TelefoneContato (TP_ID, TTCont_ID) VALUES (1249,968);
INSERT INTO T_Pescador_has_T_TelefoneContato (TP_ID, TTCont_ID) VALUES (1255,969);
INSERT INTO T_Pescador_has_T_TelefoneContato (TP_ID, TTCont_ID) VALUES (1786,970);
INSERT INTO T_Pescador_has_T_TelefoneContato (TP_ID, TTCont_ID) VALUES (1316,971);
INSERT INTO T_Pescador_has_T_TelefoneContato (TP_ID, TTCont_ID) VALUES (101,972);
INSERT INTO T_Pescador_has_T_TelefoneContato (TP_ID, TTCont_ID) VALUES (751,258);
INSERT INTO T_Pescador_has_T_TelefoneContato (TP_ID, TTCont_ID) VALUES (886,973);
INSERT INTO T_Pescador_has_T_TelefoneContato (TP_ID, TTCont_ID) VALUES (1066,259);
INSERT INTO T_Pescador_has_T_TelefoneContato (TP_ID, TTCont_ID) VALUES (437,974);
INSERT INTO T_Pescador_has_T_TelefoneContato (TP_ID, TTCont_ID) VALUES (1806,975);
INSERT INTO T_Pescador_has_T_TelefoneContato (TP_ID, TTCont_ID) VALUES (975,976);
INSERT INTO T_Pescador_has_T_TelefoneContato (TP_ID, TTCont_ID) VALUES (1275,260);
INSERT INTO T_Pescador_has_T_TelefoneContato (TP_ID, TTCont_ID) VALUES (1741,977);
INSERT INTO T_Pescador_has_T_TelefoneContato (TP_ID, TTCont_ID) VALUES (754,261);
INSERT INTO T_Pescador_has_T_TelefoneContato (TP_ID, TTCont_ID) VALUES (2012,978);
INSERT INTO T_Pescador_has_T_TelefoneContato (TP_ID, TTCont_ID) VALUES (1321,979);
INSERT INTO T_Pescador_has_T_TelefoneContato (TP_ID, TTCont_ID) VALUES (749,262);
INSERT INTO T_Pescador_has_T_TelefoneContato (TP_ID, TTCont_ID) VALUES (490,980);
INSERT INTO T_Pescador_has_T_TelefoneContato (TP_ID, TTCont_ID) VALUES (1422,263);
INSERT INTO T_Pescador_has_T_TelefoneContato (TP_ID, TTCont_ID) VALUES (1422,981);
INSERT INTO T_Pescador_has_T_TelefoneContato (TP_ID, TTCont_ID) VALUES (1345,982);
INSERT INTO T_Pescador_has_T_TelefoneContato (TP_ID, TTCont_ID) VALUES (1562,983);
INSERT INTO T_Pescador_has_T_TelefoneContato (TP_ID, TTCont_ID) VALUES (439,264);
INSERT INTO T_Pescador_has_T_TelefoneContato (TP_ID, TTCont_ID) VALUES (1468,984);
INSERT INTO T_Pescador_has_T_TelefoneContato (TP_ID, TTCont_ID) VALUES (1825,985);
INSERT INTO T_Pescador_has_T_TelefoneContato (TP_ID, TTCont_ID) VALUES (1902,986);
INSERT INTO T_Pescador_has_T_TelefoneContato (TP_ID, TTCont_ID) VALUES (608,987);
INSERT INTO T_Pescador_has_T_TelefoneContato (TP_ID, TTCont_ID) VALUES (854,988);
INSERT INTO T_Pescador_has_T_TelefoneContato (TP_ID, TTCont_ID) VALUES (1339,989);
INSERT INTO T_Pescador_has_T_TelefoneContato (TP_ID, TTCont_ID) VALUES (116,990);
INSERT INTO T_Pescador_has_T_TelefoneContato (TP_ID, TTCont_ID) VALUES (1899,991);
INSERT INTO T_Pescador_has_T_TelefoneContato (TP_ID, TTCont_ID) VALUES (873,265);
INSERT INTO T_Pescador_has_T_TelefoneContato (TP_ID, TTCont_ID) VALUES (826,266);
INSERT INTO T_Pescador_has_T_TelefoneContato (TP_ID, TTCont_ID) VALUES (826,992);
INSERT INTO T_Pescador_has_T_TelefoneContato (TP_ID, TTCont_ID) VALUES (1563,267);
INSERT INTO T_Pescador_has_T_TelefoneContato (TP_ID, TTCont_ID) VALUES (1931,993);
INSERT INTO T_Pescador_has_T_TelefoneContato (TP_ID, TTCont_ID) VALUES (715,994);
INSERT INTO T_Pescador_has_T_TelefoneContato (TP_ID, TTCont_ID) VALUES (1642,995);
INSERT INTO T_Pescador_has_T_TelefoneContato (TP_ID, TTCont_ID) VALUES (2043,996);
INSERT INTO T_Pescador_has_T_TelefoneContato (TP_ID, TTCont_ID) VALUES (1268,997);
INSERT INTO T_Pescador_has_T_TelefoneContato (TP_ID, TTCont_ID) VALUES (338,998);
INSERT INTO T_Pescador_has_T_TelefoneContato (TP_ID, TTCont_ID) VALUES (203,999);
INSERT INTO T_Pescador_has_T_TelefoneContato (TP_ID, TTCont_ID) VALUES (204,1000);
INSERT INTO T_Pescador_has_T_TelefoneContato (TP_ID, TTCont_ID) VALUES (690,268);
INSERT INTO T_Pescador_has_T_TelefoneContato (TP_ID, TTCont_ID) VALUES (1460,1001);
INSERT INTO T_Pescador_has_T_TelefoneContato (TP_ID, TTCont_ID) VALUES (1251,1002);
INSERT INTO T_Pescador_has_T_TelefoneContato (TP_ID, TTCont_ID) VALUES (1146,269);
INSERT INTO T_Pescador_has_T_TelefoneContato (TP_ID, TTCont_ID) VALUES (1146,1003);
INSERT INTO T_Pescador_has_T_TelefoneContato (TP_ID, TTCont_ID) VALUES (1901,1004);
INSERT INTO T_Pescador_has_T_TelefoneContato (TP_ID, TTCont_ID) VALUES (1170,1005);
INSERT INTO T_Pescador_has_T_TelefoneContato (TP_ID, TTCont_ID) VALUES (1739,1006);
INSERT INTO T_Pescador_has_T_TelefoneContato (TP_ID, TTCont_ID) VALUES (370,1007);
INSERT INTO T_Pescador_has_T_TelefoneContato (TP_ID, TTCont_ID) VALUES (733,1008);
INSERT INTO T_Pescador_has_T_TelefoneContato (TP_ID, TTCont_ID) VALUES (1708,1009);
INSERT INTO T_Pescador_has_T_TelefoneContato (TP_ID, TTCont_ID) VALUES (775,270);
INSERT INTO T_Pescador_has_T_TelefoneContato (TP_ID, TTCont_ID) VALUES (483,271);
INSERT INTO T_Pescador_has_T_TelefoneContato (TP_ID, TTCont_ID) VALUES (1900,1010);
INSERT INTO T_Pescador_has_T_TelefoneContato (TP_ID, TTCont_ID) VALUES (1709,1011);
INSERT INTO T_Pescador_has_T_TelefoneContato (TP_ID, TTCont_ID) VALUES (1360,1012);
INSERT INTO T_Pescador_has_T_TelefoneContato (TP_ID, TTCont_ID) VALUES (662,1013);
INSERT INTO T_Pescador_has_T_TelefoneContato (TP_ID, TTCont_ID) VALUES (488,272);
INSERT INTO T_Pescador_has_T_TelefoneContato (TP_ID, TTCont_ID) VALUES (1643,1014);
INSERT INTO T_Pescador_has_T_TelefoneContato (TP_ID, TTCont_ID) VALUES (1250,1015);
INSERT INTO T_Pescador_has_T_TelefoneContato (TP_ID, TTCont_ID) VALUES (1696,273);
INSERT INTO T_Pescador_has_T_TelefoneContato (TP_ID, TTCont_ID) VALUES (1144,1016);
INSERT INTO T_Pescador_has_T_TelefoneContato (TP_ID, TTCont_ID) VALUES (1241,1017);
INSERT INTO T_Pescador_has_T_TelefoneContato (TP_ID, TTCont_ID) VALUES (379,1018);
INSERT INTO T_Pescador_has_T_TelefoneContato (TP_ID, TTCont_ID) VALUES (730,274);
INSERT INTO T_Pescador_has_T_TelefoneContato (TP_ID, TTCont_ID) VALUES (1084,275);
INSERT INTO T_Pescador_has_T_TelefoneContato (TP_ID, TTCont_ID) VALUES (1084,1019);
INSERT INTO T_Pescador_has_T_TelefoneContato (TP_ID, TTCont_ID) VALUES (1703,276);
INSERT INTO T_Pescador_has_T_TelefoneContato (TP_ID, TTCont_ID) VALUES (995,277);
INSERT INTO T_Pescador_has_T_TelefoneContato (TP_ID, TTCont_ID) VALUES (1971,278);
INSERT INTO T_Pescador_has_T_TelefoneContato (TP_ID, TTCont_ID) VALUES (1971,1020);
INSERT INTO T_Pescador_has_T_TelefoneContato (TP_ID, TTCont_ID) VALUES (1954,1021);
INSERT INTO T_Pescador_has_T_TelefoneContato (TP_ID, TTCont_ID) VALUES (1292,1022);
INSERT INTO T_Pescador_has_T_TelefoneContato (TP_ID, TTCont_ID) VALUES (1153,1023);
INSERT INTO T_Pescador_has_T_TelefoneContato (TP_ID, TTCont_ID) VALUES (1767,1024);
INSERT INTO T_Pescador_has_T_TelefoneContato (TP_ID, TTCont_ID) VALUES (1799,279);
INSERT INTO T_Pescador_has_T_TelefoneContato (TP_ID, TTCont_ID) VALUES (485,1025);
INSERT INTO T_Pescador_has_T_TelefoneContato (TP_ID, TTCont_ID) VALUES (537,1026);
INSERT INTO T_Pescador_has_T_TelefoneContato (TP_ID, TTCont_ID) VALUES (1191,1027);
INSERT INTO T_Pescador_has_T_TelefoneContato (TP_ID, TTCont_ID) VALUES (776,280);
INSERT INTO T_Pescador_has_T_TelefoneContato (TP_ID, TTCont_ID) VALUES (1963,1028);
INSERT INTO T_Pescador_has_T_TelefoneContato (TP_ID, TTCont_ID) VALUES (1075,1029);
INSERT INTO T_Pescador_has_T_TelefoneContato (TP_ID, TTCont_ID) VALUES (1547,1030);
INSERT INTO T_Pescador_has_T_TelefoneContato (TP_ID, TTCont_ID) VALUES (467,281);
INSERT INTO T_Pescador_has_T_TelefoneContato (TP_ID, TTCont_ID) VALUES (748,282);
INSERT INTO T_Pescador_has_T_TelefoneContato (TP_ID, TTCont_ID) VALUES (1789,283);
INSERT INTO T_Pescador_has_T_TelefoneContato (TP_ID, TTCont_ID) VALUES (1789,1031);
INSERT INTO T_Pescador_has_T_TelefoneContato (TP_ID, TTCont_ID) VALUES (671,284);
INSERT INTO T_Pescador_has_T_TelefoneContato (TP_ID, TTCont_ID) VALUES (1966,285);
INSERT INTO T_Pescador_has_T_TelefoneContato (TP_ID, TTCont_ID) VALUES (484,286);
INSERT INTO T_Pescador_has_T_TelefoneContato (TP_ID, TTCont_ID) VALUES (746,1032);
INSERT INTO T_Pescador_has_T_TelefoneContato (TP_ID, TTCont_ID) VALUES (593,287);
INSERT INTO T_Pescador_has_T_TelefoneContato (TP_ID, TTCont_ID) VALUES (762,288);
INSERT INTO T_Pescador_has_T_TelefoneContato (TP_ID, TTCont_ID) VALUES (1167,1033);
INSERT INTO T_Pescador_has_T_TelefoneContato (TP_ID, TTCont_ID) VALUES (960,289);
INSERT INTO T_Pescador_has_T_TelefoneContato (TP_ID, TTCont_ID) VALUES (1067,290);
INSERT INTO T_Pescador_has_T_TelefoneContato (TP_ID, TTCont_ID) VALUES (987,1034);
INSERT INTO T_Pescador_has_T_TelefoneContato (TP_ID, TTCont_ID) VALUES (1034,291);
INSERT INTO T_Pescador_has_T_TelefoneContato (TP_ID, TTCont_ID) VALUES (602,1035);
INSERT INTO T_Pescador_has_T_TelefoneContato (TP_ID, TTCont_ID) VALUES (1925,1036);
INSERT INTO T_Pescador_has_T_TelefoneContato (TP_ID, TTCont_ID) VALUES (1385,1037);
INSERT INTO T_Pescador_has_T_TelefoneContato (TP_ID, TTCont_ID) VALUES (1150,292);
INSERT INTO T_Pescador_has_T_TelefoneContato (TP_ID, TTCont_ID) VALUES (1930,1038);
INSERT INTO T_Pescador_has_T_TelefoneContato (TP_ID, TTCont_ID) VALUES (1945,1039);
INSERT INTO T_Pescador_has_T_TelefoneContato (TP_ID, TTCont_ID) VALUES (1175,1040);
INSERT INTO T_Pescador_has_T_TelefoneContato (TP_ID, TTCont_ID) VALUES (1804,1041);
INSERT INTO T_Pescador_has_T_TelefoneContato (TP_ID, TTCont_ID) VALUES (1516,1042);
INSERT INTO T_Pescador_has_T_TelefoneContato (TP_ID, TTCont_ID) VALUES (980,293);
INSERT INTO T_Pescador_has_T_TelefoneContato (TP_ID, TTCont_ID) VALUES (1807,1043);
INSERT INTO T_Pescador_has_T_TelefoneContato (TP_ID, TTCont_ID) VALUES (990,294);
INSERT INTO T_Pescador_has_T_TelefoneContato (TP_ID, TTCont_ID) VALUES (381,295);
INSERT INTO T_Pescador_has_T_TelefoneContato (TP_ID, TTCont_ID) VALUES (1291,296);
INSERT INTO T_Pescador_has_T_TelefoneContato (TP_ID, TTCont_ID) VALUES (978,297);
INSERT INTO T_Pescador_has_T_TelefoneContato (TP_ID, TTCont_ID) VALUES (1160,1044);
INSERT INTO T_Pescador_has_T_TelefoneContato (TP_ID, TTCont_ID) VALUES (655,1045);
INSERT INTO T_Pescador_has_T_TelefoneContato (TP_ID, TTCont_ID) VALUES (1507,298);
INSERT INTO T_Pescador_has_T_TelefoneContato (TP_ID, TTCont_ID) VALUES (1507,1046);
INSERT INTO T_Pescador_has_T_TelefoneContato (TP_ID, TTCont_ID) VALUES (772,1047);
INSERT INTO T_Pescador_has_T_TelefoneContato (TP_ID, TTCont_ID) VALUES (1803,299);
INSERT INTO T_Pescador_has_T_TelefoneContato (TP_ID, TTCont_ID) VALUES (797,1048);
INSERT INTO T_Pescador_has_T_TelefoneContato (TP_ID, TTCont_ID) VALUES (2029,1049);
INSERT INTO T_Pescador_has_T_TelefoneContato (TP_ID, TTCont_ID) VALUES (613,300);
INSERT INTO T_Pescador_has_T_TelefoneContato (TP_ID, TTCont_ID) VALUES (713,1050);
INSERT INTO T_Pescador_has_T_TelefoneContato (TP_ID, TTCont_ID) VALUES (881,1051);
INSERT INTO T_Pescador_has_T_TelefoneContato (TP_ID, TTCont_ID) VALUES (1829,301);
INSERT INTO T_Pescador_has_T_TelefoneContato (TP_ID, TTCont_ID) VALUES (25,1052);
INSERT INTO T_Pescador_has_T_TelefoneContato (TP_ID, TTCont_ID) VALUES (1164,1053);
INSERT INTO T_Pescador_has_T_TelefoneContato (TP_ID, TTCont_ID) VALUES (1276,302);
INSERT INTO T_Pescador_has_T_TelefoneContato (TP_ID, TTCont_ID) VALUES (1922,303);
INSERT INTO T_Pescador_has_T_TelefoneContato (TP_ID, TTCont_ID) VALUES (1922,1054);
INSERT INTO T_Pescador_has_T_TelefoneContato (TP_ID, TTCont_ID) VALUES (755,304);
INSERT INTO T_Pescador_has_T_TelefoneContato (TP_ID, TTCont_ID) VALUES (1267,1055);
INSERT INTO T_Pescador_has_T_TelefoneContato (TP_ID, TTCont_ID) VALUES (1439,305);
INSERT INTO T_Pescador_has_T_TelefoneContato (TP_ID, TTCont_ID) VALUES (1439,1056);
INSERT INTO T_Pescador_has_T_TelefoneContato (TP_ID, TTCont_ID) VALUES (1421,306);
INSERT INTO T_Pescador_has_T_TelefoneContato (TP_ID, TTCont_ID) VALUES (1421,1057);
INSERT INTO T_Pescador_has_T_TelefoneContato (TP_ID, TTCont_ID) VALUES (1479,1058);
INSERT INTO T_Pescador_has_T_TelefoneContato (TP_ID, TTCont_ID) VALUES (827,307);
INSERT INTO T_Pescador_has_T_TelefoneContato (TP_ID, TTCont_ID) VALUES (109,308);
INSERT INTO T_Pescador_has_T_TelefoneContato (TP_ID, TTCont_ID) VALUES (109,1059);
INSERT INTO T_Pescador_has_T_TelefoneContato (TP_ID, TTCont_ID) VALUES (951,1060);
INSERT INTO T_Pescador_has_T_TelefoneContato (TP_ID, TTCont_ID) VALUES (793,1061);
INSERT INTO T_Pescador_has_T_TelefoneContato (TP_ID, TTCont_ID) VALUES (1861,1062);
INSERT INTO T_Pescador_has_T_TelefoneContato (TP_ID, TTCont_ID) VALUES (416,1063);
INSERT INTO T_Pescador_has_T_TelefoneContato (TP_ID, TTCont_ID) VALUES (1850,1064);

--- Tem que ser no final do arquivo
SELECT pg_catalog.setval('t_ordem_ord_id_seq', 30, true);
SELECT pg_catalog.setval('t_familia_fam_id_seq', 130, true);
SELECT pg_catalog.setval('t_genero_gen_id_seq', 162, true);
SELECT pg_catalog.setval('T_PorteEmbarcacao_tpe_id_seq', 4, true);
SELECT pg_catalog.setval('t_tipocapturada_itc_id_seq', 8, true);
SELECT pg_catalog.setval('t_login_tl_id_seq', 8, true);
SELECT pg_catalog.setval('t_usuario_tu_id_seq', 8, true);
SELECT pg_catalog.setval('t_pescador_tp_id_seq', 2056, true);
SELECT pg_catalog.setval('t_endereco_te_id_seq', 1269, true);
SELECT pg_catalog.setval('t_comunidade_tcom_id_seq', 21, true);
>>>>>>> 9576720cad8764134e8a6c2f1755ec8c14773a38
